;;Sexo Trabalhador;Escolaridade após 2005
Capital; Faixa Remun Média (SM); 01:Masculino;01:Masculino;01:Masculino;01:Masculino;01:Masculino;01:Masculino;01:Masculino;01:Masculino;01:Masculino;01:Masculino;01:Masculino;01:Masculino;02:Feminino;02:Feminino;02:Feminino;02:Feminino;02:Feminino;02:Feminino;02:Feminino;02:Feminino;02:Feminino;02:Feminino;02:Feminino;02:Feminino;09:Ignorado;09:Ignorado;Total;Total;Total;Total;Total;Total;Total;Total;Total;Total;Total;Total;Total
;01:Analfabeto;02:Até 5ª Incompleto;03:5ª Completo Fundamental;04:6ª a 9ª Fundamental;05:Fundamental Completo;06:Médio Incompleto;07:Médio Completo;08:Superior Incompleto;09:Superior Completo;10:Mestrado;11:Doutorado;Total;01:Analfabeto;02:Até 5ª Incompleto;03:5ª Completo Fundamental;04:6ª a 9ª Fundamental;05:Fundamental Completo;06:Médio Incompleto;07:Médio Completo;08:Superior Incompleto;09:Superior Completo;10:Mestrado;11:Doutorado;Total;99:Ignorado;Total;01:Analfabeto;02:Até 5ª Incompleto;03:5ª Completo Fundamental;04:6ª a 9ª Fundamental;05:Fundamental Completo;06:Médio Incompleto;07:Médio Completo;08:Superior Incompleto;09:Superior Completo;10:Mestrado;11:Doutorado;99:Ignorado;Total
110020:Porto Velho - RO;Total;276;1.531;1.050;2.578;5.377;4.652;54.299;2.119;18.669;550;233;91.334;133;628;410;1.007;2.967;2.240;44.208;2.305;26.504;518;220;81.140;0;0;409;2.159;1.460;3.585;8.344;6.892;98.507;4.424;45.173;1.068;453;0;172.474
;00:Até 0,50;2;8;5;42;20;181;289;10;33;0;0;590;2;3;8;19;31;178;285;17;38;0;0;581;0;0;4;11;13;61;51;359;574;27;71;0;0;0;1.171
;01:0,51 a 1,00;10;53;67;87;127;341;2.019;83;173;5;1;2.966;13;33;68;57;111;312;2.278;176;360;10;1;3.419;0;0;23;86;135;144;238;653;4.297;259;533;15;2;0;6.385
;02:1,01 a 1,50;106;319;253;732;1.228;1.527;13.597;545;663;19;1;18.990;66;120;117;368;910;883;15.117;802;1.501;10;1;19.895;0;0;172;439;370;1.100;2.138;2.410;28.714;1.347;2.164;29;2;0;38.885
;03:1,51 a 2,00;63;311;230;624;1.136;1.080;11.342;343;868;11;0;16.008;11;62;76;200;488;385;8.193;362;1.738;16;1;11.532;0;0;74;373;306;824;1.624;1.465;19.535;705;2.606;27;1;0;27.540
;04:2,01 a 3,00;31;484;149;421;1.301;581;8.138;354;2.674;29;8;14.170;8;335;58;168;752;114;7.271;357;3.869;26;10;12.968;0;0;39;819;207;589;2.053;695;15.409;711;6.543;55;18;0;27.138
;05:3,01 a 4,00;12;65;63;124;437;196;3.939;223;3.369;34;7;8.469;2;5;8;19;167;26;2.398;162;4.425;33;2;7.247;0;0;14;70;71;143;604;222;6.337;385;7.794;67;9;0;15.716
;06:4,01 a 5,00;3;70;19;128;302;86;5.069;121;2.491;30;6;8.325;1;15;3;30;147;33;3.528;96;6.134;36;16;10.039;0;0;4;85;22;158;449;119;8.597;217;8.625;66;22;0;18.364
;07:5,01 a 7,00;1;37;44;42;128;68;3.258;135;2.490;58;8;6.269;1;11;19;6;60;17;1.314;79;3.831;77;11;5.426;0;0;2;48;63;48;188;85;4.572;214;6.321;135;19;0;11.695
;08:7,01 a 10,00;1;9;20;30;70;37;1.225;76;1.754;125;59;3.406;0;2;3;4;14;4;333;34;1.515;132;63;2.104;0;0;1;11;23;34;84;41;1.558;110;3.269;257;122;0;5.510
;09:10,01 a 15,00;2;6;7;9;83;34;654;52;1.907;153;96;3.003;0;2;1;5;42;12;256;19;1.502;130;89;2.058;0;0;2;8;8;14;125;46;910;71;3.409;283;185;0;5.061
;10:15,01 a 20,00;1;7;4;8;26;25;361;15;890;17;17;1.371;1;2;0;5;9;13;126;11;473;11;13;664;0;0;2;9;4;13;35;38;487;26;1.363;28;30;0;2.035
;11:Mais de 20,00;0;4;1;6;34;26;414;37;1.031;44;24;1.621;0;1;1;1;3;5;111;14;500;19;6;661;0;0;0;5;2;7;37;31;525;51;1.531;63;30;0;2.282
;{ñ class};44;158;188;325;485;470;3.994;125;326;25;6;6.146;28;37;48;125;233;258;2.998;176;618;18;7;4.546;0;0;72;195;236;450;718;728;6.992;301;944;43;13;0;10.692
120040:Rio Branco - AC;Total;187;1.187;592;1.345;2.695;1.952;33.055;1.668;14.461;694;222;58.058;50;472;301;749;1.473;950;23.764;1.888;22.438;848;162;53.095;0;0;237;1.659;893;2.094;4.168;2.902;56.819;3.556;36.899;1.542;384;0;111.153
;00:Até 0,50;0;6;4;22;19;141;246;12;26;2;0;478;0;2;3;19;10;153;181;14;19;1;0;402;0;0;0;8;7;41;29;294;427;26;45;3;0;0;880
;01:0,51 a 1,00;25;94;51;66;193;194;3.063;87;135;7;0;3.915;12;38;19;29;145;118;2.759;140;271;3;0;3.534;0;0;37;132;70;95;338;312;5.822;227;406;10;0;0;7.449
;02:1,01 a 1,50;90;447;235;390;997;631;12.402;497;626;7;1;16.323;25;162;179;239;608;366;10.704;790;1.634;9;2;14.718;0;0;115;609;414;629;1.605;997;23.106;1.287;2.260;16;3;0;31.041
;03:1,51 a 2,00;39;228;103;305;545;391;5.532;244;586;8;2;7.983;3;76;21;137;259;91;3.173;299;1.344;7;3;5.413;0;0;42;304;124;442;804;482;8.705;543;1.930;15;5;0;13.396
;04:2,01 a 3,00;5;137;58;242;335;224;3.813;234;2.863;41;9;7.961;1;79;9;173;178;61;2.656;255;6.845;78;7;10.342;0;0;6;216;67;415;513;285;6.469;489;9.708;119;16;0;18.303
;05:3,01 a 4,00;1;39;14;71;84;50;1.393;128;1.815;68;7;3.670;1;25;0;39;60;17;1.514;151;4.014;102;15;5.938;0;0;2;64;14;110;144;67;2.907;279;5.829;170;22;0;9.608
;06:4,01 a 5,00;0;20;4;74;76;28;1.083;141;1.583;51;12;3.072;0;3;0;4;19;9;372;69;2.465;91;14;3.046;0;0;0;23;4;78;95;37;1.455;210;4.048;142;26;0;6.118
;07:5,01 a 7,00;0;15;13;22;42;16;1.116;155;2.906;162;18;4.465;0;2;4;2;10;3;212;41;2.496;202;13;2.985;0;0;0;17;17;24;52;19;1.328;196;5.402;364;31;0;7.450
;08:7,01 a 10,00;0;12;2;7;27;8;416;41;1.620;171;66;2.370;0;0;0;1;2;1;109;10;1.698;203;60;2.084;0;0;0;12;2;8;29;9;525;51;3.318;374;126;0;4.454
;09:10,01 a 15,00;5;16;12;17;28;18;314;32;1.169;86;47;1.744;0;2;2;4;7;6;106;8;843;100;31;1.109;0;0;5;18;14;21;35;24;420;40;2.012;186;78;0;2.853
;10:15,01 a 20,00;1;1;6;6;9;9;135;9;431;34;14;655;0;0;0;0;0;0;35;4;238;14;4;295;0;0;1;1;6;6;9;9;170;13;669;48;18;0;950
;11:Mais de 20,00;0;2;3;7;7;5;109;15;480;45;31;704;0;0;0;0;0;0;31;16;239;30;8;324;0;0;0;2;3;7;7;5;140;31;719;75;39;0;1.028
;{ñ class};21;170;87;116;333;237;3.433;73;221;12;15;4.718;8;83;64;102;175;125;1.912;91;332;8;5;2.905;0;0;29;253;151;218;508;362;5.345;164;553;20;20;0;7.623
130260:Manaus - AM;Total;523;3.622;2.431;7.921;17.879;13.293;219.519;11.124;53.156;1.737;5.742;336.947;221;1.430;1.057;3.050;7.563;6.225;137.521;9.257;73.660;1.399;4.426;245.809;1;1;744;5.052;3.488;10.971;25.442;19.518;357.040;20.381;126.816;3.136;10.168;1;582.757
;00:Até 0,50;1;20;26;149;145;1.084;2.264;96;138;13;9;3.945;2;15;11;75;100;844;1.873;95;179;20;14;3.228;0;0;3;35;37;224;245;1.928;4.137;191;317;33;23;0;7.173
;01:0,51 a 1,00;42;150;133;422;1.072;1.587;11.900;395;668;61;24;16.454;26;73;81;250;577;1.227;10.250;537;1.272;65;25;14.383;0;0;68;223;214;672;1.649;2.814;22.150;932;1.940;126;49;0;30.837
;02:1,01 a 1,50;253;1.108;793;2.917;5.959;4.374;71.041;2.202;2.889;94;42;91.672;108;787;537;1.419;3.337;2.341;58.161;2.842;5.660;73;42;75.307;0;0;361;1.895;1.330;4.336;9.296;6.715;129.202;5.044;8.549;167;84;0;166.979
;03:1,51 a 2,00;83;1.047;640;1.801;3.775;2.172;48.760;1.484;3.584;74;78;63.498;28;257;266;674;2.022;755;28.409;1.531;5.772;69;70;39.853;0;0;111;1.304;906;2.475;5.797;2.927;77.169;3.015;9.356;143;148;0;103.351
;04:2,01 a 3,00;60;704;388;1.202;3.034;1.545;37.908;2.409;11.477;126;378;59.231;10;130;68;256;618;332;18.137;1.686;18.956;148;1.004;41.345;0;0;70;834;456;1.458;3.652;1.877;56.045;4.095;30.433;274;1.382;0;100.576
;05:3,01 a 4,00;12;118;109;301;892;405;11.625;1.380;6.085;128;280;21.335;3;27;10;66;160;101;4.198;778;10.462;133;562;16.500;0;0;15;145;119;367;1.052;506;15.823;2.158;16.547;261;842;0;37.835
;06:4,01 a 5,00;0;32;27;128;443;265;5.995;720;5.801;95;249;13.755;3;9;5;19;86;38;2.109;415;9.310;111;411;12.516;0;0;3;41;32;147;529;303;8.104;1.135;15.111;206;660;0;26.271
;07:5,01 a 7,00;6;34;17;86;256;183;6.688;828;6.124;232;941;15.395;3;10;3;22;43;30;2.409;349;8.639;224;759;12.491;0;0;9;44;20;108;299;213;9.097;1.177;14.763;456;1.700;0;27.886
;08:7,01 a 10,00;2;22;8;56;305;257;4.168;555;5.560;253;2.244;13.430;1;6;3;8;39;36;1.397;219;5.524;183;781;8.197;0;0;3;28;11;64;344;293;5.565;774;11.084;436;3.025;0;21.627
;09:10,01 a 15,00;0;18;11;54;239;126;2.083;294;4.407;297;588;8.117;1;11;1;10;38;22;920;148;2.962;148;399;4.660;0;0;1;29;12;64;277;148;3.003;442;7.369;445;987;0;12.777
;10:15,01 a 20,00;0;7;4;23;75;39;929;137;2.269;119;419;4.021;0;0;1;1;11;13;469;58;1.415;49;166;2.183;0;0;0;7;5;24;86;52;1.398;195;3.684;168;585;0;6.204
;11:Mais de 20,00;0;6;12;20;67;42;842;153;2.788;120;435;4.485;1;2;3;3;6;10;386;96;1.596;54;153;2.310;0;0;1;8;15;23;73;52;1.228;249;4.384;174;588;0;6.795
;{ñ class};64;356;263;762;1.617;1.214;15.316;471;1.366;125;55;21.609;35;103;68;247;526;476;8.803;503;1.913;122;40;12.836;1;1;99;459;331;1.009;2.143;1.690;24.119;974;3.279;247;95;1;34.446
140010:Boa Vista - RR;Total;184;567;505;1.228;3.293;2.183;29.774;1.172;5.981;420;1.102;46.409;91;217;203;551;1.823;1.079;23.192;1.444;9.370;476;2.954;41.400;0;0;275;784;708;1.779;5.116;3.262;52.966;2.616;15.351;896;4.056;0;87.809
;00:Até 0,50;0;2;4;30;12;151;268;8;23;2;0;500;0;2;2;18;10;160;221;14;35;3;4;469;0;0;0;4;6;48;22;311;489;22;58;5;4;0;969
;01:0,51 a 1,00;19;33;22;101;269;395;2.773;112;188;6;5;3.923;14;12;11;56;172;257;2.835;185;376;11;6;3.935;0;0;33;45;33;157;441;652;5.608;297;564;17;11;0;7.858
;02:1,01 a 1,50;93;174;215;381;1.166;835;13.197;379;611;15;49;17.115;44;94;147;225;952;476;12.224;509;1.323;19;168;16.181;0;0;137;268;362;606;2.118;1.311;25.421;888;1.934;34;217;0;33.296
;03:1,51 a 2,00;27;70;94;175;553;357;5.039;175;412;12;64;6.978;9;10;7;21;62;64;2.484;214;986;20;185;4.062;0;0;36;80;101;196;615;421;7.523;389;1.398;32;249;0;11.040
;04:2,01 a 3,00;15;135;52;232;607;153;2.823;172;673;21;173;5.056;4;53;10;95;297;29;1.646;192;1.517;54;693;4.590;0;0;19;188;62;327;904;182;4.469;364;2.190;75;866;0;9.646
;05:3,01 a 4,00;0;47;17;81;200;38;1.283;106;614;25;213;2.624;3;14;6;57;97;9;999;108;1.334;43;863;3.533;0;0;3;61;23;138;297;47;2.282;214;1.948;68;1.076;0;6.157
;06:4,01 a 5,00;0;29;14;90;154;35;781;58;531;25;108;1.825;0;9;1;32;86;5;444;55;831;41;456;1.960;0;0;0;38;15;122;240;40;1.225;113;1.362;66;564;0;3.785
;07:5,01 a 7,00;1;14;27;26;44;22;572;42;617;52;119;1.536;0;0;0;1;5;3;287;38;850;55;217;1.456;0;0;1;14;27;27;49;25;859;80;1.467;107;336;0;2.992
;08:7,01 a 10,00;2;6;22;19;31;25;424;30;646;83;159;1.447;0;0;1;0;7;1;183;17;762;92;179;1.242;0;0;2;6;23;19;38;26;607;47;1.408;175;338;0;2.689
;09:10,01 a 15,00;0;4;6;11;23;12;257;19;789;93;138;1.352;0;0;1;1;6;1;140;10;655;92;125;1.031;0;0;0;4;7;12;29;13;397;29;1.444;185;263;0;2.383
;10:15,01 a 20,00;0;1;6;5;13;3;129;4;325;37;36;559;0;0;3;5;6;1;75;10;209;23;34;366;0;0;0;1;9;10;19;4;204;14;534;60;70;0;925
;11:Mais de 20,00;0;2;0;5;10;11;164;7;356;46;36;637;0;0;0;3;1;1;59;14;211;15;23;327;0;0;0;2;0;8;11;12;223;21;567;61;59;0;964
;{ñ class};27;50;26;72;211;146;2.064;60;196;3;2;2.857;17;23;14;37;122;72;1.595;78;281;8;1;2.248;0;0;44;73;40;109;333;218;3.659;138;477;11;3;0;5.105
150140:Belém - PA;Total;810;2.496;2.158;8.633;22.573;12.013;140.019;7.019;51.493;1.880;1.112;250.206;190;464;472;2.915;8.783;4.567;88.821;6.030;67.538;2.945;967;183.692;1;1;1.000;2.960;2.630;11.548;31.356;16.580;228.840;13.049;119.031;4.825;2.079;1;433.899
;00:Até 0,50;3;12;20;61;81;547;1.062;77;468;25;5;2.361;1;2;8;42;65;398;1.203;68;334;22;15;2.158;0;0;4;14;28;103;146;945;2.265;145;802;47;20;0;4.519
;01:0,51 a 1,00;52;169;128;314;788;890;7.050;379;1.283;31;14;11.098;18;50;71;156;464;635;6.620;551;1.319;58;9;9.951;0;0;70;219;199;470;1.252;1.525;13.670;930;2.602;89;23;0;21.049
;02:1,01 a 1,50;230;1.037;751;2.828;8.187;4.217;45.160;1.494;2.679;51;19;66.653;96;302;243;1.538;5.268;2.034;39.108;1.943;5.053;77;17;55.679;0;0;326;1.339;994;4.366;13.455;6.251;84.268;3.437;7.732;128;36;0;122.332
;03:1,51 a 2,00;102;502;499;2.203;4.414;2.214;29.337;1.179;2.519;75;11;43.055;29;36;39;673;1.325;626;16.328;1.057;4.185;115;9;24.422;0;0;131;538;538;2.876;5.739;2.840;45.665;2.236;6.704;190;20;0;67.477
;04:2,01 a 3,00;32;237;238;1.115;3.137;1.226;20.510;1.152;4.564;174;35;32.420;8;7;10;159;662;251;9.321;775;7.361;325;36;18.915;0;0;40;244;248;1.274;3.799;1.477;29.831;1.927;11.925;499;71;0;51.335
;05:3,01 a 4,00;6;75;63;315;1.256;384;12.523;931;4.796;203;33;20.585;2;5;4;63;240;84;4.326;422;7.259;319;27;12.751;0;0;8;80;67;378;1.496;468;16.849;1.353;12.055;522;60;0;33.336
;06:4,01 a 5,00;6;36;30;270;1.392;542;8.685;390;4.069;136;36;15.592;4;3;2;34;111;57;2.195;215;6.955;314;58;9.948;0;0;10;39;32;304;1.503;599;10.880;605;11.024;450;94;0;25.540
;07:5,01 a 7,00;5;55;20;159;492;253;2.984;488;6.951;301;60;11.768;0;7;4;22;66;61;1.847;254;10.897;631;68;13.857;0;0;5;62;24;181;558;314;4.831;742;17.848;932;128;0;25.625
;08:7,01 a 10,00;4;43;26;160;291;368;1.975;252;9.887;369;366;13.741;1;1;3;6;27;16;1.114;254;12.453;631;314;14.820;0;0;5;44;29;166;318;384;3.089;506;22.340;1.000;680;0;28.561
;09:10,01 a 15,00;3;41;19;144;288;143;1.557;180;6.828;265;340;9.808;2;8;8;29;46;18;747;104;5.879;231;283;7.355;0;0;5;49;27;173;334;161;2.304;284;12.707;496;623;0;17.163
;10:15,01 a 20,00;2;10;8;39;84;30;573;57;2.589;74;90;3.556;0;0;0;3;9;7;627;35;1.854;57;52;2.644;0;0;2;10;8;42;93;37;1.200;92;4.443;131;142;0;6.200
;11:Mais de 20,00;3;7;10;63;94;54;620;119;3.429;108;89;4.596;0;1;1;6;16;3;497;64;2.280;77;57;3.002;0;0;3;8;11;69;110;57;1.117;183;5.709;185;146;0;7.598
;{ñ class};362;272;346;962;2.069;1.145;7.983;321;1.431;68;14;14.973;29;42;79;184;484;377;4.888;288;1.709;88;22;8.190;1;1;391;314;425;1.146;2.553;1.522;12.871;609;3.140;156;36;1;23.164
160030:Macapá - AP;Total;170;680;413;1.449;3.428;2.394;28.925;1.416;21.135;473;254;60.737;76;309;136;669;1.955;1.035;19.914;1.473;27.225;456;200;53.448;0;0;246;989;549;2.118;5.383;3.429;48.839;2.889;48.360;929;454;0;114.185
;00:Até 0,50;2;3;0;16;11;52;173;18;169;1;0;445;0;1;0;6;8;52;164;25;207;1;0;464;0;0;2;4;0;22;19;104;337;43;376;2;0;0;909
;01:0,51 a 1,00;23;34;32;95;223;247;2.759;106;587;9;1;4.116;4;8;8;32;102;127;2.180;173;991;5;1;3.631;0;0;27;42;40;127;325;374;4.939;279;1.578;14;2;0;7.747
;02:1,01 a 1,50;96;285;194;527;1.396;1.264;12.488;488;1.100;15;2;17.855;62;211;112;411;1.014;660;10.227;593;1.721;11;1;15.023;0;0;158;496;306;938;2.410;1.924;22.715;1.081;2.821;26;3;0;32.878
;03:1,51 a 2,00;22;93;66;196;396;311;4.220;233;1.090;10;3;6.640;1;3;3;16;52;52;2.147;225;1.651;13;3;4.166;0;0;23;96;69;212;448;363;6.367;458;2.741;23;6;0;10.806
;04:2,01 a 3,00;9;120;41;188;560;173;3.334;184;2.057;20;4;6.690;1;56;1;98;433;26;1.317;162;2.475;16;3;4.588;0;0;10;176;42;286;993;199;4.651;346;4.532;36;7;0;11.278
;05:3,01 a 4,00;3;32;8;76;187;38;1.365;87;2.309;40;5;4.150;0;8;0;40;120;4;1.022;52;3.793;42;2;5.083;0;0;3;40;8;116;307;42;2.387;139;6.102;82;7;0;9.233
;06:4,01 a 5,00;0;25;2;153;163;11;832;30;2.396;17;12;3.641;1;2;0;15;65;1;504;24;2.683;21;4;3.320;0;0;1;27;2;168;228;12;1.336;54;5.079;38;16;0;6.961
;07:5,01 a 7,00;0;4;12;18;37;27;385;42;4.472;84;10;5.091;0;0;0;0;13;4;297;25;6.475;105;9;6.928;0;0;0;4;12;18;50;31;682;67;10.947;189;19;0;12.019
;08:7,01 a 10,00;0;3;5;5;42;23;371;53;3.151;126;34;3.813;1;1;1;0;7;2;173;33;3.865;121;43;4.247;0;0;1;4;6;5;49;25;544;86;7.016;247;77;0;8.060
;09:10,01 a 15,00;0;11;7;22;44;24;343;35;1.719;91;123;2.419;0;1;0;2;6;3;159;28;1.789;78;100;2.166;0;0;0;12;7;24;50;27;502;63;3.508;169;223;0;4.585
;10:15,01 a 20,00;0;4;0;14;31;6;286;8;689;26;42;1.106;0;0;0;1;6;0;105;12;417;24;23;588;0;0;0;4;0;15;37;6;391;20;1.106;50;65;0;1.694
;11:Mais de 20,00;1;6;3;17;4;11;175;24;1.023;25;18;1.307;0;0;0;0;1;0;58;11;548;9;11;638;0;0;1;6;3;17;5;11;233;35;1.571;34;29;0;1.945
;{ñ class};14;60;43;122;334;207;2.194;108;373;9;0;3.464;6;18;11;48;128;104;1.561;110;610;10;0;2.606;0;0;20;78;54;170;462;311;3.755;218;983;19;0;0;6.070
172100:Palmas - TO;Total;116;2.764;278;805;2.330;2.314;39.792;1.785;20.139;734;449;71.506;75;3.453;88;263;1.355;1.329;34.350;2.306;32.026;684;463;76.392;0;0;191;6.217;366;1.068;3.685;3.643;74.142;4.091;52.165;1.418;912;0;147.898
;00:Até 0,50;0;0;0;34;10;334;244;19;27;2;0;670;0;2;0;19;21;368;336;26;57;0;0;829;0;0;0;2;0;53;31;702;580;45;84;2;0;0;1.499
;01:0,51 a 1,00;12;1.970;20;84;278;305;2.982;107;186;9;2;5.955;15;3.098;4;41;266;258;4.316;184;334;4;2;8.522;0;0;27;5.068;24;125;544;563;7.298;291;520;13;4;0;14.477
;02:1,01 a 1,50;54;373;86;256;634;720;12.991;517;760;11;5;16.407;41;228;43;138;505;455;15.455;942;1.849;9;4;19.669;0;0;95;601;129;394;1.139;1.175;28.446;1.459;2.609;20;9;0;36.076
;03:1,51 a 2,00;19;152;52;139;492;365;6.895;310;808;7;1;9.240;8;43;11;19;311;94;4.624;406;1.655;14;1;7.186;0;0;27;195;63;158;803;459;11.519;716;2.463;21;2;0;16.426
;04:2,01 a 3,00;20;125;57;132;435;294;6.743;300;2.604;56;11;10.777;4;52;1;5;114;37;4.158;331;6.693;57;18;11.470;0;0;24;177;58;137;549;331;10.901;631;9.297;113;29;0;22.247
;05:3,01 a 4,00;1;40;5;39;185;81;2.508;130;3.674;80;16;6.759;0;9;1;2;14;9;1.460;111;7.061;72;15;8.754;0;0;1;49;6;41;199;90;3.968;241;10.735;152;31;0;15.513
;06:4,01 a 5,00;1;17;2;16;40;34;1.405;90;2.225;73;14;3.917;0;1;0;2;7;3;704;53;4.111;93;18;4.992;0;0;1;18;2;18;47;37;2.109;143;6.336;166;32;0;8.909
;07:5,01 a 7,00;0;10;4;8;27;21;1.132;104;2.568;112;56;4.042;0;5;2;2;31;3;818;52;4.387;124;60;5.484;0;0;0;15;6;10;58;24;1.950;156;6.955;236;116;0;9.526
;08:7,01 a 10,00;0;10;4;2;13;10;1.255;50;2.354;124;103;3.925;0;1;3;4;3;4;291;23;2.329;130;123;2.911;0;0;0;11;7;6;16;14;1.546;73;4.683;254;226;0;6.836
;09:10,01 a 15,00;0;5;5;2;9;13;845;29;2.106;172;158;3.344;1;2;5;4;6;6;178;17;1.675;128;178;2.200;0;0;1;7;10;6;15;19;1.023;46;3.781;300;336;0;5.544
;10:15,01 a 20,00;1;1;3;3;5;4;221;16;1.317;42;60;1.673;0;1;0;0;6;0;54;11;773;24;26;895;0;0;1;2;3;3;11;4;275;27;2.090;66;86;0;2.568
;11:Mais de 20,00;0;0;1;3;10;4;144;31;1.303;38;20;1.554;0;0;0;0;2;0;68;14;769;22;16;891;0;0;0;0;1;3;12;4;212;45;2.072;60;36;0;2.445
;{ñ class};8;61;39;87;192;129;2.427;82;207;8;3;3.243;6;11;18;27;69;92;1.888;136;333;7;2;2.589;0;0;14;72;57;114;261;221;4.315;218;540;15;5;0;5.832
211130:São Luiz - MA;Total;600;2.360;2.594;3.831;11.019;5.755;140.251;6.141;40.503;970;949;214.973;233;612;790;1.033;3.130;2.368;96.025;6.091;63.898;1.357;3.553;179.090;0;0;833;2.972;3.384;4.864;14.149;8.123;236.276;12.232;104.401;2.327;4.502;0;394.063
;00:Até 0,50;14;7;7;32;76;88;922;54;139;4;0;1.343;3;7;5;36;33;62;978;20;141;11;1;1.297;0;0;17;14;12;68;109;150;1.900;74;280;15;1;0;2.640
;01:0,51 a 1,00;60;125;105;316;684;582;8.239;448;713;31;7;11.310;13;28;36;215;324;458;8.292;362;1.316;34;12;11.090;0;0;73;153;141;531;1.008;1.040;16.531;810;2.029;65;19;0;22.400
;02:1,01 a 1,50;204;811;800;1.341;4.297;2.339;52.241;1.252;2.536;42;87;65.950;139;280;331;549;1.767;1.285;51.174;2.076;6.471;89;344;64.505;0;0;343;1.091;1.131;1.890;6.064;3.624;103.415;3.328;9.007;131;431;0;130.455
;03:1,51 a 2,00;122;463;511;707;2.402;990;24.623;723;4.472;59;41;35.113;20;154;172;77;406;205;13.752;1.031;9.145;85;155;25.202;0;0;142;617;683;784;2.808;1.195;38.375;1.754;13.617;144;196;0;60.315
;04:2,01 a 3,00;84;374;479;413;1.234;663;19.642;911;5.841;131;280;30.052;26;65;136;11;147;89;8.114;1.017;11.768;206;727;22.306;0;0;110;439;615;424;1.381;752;27.756;1.928;17.609;337;1.007;0;52.358
;05:3,01 a 4,00;17;61;123;123;355;157;6.903;418;6.945;114;179;15.395;6;6;15;5;32;23;2.041;334;11.790;227;736;15.215;0;0;23;67;138;128;387;180;8.944;752;18.735;341;915;0;30.610
;06:4,01 a 5,00;9;42;54;99;250;67;7.448;895;3.784;82;82;12.812;1;3;4;4;17;14;1.539;272;8.122;172;872;11.020;0;0;10;45;58;103;267;81;8.987;1.167;11.906;254;954;0;23.832
;07:5,01 a 7,00;10;68;105;90;188;104;4.437;459;5.391;117;56;11.025;4;8;16;18;51;8;973;208;5.713;157;271;7.427;0;0;14;76;121;108;239;112;5.410;667;11.104;274;327;0;18.452
;08:7,01 a 10,00;5;75;65;63;115;77;3.130;303;3.544;129;86;7.592;0;11;3;7;31;10;763;116;3.607;171;323;5.042;0;0;5;86;68;70;146;87;3.893;419;7.151;300;409;0;12.634
;09:10,01 a 15,00;3;44;36;73;101;43;1.601;224;2.617;146;56;4.944;5;5;6;8;21;6;628;93;1.695;105;53;2.625;0;0;8;49;42;81;122;49;2.229;317;4.312;251;109;0;7.569
;10:15,01 a 20,00;0;18;11;37;37;25;715;84;1.414;37;37;2.415;1;0;1;0;5;5;430;61;787;43;25;1.358;0;0;1;18;12;37;42;30;1.145;145;2.201;80;62;0;3.773
;11:Mais de 20,00;3;18;4;26;44;36;633;92;1.998;36;33;2.923;0;0;0;1;2;3;178;59;1.107;22;25;1.397;0;0;3;18;4;27;46;39;811;151;3.105;58;58;0;4.320
;{ñ class};69;254;294;511;1.236;584;9.717;278;1.109;42;5;14.099;15;45;65;102;294;200;7.163;442;2.236;35;9;10.606;0;0;84;299;359;613;1.530;784;16.880;720;3.345;77;14;0;24.705
221100:Terezina - PI;Total;863;5.050;2.594;5.970;12.993;9.574;80.321;5.806;26.750;4.525;504;154.950;429;1.420;469;1.513;4.411;3.745;57.736;5.889;35.882;7.907;439;119.840;0;0;1.292;6.470;3.063;7.483;17.404;13.319;138.057;11.695;62.632;12.432;943;0;274.790
;00:Até 0,50;4;12;15;54;74;418;826;43;272;3;1;1.722;2;5;6;27;37;391;820;53;185;3;1;1.530;0;0;6;17;21;81;111;809;1.646;96;457;6;2;0;3.252
;01:0,51 a 1,00;57;261;180;485;978;848;6.858;300;823;31;5;10.826;16;58;30;143;339;378;6.021;415;1.265;40;7;8.712;0;0;73;319;210;628;1.317;1.226;12.879;715;2.088;71;12;0;19.538
;02:1,01 a 1,50;469;2.234;1.219;2.850;6.436;4.658;37.980;1.811;3.321;150;6;61.134;316;988;328;1.103;2.821;2.168;31.459;2.614;6.522;266;8;48.593;0;0;785;3.222;1.547;3.953;9.257;6.826;69.439;4.425;9.843;416;14;0;109.727
;03:1,51 a 2,00;98;588;404;857;1.925;1.350;12.520;883;2.706;451;13;21.795;40;165;24;67;399;273;6.054;957;4.104;1.000;11;13.094;0;0;138;753;428;924;2.324;1.623;18.574;1.840;6.810;1.451;24;0;34.889
;04:2,01 a 3,00;42;443;199;453;1.081;599;7.695;771;3.151;243;18;14.695;14;75;6;37;229;105;5.566;789;5.346;557;20;12.744;0;0;56;518;205;490;1.310;704;13.261;1.560;8.497;800;38;0;27.439
;05:3,01 a 4,00;19;460;42;81;508;325;3.354;986;3.935;1.544;26;11.280;14;41;2;12;100;50;1.652;393;5.381;3.582;27;11.254;0;0;33;501;44;93;608;375;5.006;1.379;9.316;5.126;53;0;22.534
;06:4,01 a 5,00;14;193;27;74;243;142;1.313;242;1.613;396;40;4.297;3;8;1;3;42;17;511;121;2.297;1.032;41;4.076;0;0;17;201;28;77;285;159;1.824;363;3.910;1.428;81;0;8.373
;07:5,01 a 7,00;16;117;48;86;141;92;959;172;2.097;293;31;4.052;5;7;1;3;32;16;492;95;3.760;507;35;4.953;0;0;21;124;49;89;173;108;1.451;267;5.857;800;66;0;9.005
;08:7,01 a 10,00;17;202;37;83;256;130;1.422;195;2.821;517;84;5.764;0;16;2;2;36;17;817;108;2.558;435;72;4.063;0;0;17;218;39;85;292;147;2.239;303;5.379;952;156;0;9.827
;09:10,01 a 15,00;16;84;25;51;151;91;1.079;129;2.896;573;177;5.272;0;4;4;6;18;19;646;68;2.020;352;166;3.303;0;0;16;88;29;57;169;110;1.725;197;4.916;925;343;0;8.575
;10:15,01 a 20,00;2;9;6;14;28;23;311;43;1.179;113;46;1.774;0;0;1;1;5;2;174;29;824;36;30;1.102;0;0;2;9;7;15;33;25;485;72;2.003;149;76;0;2.876
;11:Mais de 20,00;1;7;10;8;19;17;311;57;1.210;200;50;1.890;1;0;0;0;4;1;121;44;770;82;17;1.040;0;0;2;7;10;8;23;18;432;101;1.980;282;67;0;2.930
;{ñ class};108;440;382;874;1.153;881;5.693;174;726;11;7;10.449;18;53;64;109;349;308;3.403;203;850;15;4;5.376;0;0;126;493;446;983;1.502;1.189;9.096;377;1.576;26;11;0;15.825
230440:Fortaleza - CE;Total;1.703;9.523;5.995;19.307;34.831;21.480;282.257;20.444;65.710;3.073;1.469;465.792;397;2.114;1.660;6.318;12.793;9.402;205.504;19.305;100.589;3.450;1.501;363.033;2;2;2.100;11.637;7.655;25.625;47.624;30.882;487.761;39.749;166.299;6.523;2.970;2;828.827
;00:Até 0,50;7;28;24;105;175;409;3.380;325;622;42;11;5.128;5;34;21;61;162;381;3.540;317;598;28;7;5.154;0;0;12;62;45;166;337;790;6.920;642;1.220;70;18;0;10.282
;01:0,51 a 1,00;157;625;390;1.324;2.528;1.966;22.307;1.152;2.173;147;31;32.800;48;313;156;811;1.681;1.343;23.848;1.665;3.193;135;41;33.234;0;0;205;938;546;2.135;4.209;3.309;46.155;2.817;5.366;282;72;0;66.034
;02:1,01 a 1,50;983;4.292;2.762;9.531;17.055;10.966;116.494;4.713;5.727;161;51;172.735;273;1.313;1.193;4.129;8.312;5.564;102.510;6.886;13.005;164;54;143.403;0;0;1.256;5.605;3.955;13.660;25.367;16.530;219.004;11.599;18.732;325;105;0;316.138
;03:1,51 a 2,00;223;2.003;1.192;3.565;6.275;3.362;42.926;2.611;4.420;121;32;66.730;18;162;71;341;760;655;23.335;3.105;8.848;163;28;37.486;0;0;241;2.165;1.263;3.906;7.035;4.017;66.261;5.716;13.268;284;60;0;104.216
;04:2,01 a 3,00;84;929;630;2.031;3.451;1.835;34.100;3.681;8.539;234;81;55.595;13;61;16;322;284;277;19.886;3.113;17.050;290;79;41.391;0;0;97;990;646;2.353;3.735;2.112;53.986;6.794;25.589;524;160;0;96.986
;05:3,01 a 4,00;12;233;102;387;679;357;11.970;2.106;6.880;297;58;23.081;2;40;12;84;120;123;6.934;1.309;11.876;313;81;20.894;0;0;14;273;114;471;799;480;18.904;3.415;18.756;610;139;0;43.975
;06:4,01 a 5,00;8;108;52;173;417;154;13.451;2.323;5.809;224;83;22.802;0;7;7;27;77;46;4.151;762;10.449;310;115;15.951;0;0;8;115;59;200;494;200;17.602;3.085;16.258;534;198;0;38.753
;07:5,01 a 7,00;12;98;49;172;400;176;11.482;1.527;7.634;400;136;22.086;0;7;4;31;97;98;4.270;675;10.568;492;163;16.405;0;0;12;105;53;203;497;274;15.752;2.202;18.202;892;299;0;38.491
;08:7,01 a 10,00;12;65;30;98;163;132;4.505;576;7.596;442;265;13.884;2;5;4;13;42;40;2.336;250;10.600;680;320;14.292;0;0;14;70;34;111;205;172;6.841;826;18.196;1.122;585;0;28.176
;09:10,01 a 15,00;12;49;21;87;164;115;2.676;336;6.988;369;392;11.209;1;9;3;29;50;58;1.401;164;6.441;443;370;8.969;0;0;13;58;24;116;214;173;4.077;500;13.429;812;762;0;20.178
;10:15,01 a 20,00;4;22;13;42;71;41;1.057;116;3.232;206;176;4.980;1;3;2;3;7;12;531;66;2.196;168;135;3.124;0;0;5;25;15;45;78;53;1.588;182;5.428;374;311;0;8.104
;11:Mais de 20,00;1;53;50;72;126;66;1.069;212;4.196;314;109;6.268;0;0;0;3;3;10;465;129;2.657;151;61;3.479;0;0;1;53;50;75;129;76;1.534;341;6.853;465;170;0;9.747
;{ñ class};188;1.018;680;1.720;3.327;1.901;16.840;766;1.894;116;44;28.494;34;160;171;464;1.198;795;12.297;864;3.108;113;47;19.251;2;2;222;1.178;851;2.184;4.525;2.696;29.137;1.630;5.002;229;91;2;47.747
240810:Natal - RN;Total;807;2.882;2.766;7.286;9.706;10.873;93.857;4.936;35.775;1.375;674;170.937;387;1.031;1.023;3.644;3.809;5.251;67.095;5.006;47.050;1.268;526;136.090;0;0;1.194;3.913;3.789;10.930;13.515;16.124;160.952;9.942;82.825;2.643;1.200;0;307.027
;00:Até 0,50;11;16;16;69;67;369;1.131;59;292;14;1;2.045;55;4;12;64;47;403;1.292;89;253;18;4;2.241;0;0;66;20;28;133;114;772;2.423;148;545;32;5;0;4.286
;01:0,51 a 1,00;68;195;121;378;774;750;6.473;311;1.022;58;8;10.158;73;66;53;246;396;594;6.405;496;1.249;46;11;9.635;0;0;141;261;174;624;1.170;1.344;12.878;807;2.271;104;19;0;19.793
;02:1,01 a 1,50;345;1.534;991;2.716;3.911;4.429;37.343;1.175;2.159;57;10;54.670;141;745;595;1.699;2.306;3.113;33.414;1.804;4.752;64;16;48.649;0;0;486;2.279;1.586;4.415;6.217;7.542;70.757;2.979;6.911;121;26;0;103.319
;03:1,51 a 2,00;81;396;471;1.244;1.809;1.546;15.512;851;1.853;41;9;23.813;28;36;130;532;270;368;8.615;734;3.099;58;14;13.884;0;0;109;432;601;1.776;2.079;1.914;24.127;1.585;4.952;99;23;0;37.697
;04:2,01 a 3,00;87;220;427;813;1.135;870;10.735;800;4.113;109;25;19.334;21;14;55;226;271;158;5.973;706;7.851;167;27;15.469;0;0;108;234;482;1.039;1.406;1.028;16.708;1.506;11.964;276;52;0;34.803
;05:3,01 a 4,00;85;42;121;323;421;272;3.442;575;7.426;127;19;12.853;13;5;14;226;44;66;1.985;475;10.772;180;27;13.807;0;0;98;47;135;549;465;338;5.427;1.050;18.198;307;46;0;26.660
;06:4,01 a 5,00;34;22;81;291;177;138;3.850;237;4.046;90;32;8.998;6;2;21;294;27;34;1.469;175;5.543;126;48;7.745;0;0;40;24;102;585;204;172;5.319;412;9.589;216;80;0;16.743
;07:5,01 a 7,00;9;29;86;455;183;1.275;4.459;360;4.129;101;43;11.129;5;0;11;108;31;36;1.676;127;4.883;118;38;7.033;0;0;14;29;97;563;214;1.311;6.135;487;9.012;219;81;0;18.162
;08:7,01 a 10,00;9;10;41;390;113;285;1.867;121;2.703;178;83;5.800;2;0;3;28;18;23;748;47;2.782;162;79;3.892;0;0;11;10;44;418;131;308;2.615;168;5.485;340;162;0;9.692
;09:10,01 a 15,00;3;23;38;81;114;98;1.383;123;3.868;370;241;6.342;2;0;2;11;22;14;358;28;2.724;224;165;3.550;0;0;5;23;40;92;136;112;1.741;151;6.592;594;406;0;9.892
;10:15,01 a 20,00;1;9;15;14;33;19;351;29;1.706;95;166;2.438;0;0;2;0;3;4;116;17;1.032;44;70;1.288;0;0;1;9;17;14;36;23;467;46;2.738;139;236;0;3.726
;11:Mais de 20,00;0;11;2;24;22;19;359;50;1.590;106;25;2.208;0;0;1;0;1;0;90;31;838;34;9;1.004;0;0;0;11;3;24;23;19;449;81;2.428;140;34;0;3.212
;{ñ class};74;375;356;488;947;803;6.952;245;868;29;12;11.149;41;159;124;210;373;438;4.954;277;1.272;27;18;7.893;0;0;115;534;480;698;1.320;1.241;11.906;522;2.140;56;30;0;19.042
250750:João Pessoa - PB;Total;937;4.166;2.647;7.218;31.762;7.194;75.067;5.262;32.606;1.689;736;169.284;622;557;505;2.053;32.044;2.706;52.620;5.622;32.830;1.956;836;132.351;0;0;1.559;4.723;3.152;9.271;63.806;9.900;127.687;10.884;65.436;3.645;1.572;0;301.635
;00:Até 0,50;3;22;14;35;50;103;714;61;317;20;5;1.344;0;3;9;25;58;83;601;65;260;8;7;1.119;0;0;3;25;23;60;108;186;1.315;126;577;28;12;0;2.463
;01:0,51 a 1,00;73;228;123;428;2.486;589;6.846;617;1.057;109;10;12.566;14;64;48;198;2.649;441;7.629;933;1.406;213;21;13.616;0;0;87;292;171;626;5.135;1.030;14.475;1.550;2.463;322;31;0;26.182
;02:1,01 a 1,50;423;1.859;1.235;3.631;8.269;3.731;36.572;1.562;3.228;160;13;60.683;69;310;318;1.197;9.068;1.572;29.119;2.128;5.717;237;24;49.759;0;0;492;2.169;1.553;4.828;17.337;5.303;65.691;3.690;8.945;397;37;0;110.442
;03:1,51 a 2,00;97;653;514;1.255;3.914;1.111;12.552;806;2.248;99;21;23.270;25;47;48;152;5.546;182;5.712;828;3.747;131;18;16.436;0;0;122;700;562;1.407;9.460;1.293;18.264;1.634;5.995;230;39;0;39.706
;04:2,01 a 3,00;57;386;235;705;4.225;535;6.838;806;9.335;143;44;23.309;73;19;24;284;5.630;94;3.500;749;6.787;226;65;17.451;0;0;130;405;259;989;9.855;629;10.338;1.555;16.122;369;109;0;40.760
;05:3,01 a 4,00;24;159;56;218;3.395;163;1.963;401;4.261;213;38;10.891;74;9;1;37;2.809;24;898;263;4.162;215;49;8.541;0;0;98;168;57;255;6.204;187;2.861;664;8.423;428;87;0;19.432
;06:4,01 a 5,00;19;59;31;117;2.801;71;1.262;204;1.858;141;52;6.615;25;0;1;15;2.249;17;560;103;2.185;165;75;5.395;0;0;44;59;32;132;5.050;88;1.822;307;4.043;306;127;0;12.010
;07:5,01 a 7,00;78;74;40;83;2.169;74;1.001;206;2.255;175;88;6.243;256;9;2;14;2.034;17;416;115;2.508;232;108;5.711;0;0;334;83;42;97;4.203;91;1.417;321;4.763;407;196;0;11.954
;08:7,01 a 10,00;29;95;55;70;1.151;72;706;168;2.249;234;168;4.997;62;15;1;6;803;11;250;62;1.682;274;179;3.345;0;0;91;110;56;76;1.954;83;956;230;3.931;508;347;0;8.342
;09:10,01 a 15,00;17;70;37;91;622;63;671;110;2.649;241;206;4.777;4;3;2;9;355;12;282;49;1.868;176;228;2.988;0;0;21;73;39;100;977;75;953;159;4.517;417;434;0;7.765
;10:15,01 a 20,00;5;25;19;50;632;29;275;32;1.326;84;62;2.539;1;1;0;2;237;1;91;21;804;38;45;1.241;0;0;6;26;19;52;869;30;366;53;2.130;122;107;0;3.780
;11:Mais de 20,00;11;31;19;31;766;17;196;62;1.002;42;21;2.198;1;0;0;0;329;1;87;42;661;17;11;1.149;0;0;12;31;19;31;1.095;18;283;104;1.663;59;32;0;3.347
;{ñ class};101;505;269;504;1.282;636;5.471;227;821;28;8;9.852;18;77;51;114;277;251;3.475;264;1.043;24;6;5.600;0;0;119;582;320;618;1.559;887;8.946;491;1.864;52;14;0;15.452
261160:Recife - PE;Total;1.432;9.429;7.139;18.549;22.071;16.303;209.074;15.643;86.487;4.585;2.011;392.723;355;1.356;1.049;5.376;5.183;5.270;140.924;13.482;129.521;5.615;2.326;310.457;0;0;1.787;10.785;8.188;23.925;27.254;21.573;349.998;29.125;216.008;10.200;4.337;0;703.180
;00:Até 0,50;6;49;30;164;101;378;2.394;146;417;62;15;3.762;4;19;11;96;67;355;2.682;220;509;56;26;4.045;0;0;10;68;41;260;168;733;5.076;366;926;118;41;0;7.807
;01:0,51 a 1,00;68;403;406;832;1.061;992;11.414;584;1.759;199;50;17.768;32;173;84;704;494;606;12.139;880;4.127;217;64;19.520;0;0;100;576;490;1.536;1.555;1.598;23.553;1.464;5.886;416;114;0;37.288
;02:1,01 a 1,50;693;3.845;2.711;5.841;8.996;6.988;80.420;3.092;5.166;183;41;117.976;157;752;508;1.806;2.956;2.740;67.532;4.228;11.409;205;76;92.369;0;0;850;4.597;3.219;7.647;11.952;9.728;147.952;7.320;16.575;388;117;0;210.345
;03:1,51 a 2,00;229;2.284;1.868;3.458;5.088;3.525;45.688;2.239;5.493;165;39;70.076;34;131;156;1.540;595;523;26.973;2.478;13.566;217;63;46.276;0;0;263;2.415;2.024;4.998;5.683;4.048;72.661;4.717;19.059;382;102;0;116.352
;04:2,01 a 3,00;174;1.030;681;1.647;2.503;1.636;24.021;2.658;14.903;393;78;49.724;51;75;78;332;248;318;11.434;2.057;31.160;813;165;46.731;0;0;225;1.105;759;1.979;2.751;1.954;35.455;4.715;46.063;1.206;243;0;96.455
;05:3,01 a 4,00;47;240;192;725;760;381;7.959;1.334;10.458;514;121;22.731;19;20;29;164;45;64;3.358;919;17.445;856;232;23.151;0;0;66;260;221;889;805;445;11.317;2.253;27.903;1.370;353;0;45.882
;06:4,01 a 5,00;12;90;81;1.319;294;178;7.060;1.445;7.486;446;108;18.519;9;7;9;218;26;30;2.116;678;9.213;651;187;13.144;0;0;21;97;90;1.537;320;208;9.176;2.123;16.699;1.097;295;0;31.663
;07:5,01 a 7,00;13;108;103;1.001;262;247;5.924;1.443;10.746;858;277;20.982;6;15;11;92;48;45;1.998;545;14.807;1.015;328;18.910;0;0;19;123;114;1.093;310;292;7.922;1.988;25.553;1.873;605;0;39.892
;08:7,01 a 10,00;20;124;75;578;298;151;3.844;1.041;11.118;628;501;18.378;2;13;5;62;42;26;1.869;370;12.215;754;515;15.873;0;0;22;137;80;640;340;177;5.713;1.411;23.333;1.382;1.016;0;34.251
;09:10,01 a 15,00;17;152;78;261;300;191;2.665;521;8.156;514;518;13.373;3;3;4;22;70;55;1.218;214;6.491;396;490;8.966;0;0;20;155;82;283;370;246;3.883;735;14.647;910;1.008;0;22.339
;10:15,01 a 20,00;7;64;57;175;113;53;890;203;3.361;195;144;5.262;0;0;1;6;11;12;431;99;2.616;127;106;3.409;0;0;7;64;58;181;124;65;1.321;302;5.977;322;250;0;8.671
;11:Mais de 20,00;5;37;28;71;102;65;1.061;304;5.341;299;84;7.397;5;0;2;1;5;8;371;135;3.448;168;34;4.177;0;0;10;37;30;72;107;73;1.432;439;8.789;467;118;0;11.574
;{ñ class};141;1.003;829;2.477;2.193;1.518;15.734;633;2.083;129;35;26.775;33;148;151;333;576;488;8.803;659;2.515;140;40;13.886;0;0;174;1.151;980;2.810;2.769;2.006;24.537;1.292;4.598;269;75;0;40.661
270430:Maceió - AL;Total;1.221;5.647;2.561;6.497;9.151;8.238;88.928;6.687;27.413;4.219;1.107;161.669;224;751;522;1.520;3.330;3.250;60.994;5.572;37.314;7.395;1.229;122.101;0;0;1.445;6.398;3.083;8.017;12.481;11.488;149.922;12.259;64.727;11.614;2.336;0;283.770
;00:Até 0,50;7;26;5;74;54;286;912;50;172;11;0;1.597;2;10;7;47;34;282;850;62;167;12;0;1.473;0;0;9;36;12;121;88;568;1.762;112;339;23;0;0;3.070
;01:0,51 a 1,00;119;425;131;519;639;722;8.578;331;906;56;13;12.439;31;88;61;184;354;477;8.385;546;1.637;58;11;11.832;0;0;150;513;192;703;993;1.199;16.963;877;2.543;114;24;0;24.271
;02:1,01 a 1,50;495;2.412;1.101;2.776;3.948;3.183;38.078;1.189;2.430;63;13;55.688;82;418;298;893;1.892;1.518;30.585;1.807;5.362;100;19;42.974;0;0;577;2.830;1.399;3.669;5.840;4.701;68.663;2.996;7.792;163;32;0;98.662
;03:1,51 a 2,00;120;730;401;1.131;1.673;1.577;15.101;894;2.397;109;13;24.146;15;73;45;141;302;349;7.834;979;4.300;239;24;14.301;0;0;135;803;446;1.272;1.975;1.926;22.935;1.873;6.697;348;37;0;38.447
;04:2,01 a 3,00;70;446;197;641;831;980;8.751;1.109;4.140;1.087;138;18.390;15;16;8;40;131;177;4.724;948;7.372;2.522;179;16.132;0;0;85;462;205;681;962;1.157;13.475;2.057;11.512;3.609;317;0;34.522
;05:3,01 a 4,00;22;104;63;127;166;183;2.466;344;4.075;338;63;7.951;12;4;1;11;28;37;1.443;256;6.238;1.155;138;9.323;0;0;34;108;64;138;194;220;3.909;600;10.313;1.493;201;0;17.274
;06:4,01 a 5,00;18;62;34;65;91;99;2.248;1.026;3.064;334;69;7.110;8;3;0;6;25;18;848;265;3.593;732;114;5.612;0;0;26;65;34;71;116;117;3.096;1.291;6.657;1.066;183;0;12.722
;07:5,01 a 7,00;15;95;31;118;197;127;2.039;744;3.219;891;191;7.667;11;1;4;3;38;25;710;190;3.394;1.627;233;6.236;0;0;26;96;35;121;235;152;2.749;934;6.613;2.518;424;0;13.903
;08:7,01 a 10,00;5;121;62;73;114;117;1.584;436;2.073;507;215;5.307;7;0;0;3;8;16;413;96;1.619;497;207;2.866;0;0;12;121;62;76;122;133;1.997;532;3.692;1.004;422;0;8.173
;09:10,01 a 15,00;12;112;66;112;88;76;921;221;2.033;284;256;4.181;1;3;3;7;27;12;281;72;1.416;232;217;2.271;0;0;13;115;69;119;115;88;1.202;293;3.449;516;473;0;6.452
;10:15,01 a 20,00;3;58;21;36;30;18;228;49;972;212;80;1.707;0;0;0;0;3;1;76;14;524;74;49;741;0;0;3;58;21;36;33;19;304;63;1.496;286;129;0;2.448
;11:Mais de 20,00;3;21;12;30;37;25;264;77;1.203;295;49;2.016;1;0;0;0;1;6;89;32;657;110;31;927;0;0;4;21;12;30;38;31;353;109;1.860;405;80;0;2.943
;{ñ class};332;1.035;437;795;1.283;845;7.758;217;729;32;7;13.470;39;135;95;185;487;332;4.756;305;1.035;37;7;7.413;0;0;371;1.170;532;980;1.770;1.177;12.514;522;1.764;69;14;0;20.883
280030:Aracaju - SE;Total;277;2.644;1.829;5.134;7.913;7.963;69.687;6.397;21.255;1.426;280;124.805;57;433;446;1.197;3.193;3.352;51.789;5.742;32.367;1.908;309;100.793;0;0;334;3.077;2.275;6.331;11.106;11.315;121.476;12.139;53.622;3.334;589;0;225.598
;00:Até 0,50;1;18;17;80;108;406;856;98;206;13;4;1.807;3;7;14;66;100;350;906;87;206;15;7;1.761;0;0;4;25;31;146;208;756;1.762;185;412;28;11;0;3.568
;01:0,51 a 1,00;36;250;138;494;605;896;5.100;276;678;51;11;8.535;8;40;35;110;281;430;4.310;319;974;30;14;6.551;0;0;44;290;173;604;886;1.326;9.410;595;1.652;81;25;0;15.086
;02:1,01 a 1,50;125;1.110;757;1.990;2.969;3.326;27.932;1.153;1.465;54;19;40.900;26;250;287;657;1.507;1.614;26.611;1.818;3.641;50;21;36.482;0;0;151;1.360;1.044;2.647;4.476;4.940;54.543;2.971;5.106;104;40;0;77.382
;03:1,51 a 2,00;33;418;315;952;1.717;1.405;13.631;956;1.494;46;13;20.980;4;24;24;115;494;425;8.748;1.345;3.288;62;20;14.549;0;0;37;442;339;1.067;2.211;1.830;22.379;2.301;4.782;108;33;0;35.529
;04:2,01 a 3,00;10;160;154;586;798;566;7.630;989;2.408;98;30;13.429;3;8;5;51;297;133;4.437;887;5.628;139;33;11.621;0;0;13;168;159;637;1.095;699;12.067;1.876;8.036;237;63;0;25.050
;05:3,01 a 4,00;1;34;23;80;214;129;2.343;470;1.501;126;21;4.942;0;1;3;15;80;37;1.124;322;3.225;190;28;5.025;0;0;1;35;26;95;294;166;3.467;792;4.726;316;49;0;9.967
;06:4,01 a 5,00;1;26;17;73;212;108;1.941;689;1.662;140;22;4.891;0;1;2;8;41;25;588;206;2.492;263;31;3.657;0;0;1;27;19;81;253;133;2.529;895;4.154;403;53;0;8.548
;07:5,01 a 7,00;9;55;30;128;232;255;2.151;934;4.619;376;30;8.819;2;4;3;18;38;27;515;289;6.915;513;29;8.353;0;0;11;59;33;146;270;282;2.666;1.223;11.534;889;59;0;17.172
;08:7,01 a 10,00;5;52;30;98;150;111;1.243;385;2.585;199;37;4.895;1;1;1;7;17;13;345;119;2.734;334;39;3.611;0;0;6;53;31;105;167;124;1.588;504;5.319;533;76;0;8.506
;09:10,01 a 15,00;5;36;20;58;70;57;626;132;1.672;143;32;2.851;0;2;2;10;12;7;231;54;1.159;170;52;1.699;0;0;5;38;22;68;82;64;857;186;2.831;313;84;0;4.550
;10:15,01 a 20,00;1;9;10;23;22;15;210;31;862;81;11;1.275;0;1;0;0;2;5;96;9;461;82;9;665;0;0;1;10;10;23;24;20;306;40;1.323;163;20;0;1.940
;11:Mais de 20,00;1;0;1;16;20;22;232;39;1.369;67;38;1.805;0;0;0;0;1;1;91;29;748;40;20;930;0;0;1;0;1;16;21;23;323;68;2.117;107;58;0;2.735
;{ñ class};49;476;317;556;796;667;5.792;245;734;32;12;9.676;10;94;70;140;323;285;3.787;258;896;20;6;5.889;0;0;59;570;387;696;1.119;952;9.579;503;1.630;52;18;0;15.565
292740:Salvador - BA;Total;825;7.683;5.728;11.993;19.899;20.611;265.261;21.087;73.169;2.657;2.114;431.027;219;1.533;1.640;2.381;5.139;7.105;196.350;15.534;121.303;3.322;2.638;357.164;4;4;1.044;9.216;7.368;14.374;25.038;27.716;461.611;36.621;194.472;5.979;4.752;4;788.195
;00:Até 0,50;3;30;16;91;92;829;2.646;138;255;14;3;4.117;4;19;7;51;111;778;3.223;197;340;25;2;4.757;0;0;7;49;23;142;203;1.607;5.869;335;595;39;5;0;8.874
;01:0,51 a 1,00;57;390;443;550;960;1.573;19.588;699;1.294;110;31;25.695;23;127;677;259;686;1.080;29.011;1.146;3.386;193;31;36.619;0;0;80;517;1.120;809;1.646;2.653;48.599;1.845;4.680;303;62;0;62.314
;02:1,01 a 1,50;316;3.037;2.121;4.559;7.355;8.275;97.553;3.048;3.994;151;43;130.452;79;713;537;1.219;2.733;3.297;89.106;4.537;9.461;181;42;111.905;0;0;395;3.750;2.658;5.778;10.088;11.572;186.659;7.585;13.455;332;85;0;242.357
;03:1,51 a 2,00;140;1.597;1.293;2.507;4.283;3.798;45.906;2.211;4.185;157;44;66.121;28;431;120;229;442;572;25.480;2.286;9.404;167;48;39.207;0;0;168;2.028;1.413;2.736;4.725;4.370;71.386;4.497;13.589;324;92;0;105.328
;04:2,01 a 3,00;142;1.135;756;1.763;2.629;2.219;31.726;2.642;11.383;259;86;54.740;44;34;87;111;259;274;17.598;2.299;23.976;350;92;45.124;0;0;186;1.169;843;1.874;2.888;2.493;49.324;4.941;35.359;609;178;0;99.864
;05:3,01 a 4,00;49;301;172;470;967;673;11.249;1.581;7.797;207;94;23.560;15;19;29;137;144;233;6.056;993;15.925;284;113;23.948;0;0;64;320;201;607;1.111;906;17.305;2.574;23.722;491;207;0;47.508
;06:4,01 a 5,00;8;85;64;184;376;256;13.393;4.943;7.501;196;83;27.089;6;5;22;35;59;55;3.577;1.320;12.497;284;116;17.976;0;0;14;90;86;219;435;311;16.970;6.263;19.998;480;199;0;45.065
;07:5,01 a 7,00;6;71;46;140;385;427;12.247;2.761;9.474;378;308;26.243;1;4;15;17;29;76;3.742;895;16.020;533;419;21.751;0;0;7;75;61;157;414;503;15.989;3.656;25.494;911;727;0;47.994
;08:7,01 a 10,00;10;27;43;102;214;312;4.663;991;8.734;363;453;15.912;5;9;13;27;32;51;2.678;578;13.606;548;567;18.114;0;0;15;36;56;129;246;363;7.341;1.569;22.340;911;1.020;0;34.026
;09:10,01 a 15,00;4;56;47;81;183;197;2.937;997;7.897;355;582;13.336;4;15;6;42;41;59;1.972;342;6.923;428;772;10.604;0;0;8;71;53;123;224;256;4.909;1.339;14.820;783;1.354;0;23.940
;10:15,01 a 20,00;4;22;18;46;93;121;1.108;202;3.704;128;219;5.665;0;1;3;7;31;16;927;106;3.053;101;279;4.524;0;0;4;23;21;53;124;137;2.035;308;6.757;229;498;0;10.189
;11:Mais de 20,00;6;59;18;136;128;94;1.363;295;4.875;201;106;7.281;0;2;1;5;14;14;706;196;3.934;102;109;5.083;0;0;6;61;19;141;142;108;2.069;491;8.809;303;215;0;12.364
;{ñ class};80;873;691;1.364;2.234;1.837;20.882;579;2.076;138;62;30.816;10;154;123;242;558;600;12.274;639;2.778;126;48;17.552;4;4;90;1.027;814;1.606;2.792;2.437;33.156;1.218;4.854;264;110;4;48.372
310620:Belo Horizonte - MG;Total;1.530;17.626;13.358;27.266;43.945;36.292;324.297;36.171;146.236;7.248;3.908;657.877;702;11.171;6.203;15.945;26.050;24.017;280.502;41.949;208.864;10.122;3.882;629.407;4;4;2.232;28.797;19.561;43.211;69.995;60.309;604.799;78.120;355.100;17.370;7.790;4;1.287.288
;00:Até 0,50;8;104;60;476;293;2.436;3.332;181;419;16;4;7.329;28;122;156;422;416;2.880;3.709;235;528;26;8;8.530;0;0;36;226;216;898;709;5.316;7.041;416;947;42;12;0;15.859
;01:0,51 a 1,00;118;945;508;1.411;2.240;3.060;16.854;1.009;1.648;123;31;27.947;81;1.164;654;1.828;2.841;3.498;25.564;1.692;3.177;91;40;40.630;0;0;199;2.109;1.162;3.239;5.081;6.558;42.418;2.701;4.825;214;71;0;68.577
;02:1,01 a 1,50;451;5.638;3.177;7.951;12.994;12.530;87.078;4.802;5.742;186;59;140.608;296;8.221;3.316;9.361;15.765;12.070;128.627;9.430;16.109;218;77;203.490;0;0;747;13.859;6.493;17.312;28.759;24.600;215.705;14.232;21.851;404;136;0;344.098
;03:1,51 a 2,00;389;4.851;2.865;6.288;10.321;6.995;56.561;4.913;6.802;202;59;100.246;93;610;783;1.734;2.919;2.136;42.886;7.353;16.687;253;104;75.558;0;0;482;5.461;3.648;8.022;13.240;9.131;99.447;12.266;23.489;455;163;0;175.804
;04:2,01 a 3,00;244;2.844;2.055;4.958;8.575;5.201;59.879;7.934;17.209;727;152;109.778;35;183;135;623;1.077;1.022;36.819;11.030;45.201;1.346;192;97.663;0;0;279;3.027;2.190;5.581;9.652;6.223;96.698;18.964;62.410;2.073;344;0;207.441
;05:3,01 a 4,00;51;505;588;1.252;2.081;1.353;20.168;4.581;16.334;758;190;47.861;17;28;20;194;229;266;9.897;5.238;32.580;1.442;210;50.121;0;0;68;533;608;1.446;2.310;1.619;30.065;9.819;48.914;2.200;400;0;97.982
;06:4,01 a 5,00;12;185;156;504;862;498;14.908;4.817;18.042;804;197;40.985;7;16;11;107;134;123;4.942;3.013;22.857;1.408;252;32.870;0;0;19;201;167;611;996;621;19.850;7.830;40.899;2.212;449;0;73.855
;07:5,01 a 7,00;13;132;201;283;568;400;22.763;4.506;22.920;1.111;332;53.229;5;9;19;44;91;112;4.619;1.673;25.153;1.872;397;33.994;0;0;18;141;220;327;659;512;27.382;6.179;48.073;2.983;729;0;87.223
;08:7,01 a 10,00;9;90;365;227;405;322;12.054;1.189;19.960;1.132;724;36.477;3;11;16;48;66;90;3.361;481;17.625;1.507;754;23.962;0;0;12;101;381;275;471;412;15.415;1.670;37.585;2.639;1.478;0;60.439
;09:10,01 a 15,00;12;76;310;161;315;274;5.520;581;14.928;1.041;1.006;24.224;5;13;26;56;87;101;2.249;270;11.312;1.131;1.002;16.252;0;0;17;89;336;217;402;375;7.769;851;26.240;2.172;2.008;0;40.476
;10:15,01 a 20,00;4;49;59;97;174;124;1.829;204;7.528;437;776;11.281;1;20;22;44;62;53;1.147;146;5.554;357;568;7.974;0;0;5;69;81;141;236;177;2.976;350;13.082;794;1.344;0;19.255
;11:Mais de 20,00;5;37;57;109;176;125;1.877;457;11.204;516;318;14.881;2;7;11;11;32;47;1.755;335;8.017;300;220;10.737;0;0;7;44;68;120;208;172;3.632;792;19.221;816;538;0;25.618
;{ñ class};214;2.170;2.957;3.549;4.941;2.974;21.474;997;3.500;195;60;43.031;129;767;1.034;1.473;2.331;1.619;14.927;1.053;4.064;171;58;27.626;4;4;343;2.937;3.991;5.022;7.272;4.593;36.401;2.050;7.564;366;118;4;70.661
320530:Vitória - ES;Total;185;2.175;1.001;3.397;5.869;5.091;52.885;6.533;35.747;2.045;678;115.606;88;523;447;1.988;4.178;3.724;44.911;5.459;44.783;1.978;600;108.679;0;0;273;2.698;1.448;5.385;10.047;8.815;97.796;11.992;80.530;4.023;1.278;0;224.285
;00:Até 0,50;3;13;5;213;72;517;319;30;92;5;3;1.272;1;6;11;189;82;641;390;29;111;7;0;1.467;0;0;4;19;16;402;154;1.158;709;59;203;12;3;0;2.739
;01:0,51 a 1,00;9;50;29;192;212;475;1.857;132;337;39;5;3.337;7;45;32;173;321;436;2.630;217;508;24;15;4.408;0;0;16;95;61;365;533;911;4.487;349;845;63;20;0;7.745
;02:1,01 a 1,50;69;349;249;984;1.695;1.501;12.397;932;1.244;37;14;19.471;43;283;272;926;2.248;1.615;18.418;1.631;3.077;37;9;28.559;0;0;112;632;521;1.910;3.943;3.116;30.815;2.563;4.321;74;23;0;48.030
;03:1,51 a 2,00;33;420;260;772;1.298;972;9.050;813;1.423;44;8;15.093;10;76;51;231;525;386;8.229;1.054;3.085;51;13;13.711;0;0;43;496;311;1.003;1.823;1.358;17.279;1.867;4.508;95;21;0;28.804
;04:2,01 a 3,00;16;369;208;413;856;615;9.738;1.138;4.177;106;25;17.661;7;23;7;33;180;145;8.080;1.117;10.222;118;35;19.967;0;0;23;392;215;446;1.036;760;17.818;2.255;14.399;224;60;0;37.628
;05:3,01 a 4,00;5;65;30;85;273;161;5.372;918;4.575;348;36;11.868;0;12;2;9;104;64;1.812;515;8.070;392;44;11.024;0;0;5;77;32;94;377;225;7.184;1.433;12.645;740;80;0;22.892
;06:4,01 a 5,00;0;18;10;44;129;70;3.228;991;4.730;232;51;9.503;1;3;1;4;26;21;817;263;6.449;304;58;7.947;0;0;1;21;11;48;155;91;4.045;1.254;11.179;536;109;0;17.450
;07:5,01 a 7,00;0;12;7;29;67;61;2.993;673;5.249;357;82;9.530;0;1;0;4;10;16;621;174;5.010;449;98;6.383;0;0;0;13;7;33;77;77;3.614;847;10.259;806;180;0;15.913
;08:7,01 a 10,00;3;12;8;58;77;59;1.951;327;4.798;300;156;7.749;0;2;2;2;9;11;485;112;3.209;281;117;4.230;0;0;3;14;10;60;86;70;2.436;439;8.007;581;273;0;11.979
;09:10,01 a 15,00;0;19;5;47;76;44;928;153;3.585;178;178;5.213;1;1;2;3;11;16;260;71;2.010;129;156;2.660;0;0;1;20;7;50;87;60;1.188;224;5.595;307;334;0;7.873
;10:15,01 a 20,00;2;10;4;18;36;19;352;49;2.041;134;55;2.720;1;0;0;0;4;6;92;24;1.011;49;31;1.218;0;0;3;10;4;18;40;25;444;73;3.052;183;86;0;3.938
;11:Mais de 20,00;5;167;7;10;107;97;731;110;2.342;210;49;3.835;0;0;0;1;1;3;148;46;1.060;88;18;1.365;0;0;5;167;7;11;108;100;879;156;3.402;298;67;0;5.200
;{ñ class};40;671;179;532;971;500;3.969;267;1.154;55;16;8.354;17;71;67;413;657;364;2.929;206;961;49;6;5.740;0;0;57;742;246;945;1.628;864;6.898;473;2.115;104;22;0;14.094
330455:Rio de Janeiro - RJ;Total;3.012;32.745;28.461;57.942;128.115;71.190;648.851;68.712;264.352;16.764;6.768;1.326.912;964;8.086;7.598;18.104;47.682;33.343;474.326;55.680;335.882;24.111;6.605;1.012.381;1;1;3.976;40.831;36.059;76.046;175.797;104.533;1.123.177;124.392;600.234;40.875;13.373;1;2.339.294
;00:Até 0,50;17;65;47;406;604;1.786;7.243;833;2.712;25;11;13.749;8;32;42;264;605;2.240;8.866;965;3.163;15;11;16.211;0;0;25;97;89;670;1.209;4.026;16.109;1.798;5.875;40;22;0;29.960
;01:0,51 a 1,00;87;490;489;1.198;4.503;3.577;29.055;2.237;6.904;175;62;48.777;93;289;326;1.050;2.630;4.055;37.113;3.187;9.390;152;65;58.350;0;0;180;779;815;2.248;7.133;7.632;66.168;5.424;16.294;327;127;0;107.127
;02:1,01 a 1,50;828;6.267;6.023;14.024;34.706;22.218;185.449;7.936;14.578;312;101;292.442;463;4.293;3.871;9.491;24.673;15.762;194.386;11.465;26.535;374;109;291.422;0;0;1.291;10.560;9.894;23.515;59.379;37.980;379.835;19.401;41.113;686;210;0;583.864
;03:1,51 a 2,00;731;6.068;6.183;13.344;28.255;14.303;123.007;8.643;13.848;334;117;214.833;137;1.024;1.132;2.770;7.860;4.313;81.353;8.227;24.602;405;103;131.926;0;0;868;7.092;7.315;16.114;36.115;18.616;204.360;16.870;38.450;739;220;0;346.759
;04:2,01 a 3,00;608;6.791;6.802;15.621;25.510;11.829;105.705;10.987;30.237;1.435;322;215.847;48;361;529;1.483;3.343;2.237;57.919;10.909;55.841;2.840;340;135.850;0;0;656;7.152;7.331;17.104;28.853;14.066;163.624;21.896;86.078;4.275;662;0;351.697
;05:3,01 a 4,00;214;2.413;2.503;3.718;7.709;3.005;39.012;9.757;24.867;1.220;285;94.703;20;138;90;161;712;445;17.556;6.058;43.833;3.426;350;72.789;0;0;234;2.551;2.593;3.879;8.421;3.450;56.568;15.815;68.700;4.646;635;0;167.492
;06:4,01 a 5,00;42;696;707;1.119;2.973;999;20.834;3.950;17.555;1.269;269;50.413;10;57;33;58;320;181;9.589;2.928;27.722;3.052;420;44.370;0;0;52;753;740;1.177;3.293;1.180;30.423;6.878;45.277;4.321;689;0;94.783
;07:5,01 a 7,00;40;1.728;462;699;2.764;2.474;32.776;8.941;29.430;2.272;558;82.144;8;296;56;61;310;262;11.202;3.877;43.154;5.115;729;65.070;0;0;48;2.024;518;760;3.074;2.736;43.978;12.818;72.584;7.387;1.287;0;147.214
;08:7,01 a 10,00;41;4.349;373;362;1.797;1.999;26.172;4.494;33.665;2.171;1.064;76.487;16;421;45;52;234;266;8.384;1.974;35.312;3.281;1.201;51.186;0;0;57;4.770;418;414;2.031;2.265;34.556;6.468;68.977;5.452;2.265;0;127.673
;09:10,01 a 15,00;25;528;625;228;1.370;1.900;18.531;5.195;34.360;2.465;1.551;66.778;14;78;48;67;199;197;5.436;1.298;27.492;2.562;1.681;39.072;0;0;39;606;673;295;1.569;2.097;23.967;6.493;61.852;5.027;3.232;0;105.850
;10:15,01 a 20,00;6;115;95;120;578;262;3.633;935;18.008;1.294;968;26.014;3;16;14;20;82;70;1.784;504;12.372;983;850;16.698;0;0;9;131;109;140;660;332;5.417;1.439;30.380;2.277;1.818;0;42.712
;11:Mais de 20,00;10;111;134;183;1.303;302;4.389;1.334;28.046;3.273;1.110;40.195;5;13;15;16;75;67;1.753;925;15.152;1.567;546;20.134;0;0;15;124;149;199;1.378;369;6.142;2.259;43.198;4.840;1.656;0;60.329
;{ñ class};363;3.124;4.018;6.920;16.043;6.536;53.045;3.470;10.142;519;350;104.530;139;1.068;1.397;2.611;6.639;3.248;38.985;3.363;11.314;339;200;69.303;1;1;502;4.192;5.415;9.531;22.682;9.784;92.030;6.833;21.456;858;550;1;173.834
355030:São Paulo - SP;Total;8.692;41.491;41.879;98.121;191.507;144.363;1.414.124;136.180;720.116;18.874;11.061;2.826.408;3.635;14.356;16.796;44.409;109.999;81.648;1.153.166;143.584;971.215;15.799;9.429;2.564.036;2;2;12.327;55.847;58.675;142.530;301.506;226.011;2.567.290;279.764;1.691.331;34.673;20.490;2;5.390.446
;00:Até 0,50;31;90;94;620;1.155;2.279;9.559;448;1.603;72;64;16.015;34;88;82;679;2.639;2.479;13.575;596;2.586;56;51;22.865;0;0;65;178;176;1.299;3.794;4.758;23.134;1.044;4.189;128;115;0;38.880
;01:0,51 a 1,00;210;657;590;2.344;5.453;10.832;53.282;3.000;5.945;317;139;82.769;237;851;1.065;3.205;10.133;12.190;81.361;4.977;10.670;278;106;125.073;0;0;447;1.508;1.655;5.549;15.586;23.022;134.643;7.977;16.615;595;245;0;207.842
;02:1,01 a 1,50;1.618;7.037;6.086;17.268;37.567;31.648;293.256;13.386;19.885;401;225;428.377;1.464;7.296;7.439;22.076;48.357;32.312;383.014;24.983;42.581;341;202;570.065;0;0;3.082;14.333;13.525;39.344;85.924;63.960;676.270;38.369;62.466;742;427;0;998.442
;03:1,51 a 2,00;1.940;10.584;8.735;23.738;47.480;35.440;323.538;18.231;28.734;457;229;499.106;628;2.885;3.355;9.210;21.474;16.513;253.793;24.859;54.197;358;234;387.506;0;0;2.568;13.469;12.090;32.948;68.954;51.953;577.331;43.090;82.931;815;463;0;886.612
;04:2,01 a 3,00;2.058;9.835;10.601;24.711;46.238;29.448;301.673;26.762;64.067;962;441;516.796;298;903;1.421;3.003;10.430;7.209;179.969;31.493;144.927;871;407;380.931;0;0;2.356;10.738;12.022;27.714;56.668;36.657;481.642;58.255;208.994;1.833;848;0;897.727
;05:3,01 a 4,00;645;3.933;5.510;10.783;18.226;10.193;140.559;18.934;73.484;1.018;438;283.723;88;187;461;623;3.260;1.944;75.219;18.260;131.292;1.154;458;232.946;0;0;733;4.120;5.971;11.406;21.486;12.137;215.778;37.194;204.776;2.172;896;0;516.669
;06:4,01 a 5,00;262;1.424;2.005;3.711;6.408;3.855;70.057;13.174;69.586;999;499;171.980;63;75;216;264;1.261;761;32.496;11.017;111.146;1.113;549;158.961;0;0;325;1.499;2.221;3.975;7.669;4.616;102.553;24.191;180.732;2.112;1.048;0;330.941
;07:5,01 a 7,00;240;843;1.043;2.281;4.383;2.641;64.687;14.418;111.960;1.711;986;205.193;86;42;92;245;838;658;25.617;9.755;163.468;2.161;998;203.960;0;0;326;885;1.135;2.526;5.221;3.299;90.304;24.173;275.428;3.872;1.984;0;409.153
;08:7,01 a 10,00;224;364;380;832;2.144;1.420;28.817;10.288;106.531;2.332;1.430;154.762;115;45;41;147;422;441;13.763;5.379;127.114;2.693;1.542;151.702;0;0;339;409;421;979;2.566;1.861;42.580;15.667;233.645;5.025;2.972;0;306.464
;09:10,01 a 15,00;249;677;307;772;1.001;947;14.652;6.561;98.633;3.485;2.591;129.875;101;30;49;114;338;338;9.689;2.950;80.301;2.737;2.256;98.903;0;0;350;707;356;886;1.339;1.285;24.341;9.511;178.934;6.222;4.847;0;228.778
;10:15,01 a 20,00;79;618;255;461;503;489;5.650;2.241;49.107;2.027;1.679;63.109;25;16;26;72;183;203;4.785;1.267;32.789;1.350;1.252;41.968;0;0;104;634;281;533;686;692;10.435;3.508;81.896;3.377;2.931;0;105.077
;11:Mais de 20,00;147;384;238;539;861;727;10.123;4.285;73.994;4.405;2.037;97.740;45;17;16;33;142;207;8.311;2.854;48.575;2.244;1.194;63.638;0;0;192;401;254;572;1.003;934;18.434;7.139;122.569;6.649;3.231;0;161.378
;{ñ class};989;5.045;6.035;10.061;20.088;14.444;98.271;4.452;16.587;688;303;176.963;451;1.921;2.533;4.738;10.522;6.393;71.574;5.194;21.569;443;180;125.518;2;2;1.440;6.966;8.568;14.799;30.610;20.837;169.845;9.646;38.156;1.131;483;2;302.483
410690:Curitiba - PR;Total;796;5.779;5.253;12.620;30.654;23.998;247.538;24.754;118.122;4.641;2.848;477.003;563;2.987;3.288;7.407;24.519;16.295;206.348;24.086;165.627;5.405;2.456;458.981;0;0;1.359;8.766;8.541;20.027;55.173;40.293;453.886;48.840;283.749;10.046;5.304;0;935.984
;00:Até 0,50;5;23;13;69;159;289;1.357;77;276;31;20;2.319;9;36;35;99;373;290;1.578;133;360;42;9;2.964;0;0;14;59;48;168;532;579;2.935;210;636;73;29;0;5.283
;01:0,51 a 1,00;20;159;102;570;1.297;2.763;10.254;877;1.189;95;51;17.377;43;297;349;879;3.603;3.415;16.715;1.524;2.034;106;46;29.011;0;0;63;456;451;1.449;4.900;6.178;26.969;2.401;3.223;201;97;0;46.388
;02:1,01 a 1,50;209;1.058;881;2.536;6.216;5.461;50.094;3.352;3.586;112;63;73.568;275;1.439;1.530;3.596;12.496;6.414;72.536;5.989;8.089;120;70;112.554;0;0;484;2.497;2.411;6.132;18.712;11.875;122.630;9.341;11.675;232;133;0;186.122
;03:1,51 a 2,00;185;1.445;1.248;3.059;7.652;5.362;52.203;3.768;4.867;108;69;79.966;88;612;644;1.340;4.066;3.065;44.595;5.135;10.560;148;71;70.324;0;0;273;2.057;1.892;4.399;11.718;8.427;96.798;8.903;15.427;256;140;0;150.290
;04:2,01 a 3,00;152;1.484;1.313;3.160;8.098;5.166;58.633;5.330;12.197;344;166;96.043;38;138;180;407;1.376;1.252;32.092;5.029;24.331;540;161;65.544;0;0;190;1.622;1.493;3.567;9.474;6.418;90.725;10.359;36.528;884;327;0;161.587
;05:3,01 a 4,00;37;409;434;913;2.423;1.597;20.866;2.877;13.359;456;179;43.550;13;22;32;57;310;271;10.698;2.323;33.875;761;181;48.543;0;0;50;431;466;970;2.733;1.868;31.564;5.200;47.234;1.217;360;0;92.093
;06:4,01 a 5,00;22;169;183;385;857;559;9.409;1.701;10.542;414;141;24.382;4;11;11;22;121;117;4.688;1.136;20.113;667;166;27.056;0;0;26;180;194;407;978;676;14.097;2.837;30.655;1.081;307;0;51.438
;07:5,01 a 7,00;8;104;127;250;552;424;11.575;3.790;24.852;663;268;42.613;1;9;10;24;101;122;3.371;1.048;32.100;1.022;278;38.086;0;0;9;113;137;274;653;546;14.946;4.838;56.952;1.685;546;0;80.699
;08:7,01 a 10,00;8;35;36;97;267;222;4.878;1.138;17.180;740;410;25.011;3;8;9;16;43;65;1.591;346;14.735;887;385;18.088;0;0;11;43;45;113;310;287;6.469;1.484;31.915;1.627;795;0;43.099
;09:10,01 a 15,00;6;26;25;57;142;141;2.387;572;13.355;709;738;18.158;1;10;13;18;37;41;1.047;229;8.676;632;639;11.343;0;0;7;36;38;75;179;182;3.434;801;22.031;1.341;1.377;0;29.501
;10:15,01 a 20,00;2;14;4;38;56;69;811;204;6.111;354;458;8.121;1;3;3;9;17;33;518;132;3.285;171;327;4.499;0;0;3;17;7;47;73;102;1.329;336;9.396;525;785;0;12.620
;11:Mais de 20,00;5;24;27;55;134;150;1.197;313;8.300;452;224;10.881;2;2;1;3;6;19;634;223;4.799;192;87;5.968;0;0;7;26;28;58;140;169;1.831;536;13.099;644;311;0;16.849
;{ñ class};137;829;860;1.431;2.801;1.795;23.874;755;2.308;163;61;35.014;85;400;471;937;1.970;1.191;16.285;839;2.670;117;36;25.001;0;0;222;1.229;1.331;2.368;4.771;2.986;40.159;1.594;4.978;280;97;0;60.015
420540:Florianópolis - SC;Total;209;944;1.278;3.492;7.374;5.283;57.350;8.014;64.532;3.098;1.910;153.484;264;942;1.149;3.459;6.323;4.602;55.357;9.207;71.103;3.699;1.883;157.988;1;1;473;1.886;2.427;6.951;13.697;9.885;112.707;17.221;135.635;6.797;3.793;1;311.473
;00:Até 0,50;4;5;7;15;36;84;431;38;218;7;1;846;3;7;13;49;70;100;607;47;171;8;2;1.077;0;0;7;12;20;64;106;184;1.038;85;389;15;3;0;1.923
;01:0,51 a 1,00;26;34;37;223;260;628;2.379;239;2.100;40;11;5.977;22;92;99;455;667;969;4.722;492;1.013;28;13;8.572;0;0;48;126;136;678;927;1.597;7.101;731;3.113;68;24;0;14.549
;02:1,01 a 1,50;65;133;129;567;1.216;1.109;11.159;1.057;2.978;89;11;18.513;95;431;498;1.716;2.621;1.558;16.000;2.007;3.382;101;18;28.427;0;0;160;564;627;2.283;3.837;2.667;27.159;3.064;6.360;190;29;0;46.940
;03:1,51 a 2,00;45;213;292;838;1.857;1.363;15.089;1.378;2.207;47;17;23.346;48;161;143;445;1.043;961;14.528;2.120;3.677;73;20;23.219;0;0;93;374;435;1.283;2.900;2.324;29.617;3.498;5.884;120;37;0;46.565
;04:2,01 a 3,00;21;220;244;687;1.618;963;12.864;1.842;4.843;131;35;23.468;26;37;56;175;575;417;9.434;2.359;9.347;192;57;22.675;0;0;47;257;300;862;2.193;1.380;22.298;4.201;14.190;323;92;0;46.143
;05:3,01 a 4,00;7;82;121;330;736;336;4.423;987;4.169;180;57;11.428;5;9;17;31;128;64;2.500;739;8.072;359;113;12.037;0;0;12;91;138;361;864;400;6.923;1.726;12.241;539;170;0;23.465
;06:4,01 a 5,00;4;18;44;144;286;105;1.887;581;4.440;294;75;7.878;7;6;9;19;40;36;938;353;10.635;477;112;12.632;0;0;11;24;53;163;326;141;2.825;934;15.075;771;187;0;20.510
;07:5,01 a 7,00;6;10;56;116;204;95;1.770;617;14.464;481;119;17.938;11;1;9;18;42;23;927;322;14.027;750;145;16.275;0;0;17;11;65;134;246;118;2.697;939;28.491;1.231;264;0;34.213
;08:7,01 a 10,00;6;3;17;28;88;62;1.320;436;10.638;509;407;13.514;2;6;10;23;87;27;759;164;9.207;830;453;11.568;0;0;8;9;27;51;175;89;2.079;600;19.845;1.339;860;0;25.082
;09:10,01 a 15,00;2;12;12;18;55;58;782;259;8.302;646;753;10.899;3;1;2;11;19;17;378;100;6.170;552;726;7.979;0;0;5;13;14;29;74;75;1.160;359;14.472;1.198;1.479;0;18.878
;10:15,01 a 20,00;1;5;2;17;22;7;393;116;4.357;277;288;5.485;0;1;0;1;8;11;180;56;2.403;174;172;3.006;0;0;1;6;2;18;30;18;573;172;6.760;451;460;0;8.491
;11:Mais de 20,00;1;9;7;19;27;25;479;151;4.239;359;128;5.444;1;0;0;1;3;4;177;80;1.881;138;44;2.329;0;0;2;9;7;20;30;29;656;231;6.120;497;172;0;7.773
;{ñ class};21;200;310;490;969;448;4.374;313;1.577;38;8;8.748;41;190;293;515;1.020;415;4.207;368;1.118;17;8;8.192;1;1;62;390;603;1.005;1.989;863;8.581;681;2.695;55;16;1;16.941
431490:Porto Alegre - RS;Total;564;3.455;3.391;14.764;26.174;19.137;142.788;22.441;97.323;4.244;1.749;336.030;338;1.872;1.702;7.398;16.891;13.804;135.444;22.056;140.478;5.929;2.132;348.044;2;2;902;5.327;5.093;22.162;43.065;32.941;278.232;44.497;237.801;10.173;3.881;2;684.076
;00:Até 0,50;1;18;18;194;190;538;950;93;178;11;3;2.194;8;30;34;189;261;682;1.042;116;170;7;4;2.543;0;0;9;48;52;383;451;1.220;1.992;209;348;18;7;0;4.737
;01:0,51 a 1,00;19;167;87;766;1.042;2.096;5.205;570;630;43;17;10.642;35;270;170;1.041;1.558;2.793;8.257;872;1.054;66;27;16.143;0;0;54;437;257;1.807;2.600;4.889;13.462;1.442;1.684;109;44;0;26.785
;02:1,01 a 1,50;112;660;665;2.789;5.645;4.663;30.066;2.762;2.417;112;21;49.912;123;733;623;2.697;7.263;4.994;43.475;4.550;6.704;108;28;71.298;0;0;235;1.393;1.288;5.486;12.908;9.657;73.541;7.312;9.121;220;49;0;121.210
;03:1,51 a 2,00;166;898;902;3.798;7.311;4.630;33.091;3.493;5.484;257;36;60.066;81;402;393;1.555;3.531;2.401;27.893;4.487;18.729;470;60;60.002;0;0;247;1.300;1.295;5.353;10.842;7.031;60.984;7.980;24.213;727;96;0;120.068
;04:2,01 a 3,00;108;684;698;2.689;5.060;3.248;29.528;4.670;8.967;496;115;56.263;35;116;116;498;1.332;925;21.880;4.851;25.771;1.084;200;56.808;0;0;143;800;814;3.187;6.392;4.173;51.408;9.521;34.738;1.580;315;0;113.071
;05:3,01 a 4,00;25;178;193;864;1.477;953;10.993;2.921;10.704;462;101;28.871;10;16;23;100;268;258;8.175;2.552;23.933;751;161;36.247;0;0;35;194;216;964;1.745;1.211;19.168;5.473;34.637;1.213;262;0;65.118
;06:4,01 a 5,00;11;61;67;354;601;384;5.948;1.851;10.966;288;107;20.638;2;9;7;40;132;93;5.060;1.219;14.156;496;162;21.376;0;0;13;70;74;394;733;477;11.008;3.070;25.122;784;269;0;42.014
;07:5,01 a 7,00;17;52;47;287;431;310;5.802;2.257;15.848;509;192;25.752;1;4;9;28;105;102;3.566;1.125;15.368;743;237;21.288;0;0;18;56;56;315;536;412;9.368;3.382;31.216;1.252;429;0;47.040
;08:7,01 a 10,00;8;20;20;168;379;269;4.383;1.512;13.664;609;271;21.303;1;5;6;16;73;84;2.343;586;13.149;893;370;17.526;0;0;9;25;26;184;452;353;6.726;2.098;26.813;1.502;641;0;38.829
;09:10,01 a 15,00;7;32;29;101;196;147;2.565;887;13.120;568;376;18.028;1;2;2;23;55;62;1.315;317;10.143;658;492;13.070;0;0;8;34;31;124;251;209;3.880;1.204;23.263;1.226;868;0;31.098
;10:15,01 a 20,00;6;7;13;66;89;95;838;252;6.108;297;190;7.961;0;0;3;12;27;44;478;126;4.348;261;196;5.495;0;0;6;7;16;78;116;139;1.316;378;10.456;558;386;0;13.456
;11:Mais de 20,00;5;16;18;132;165;135;1.155;442;7.389;484;270;10.211;1;1;1;9;15;29;744;266;4.815;282;158;6.321;0;0;6;17;19;141;180;164;1.899;708;12.204;766;428;0;16.532
;{ñ class};79;662;634;2.556;3.588;1.669;12.264;731;1.848;108;50;24.189;40;284;315;1.190;2.271;1.337;11.216;989;2.138;110;37;19.927;2;2;119;946;949;3.746;5.859;3.006;23.480;1.720;3.986;218;87;2;44.118
500270:Campo Grande - MS;Total;365;2.498;1.910;6.601;10.891;10.988;80.205;7.000;33.412;1.770;1.020;156.660;193;1.245;941;2.761;6.686;6.600;69.184;7.331;52.439;1.913;1.106;150.399;0;0;558;3.743;2.851;9.362;17.577;17.588;149.389;14.331;85.851;3.683;2.126;0;307.059
;00:Até 0,50;3;22;10;87;94;509;611;41;145;8;1;1.531;3;20;7;95;122;481;808;59;220;5;4;1.824;0;0;6;42;17;182;216;990;1.419;100;365;13;5;0;3.355
;01:0,51 a 1,00;26;185;75;357;659;1.289;4.119;314;598;46;7;7.675;22;206;124;397;690;1.379;6.177;469;1.057;42;3;10.566;0;0;48;391;199;754;1.349;2.668;10.296;783;1.655;88;10;0;18.241
;02:1,01 a 1,50;146;706;497;1.851;3.095;3.338;24.489;1.476;1.669;41;11;37.319;88;613;481;1.280;3.146;2.700;30.065;2.280;4.228;51;14;44.946;0;0;234;1.319;978;3.131;6.241;6.038;54.554;3.756;5.897;92;25;0;82.265
;03:1,51 a 2,00;51;528;395;1.466;2.577;2.108;17.370;1.126;1.905;35;8;27.569;25;165;106;335;869;705;11.692;1.426;3.754;54;22;19.153;0;0;76;693;501;1.801;3.446;2.813;29.062;2.552;5.659;89;30;0;46.722
;04:2,01 a 3,00;50;424;375;1.207;2.015;1.564;14.002;1.430;4.130;96;20;25.313;14;54;41;101;646;330;8.201;1.266;9.085;165;54;19.957;0;0;64;478;416;1.308;2.661;1.894;22.203;2.696;13.215;261;74;0;45.270
;05:3,01 a 4,00;9;106;105;311;569;431;4.928;756;3.529;140;28;10.912;5;11;6;17;237;89;2.688;554;6.970;176;31;10.784;0;0;14;117;111;328;806;520;7.616;1.310;10.499;316;59;0;21.696
;06:4,01 a 5,00;3;47;35;159;243;186;2.510;505;4.078;209;71;8.046;3;6;3;8;47;63;1.357;372;7.781;248;92;9.980;0;0;6;53;38;167;290;249;3.867;877;11.859;457;163;0;18.026
;07:5,01 a 7,00;7;38;26;93;140;176;1.931;401;5.058;332;75;8.277;0;7;0;15;27;51;874;238;7.919;438;100;9.669;0;0;7;45;26;108;167;227;2.805;639;12.977;770;175;0;17.946
;08:7,01 a 10,00;2;19;15;34;66;83;900;279;4.252;288;202;6.140;0;1;2;7;20;22;373;105;4.452;318;249;5.549;0;0;2;20;17;41;86;105;1.273;384;8.704;606;451;0;11.689
;09:10,01 a 15,00;3;15;17;28;43;50;754;212;3.516;369;332;5.339;1;0;2;0;19;23;291;78;3.297;285;326;4.322;0;0;4;15;19;28;62;73;1.045;290;6.813;654;658;0;9.661
;10:15,01 a 20,00;2;12;5;19;35;26;298;38;1.553;87;190;2.265;1;3;2;0;8;11;136;44;1.215;70;156;1.646;0;0;3;15;7;19;43;37;434;82;2.768;157;346;0;3.911
;11:Mais de 20,00;8;10;12;28;51;36;479;83;2.281;101;71;3.160;2;0;1;1;5;14;153;49;1.220;46;52;1.543;0;0;10;10;13;29;56;50;632;132;3.501;147;123;0;4.703
;{ñ class};55;386;343;961;1.304;1.192;7.814;339;698;18;4;13.114;29;159;166;505;850;732;6.369;391;1.241;15;3;10.460;0;0;84;545;509;1.466;2.154;1.924;14.183;730;1.939;33;7;0;23.574
510340:Cuiabá - MT;Total;269;1.670;1.226;3.404;6.339;8.351;93.658;4.380;34.471;1.217;581;155.566;77;472;447;1.025;2.548;4.427;76.908;4.599;38.276;1.621;654;131.054;0;0;346;2.142;1.673;4.429;8.887;12.778;170.566;8.979;72.747;2.838;1.235;0;286.620
;00:Até 0,50;1;10;2;57;47;437;421;24;36;2;3;1.040;1;4;6;44;42;459;515;29;53;5;2;1.160;0;0;2;14;8;101;89;896;936;53;89;7;5;0;2.200
;01:0,51 a 1,00;16;63;40;126;233;836;3.681;151;225;19;6;5.396;10;58;48;125;252;839;4.536;218;412;22;8;6.528;0;0;26;121;88;251;485;1.675;8.217;369;637;41;14;0;11.924
;02:1,01 a 1,50;106;452;309;714;1.547;2.385;22.358;837;1.167;28;4;29.907;40;239;214;487;1.261;1.884;25.694;1.408;2.702;39;9;33.977;0;0;146;691;523;1.201;2.808;4.269;48.052;2.245;3.869;67;13;0;63.884
;03:1,51 a 2,00;55;434;309;806;1.620;1.751;18.961;836;1.601;49;8;26.430;12;57;67;142;365;518;12.065;943;3.283;95;4;17.551;0;0;67;491;376;948;1.985;2.269;31.026;1.779;4.884;144;12;0;43.981
;04:2,01 a 3,00;19;288;225;776;1.195;1.318;14.134;1.020;2.803;38;12;21.828;2;20;22;45;133;205;8.464;861;5.986;81;15;15.834;0;0;21;308;247;821;1.328;1.523;22.598;1.881;8.789;119;27;0;37.662
;05:3,01 a 4,00;6;86;79;252;426;461;6.117;453;2.583;116;8;10.587;3;10;8;8;47;52;4.747;321;5.969;171;17;11.353;0;0;9;96;87;260;473;513;10.864;774;8.552;287;25;0;21.940
;06:4,01 a 5,00;4;41;22;129;207;150;3.124;234;2.346;77;38;6.372;1;1;3;2;32;37;2.510;159;3.743;145;49;6.682;0;0;5;42;25;131;239;187;5.634;393;6.089;222;87;0;13.054
;07:5,01 a 7,00;4;30;12;49;118;112;4.651;227;7.279;270;38;12.790;0;3;1;3;27;18;5.504;142;6.008;453;70;12.229;0;0;4;33;13;52;145;130;10.155;369;13.287;723;108;0;25.019
;08:7,01 a 10,00;1;12;11;22;47;61;5.802;135;7.185;225;138;13.639;0;3;0;7;17;16;2.602;67;3.791;331;157;6.991;0;0;1;15;11;29;64;77;8.404;202;10.976;556;295;0;20.630
;09:10,01 a 15,00;1;13;7;17;43;37;2.481;83;4.631;197;199;7.709;1;1;1;6;19;16;2.152;45;2.522;160;177;5.100;0;0;2;14;8;23;62;53;4.633;128;7.153;357;376;0;12.809
;10:15,01 a 20,00;0;9;1;14;11;22;1.312;43;1.466;23;82;2.983;0;0;0;1;11;8;1.167;18;846;17;48;2.116;0;0;0;9;1;15;22;30;2.479;61;2.312;40;130;0;5.099
;11:Mais de 20,00;2;6;9;27;26;40;1.516;83;2.072;149;21;3.951;0;0;0;1;3;8;612;53;1.091;72;10;1.850;0;0;2;6;9;28;29;48;2.128;136;3.163;221;31;0;5.801
;{ñ class};54;226;200;415;819;741;9.100;254;1.077;24;24;12.934;7;76;77;154;339;367;6.340;335;1.870;30;88;9.683;0;0;61;302;277;569;1.158;1.108;15.440;589;2.947;54;112;0;22.617
520870:Goiânia - GO;Total;950;5.672;4.429;17.412;20.099;22.214;186.615;10.881;63.283;2.191;1.306;335.052;469;1.550;1.727;7.410;11.093;13.773;149.584;12.250;106.821;2.067;1.213;307.957;0;0;1.419;7.222;6.156;24.822;31.192;35.987;336.199;23.131;170.104;4.258;2.519;0;643.009
;00:Até 0,50;7;34;21;1.967;101;3.137;1.203;99;337;46;6;6.958;3;21;15;1.609;92;3.552;1.519;138;270;26;3;7.248;0;0;10;55;36;3.576;193;6.689;2.722;237;607;72;9;0;14.206
;01:0,51 a 1,00;74;223;171;572;909;1.856;10.244;515;1.569;88;12;16.233;34;121;129;468;917;1.675;12.158;780;2.243;75;17;18.617;0;0;108;344;300;1.040;1.826;3.531;22.402;1.295;3.812;163;29;0;34.850
;02:1,01 a 1,50;346;1.556;1.154;4.365;5.627;6.581;57.800;2.514;5.931;125;21;86.020;255;882;936;2.430;5.215;5.033;64.809;4.011;14.007;100;25;97.703;0;0;601;2.438;2.090;6.795;10.842;11.614;122.609;6.525;19.938;225;46;0;183.723
;03:1,51 a 2,00;208;1.019;855;2.812;4.154;3.720;36.019;1.920;5.343;94;18;56.162;60;193;250;954;1.906;1.391;27.220;2.467;11.526;109;28;46.104;0;0;268;1.212;1.105;3.766;6.060;5.111;63.239;4.387;16.869;203;46;0;102.266
;04:2,01 a 3,00;114;1.094;955;3.427;3.730;2.906;28.064;2.290;7.577;170;43;50.370;29;66;110;819;1.180;637;16.831;2.127;15.841;211;51;37.902;0;0;143;1.160;1.065;4.246;4.910;3.543;44.895;4.417;23.418;381;94;0;88.272
;05:3,01 a 4,00;33;282;298;1.123;1.157;915;10.201;1.055;7.551;193;75;22.883;8;9;15;258;310;149;6.376;843;14.689;215;45;22.917;0;0;41;291;313;1.381;1.467;1.064;16.577;1.898;22.240;408;120;0;45.800
;06:4,01 a 5,00;16;113;78;360;735;334;6.064;563;5.678;140;54;14.135;1;5;6;64;124;58;3.445;386;12.810;162;64;17.125;0;0;17;118;84;424;859;392;9.509;949;18.488;302;118;0;31.260
;07:5,01 a 7,00;7;96;62;321;737;319;10.827;592;8.564;235;75;21.835;4;7;9;51;92;46;3.367;275;15.066;265;90;19.272;0;0;11;103;71;372;829;365;14.194;867;23.630;500;165;0;41.107
;08:7,01 a 10,00;7;104;51;321;270;162;7.036;331;7.544;292;246;16.364;3;5;2;55;38;29;1.765;179;9.174;357;240;11.847;0;0;10;109;53;376;308;191;8.801;510;16.718;649;486;0;28.211
;09:10,01 a 15,00;4;72;22;73;104;93;2.158;206;4.995;438;502;8.667;2;3;1;11;16;21;739;123;4.503;330;509;6.258;0;0;6;75;23;84;120;114;2.897;329;9.498;768;1.011;0;14.925
;10:15,01 a 20,00;1;30;9;29;46;51;875;58;2.639;142;172;4.052;0;0;0;6;8;6;359;56;2.073;61;89;2.658;0;0;1;30;9;35;54;57;1.234;114;4.712;203;261;0;6.710
;11:Mais de 20,00;1;47;14;50;56;80;970;132;3.704;88;46;5.188;0;0;4;1;4;15;469;127;2.420;51;20;3.111;0;0;1;47;18;51;60;95;1.439;259;6.124;139;66;0;8.299
;{ñ class};132;1.002;739;1.992;2.473;2.060;15.154;606;1.851;140;36;26.185;70;238;250;684;1.191;1.161;10.527;738;2.199;105;32;17.195;0;0;202;1.240;989;2.676;3.664;3.221;25.681;1.344;4.050;245;68;0;43.380
530010:Brasília - DF;Total;1.434;9.895;7.295;22.715;46.887;34.197;332.374;25.806;209.931;9.761;4.842;705.137;517;2.376;2.130;9.186;20.917;18.847;232.317;27.549;216.804;10.253;4.019;544.915;1;1;1.951;12.271;9.425;31.901;67.804;53.044;564.691;53.355;426.735;20.014;8.861;1;1.250.053
;00:Até 0,50;10;48;31;746;235;2.179;2.335;237;881;30;23;6.755;2;19;18;447;179;2.227;2.364;261;753;30;6;6.306;0;0;12;67;49;1.193;414;4.406;4.699;498;1.634;60;29;0;13.061
;01:0,51 a 1,00;79;544;234;1.395;2.391;2.659;16.069;1.059;3.123;110;16;27.679;42;156;100;662;1.049;2.202;14.940;1.428;3.190;90;23;23.882;0;0;121;700;334;2.057;3.440;4.861;31.009;2.487;6.313;200;39;0;51.561
;02:1,01 a 1,50;606;3.263;2.382;6.959;13.767;11.510;95.979;5.197;8.589;171;65;148.488;309;1.408;1.201;5.110;11.358;8.735;98.127;7.446;13.720;177;45;147.636;0;0;915;4.671;3.583;12.069;25.125;20.245;194.106;12.643;22.309;348;110;0;296.124
;03:1,51 a 2,00;230;2.397;1.801;4.245;9.417;5.972;50.196;3.807;7.443;199;58;85.765;58;211;232;959;2.825;1.855;32.882;4.012;11.655;194;55;54.938;0;0;288;2.608;2.033;5.204;12.242;7.827;83.078;7.819;19.098;393;113;0;140.703
;04:2,01 a 3,00;151;1.375;1.100;3.310;7.600;4.129;46.110;4.682;13.246;344;131;82.178;30;110;96;481;1.536;1.036;23.742;4.325;20.285;364;125;52.130;0;0;181;1.485;1.196;3.791;9.136;5.165;69.852;9.007;33.531;708;256;0;134.308
;05:3,01 a 4,00;33;355;279;1.322;2.565;1.496;19.681;2.738;11.669;455;152;40.745;4;18;16;132;373;241;10.485;2.232;18.270;494;137;32.402;0;0;37;373;295;1.454;2.938;1.737;30.166;4.970;29.939;949;289;0;73.147
;06:4,01 a 5,00;15;201;120;736;1.069;526;13.825;1.716;11.633;370;181;30.392;4;23;18;130;276;120;9.701;2.223;17.576;568;182;30.821;0;0;19;224;138;866;1.345;646;23.526;3.939;29.209;938;363;0;61.213
;07:5,01 a 7,00;37;166;136;690;760;741;20.378;1.983;22.533;967;332;48.723;3;20;11;96;140;119;7.917;1.903;28.680;1.437;392;40.718;0;0;40;186;147;786;900;860;28.295;3.886;51.213;2.404;724;0;89.441
;08:7,01 a 10,00;17;159;79;412;2.088;410;20.801;1.194;32.124;1.485;536;59.305;7;12;11;47;140;88;4.755;806;38.369;2.426;534;47.195;0;0;24;171;90;459;2.228;498;25.556;2.000;70.493;3.911;1.070;0;106.500
;09:10,01 a 15,00;11;128;73;195;778;322;11.457;842;40.365;1.931;1.248;57.350;0;13;6;38;97;82;2.089;462;28.823;2.211;1.156;34.977;0;0;11;141;79;233;875;404;13.546;1.304;69.188;4.142;2.404;0;92.327
;10:15,01 a 20,00;4;69;37;97;235;111;1.599;303;24.097;1.158;944;28.654;2;2;1;8;22;34;722;162;13.157;946;767;15.823;0;0;6;71;38;105;257;145;2.321;465;37.254;2.104;1.711;0;44.477
;11:Mais de 20,00;9;58;31;84;254;105;1.746;352;27.242;2.113;967;32.961;1;0;7;12;63;25;1.038;203;14.732;1.022;457;17.560;0;0;10;58;38;96;317;130;2.784;555;41.974;3.135;1.424;0;50.521
;{ñ class};232;1.132;992;2.524;5.728;4.037;32.198;1.696;6.986;428;189;56.142;55;384;413;1.064;2.859;2.083;23.555;2.086;7.594;294;140;40.527;1;1;287;1.516;1.405;3.588;8.587;6.120;55.753;3.782;14.580;722;329;1;96.670
{ñ class};Total;111.048;612.509;507.471;1.115.714;1.767.015;1.423.205;10.693.550;606.787;2.048.598;70.569;40.854;18.997.320;36.356;178.122;177.786;421.964;796.274;709.610;7.716.604;655.173;3.522.457;111.347;50.967;14.376.660;37;37;147.404;790.631;685.257;1.537.678;2.563.289;2.132.815;18.410.154;1.261.960;5.571.055;181.916;91.821;37;33.374.017
;00:Até 0,50;608;2.345;1.825;8.698;8.893;33.222;65.785;3.326;10.350;722;268;136.042;405;1.648;1.603;6.713;8.144;31.101;73.579;4.970;14.609;791;299;143.862;0;0;1.013;3.993;3.428;15.411;17.037;64.323;139.364;8.296;24.959;1.513;567;0;279.904
;01:0,51 a 1,00;11.912;39.338;25.436;61.569;90.512;129.349;613.348;23.899;55.058;3.252;927;1.054.600;4.250;18.201;15.685;41.385;73.572;111.052;729.561;45.922;110.002;3.468;1.082;1.154.180;0;0;16.162;57.539;41.121;102.954;164.084;240.401;1.342.909;69.821;165.060;6.720;2.009;0;2.208.780
;02:1,01 a 1,50;42.957;194.468;135.679;312.845;476.108;440.303;3.015.134;112.490;156.985;4.412;1.448;4.892.829;15.763;88.965;82.652;207.797;379.814;322.611;3.369.784;203.683;409.666;5.862;1.992;5.088.589;0;0;58.720;283.433;218.331;520.642;855.922;762.914;6.384.918;316.173;566.651;10.274;3.440;0;9.981.418
;03:1,51 a 2,00;22.863;140.838;113.697;263.101;411.917;322.891;2.403.386;109.620;185.342;3.921;1.523;3.979.099;7.183;35.437;36.580;87.903;167.244;130.645;1.665.666;142.994;444.980;6.609;3.262;2.728.503;0;0;30.046;176.275;150.277;351.004;579.161;453.536;4.069.052;252.614;630.322;10.530;4.785;0;6.707.602
;04:2,01 a 3,00;13.441;110.475;108.177;234.351;381.841;254.928;2.182.008;131.709;336.839;8.158;3.044;3.764.971;2.778;11.431;15.303;28.975;74.508;49.370;967.499;124.626;793.137;17.461;7.178;2.092.266;0;0;16.219;121.906;123.480;263.326;456.349;304.298;3.149.507;256.335;1.129.976;25.619;10.222;0;5.857.237
;05:3,01 a 4,00;2.664;29.742;34.442;74.408;128.118;77.475;816.986;71.884;270.673;7.594;2.619;1.516.605;892;1.376;2.252;3.964;13.102;9.327;249.878;49.049;598.925;17.997;5.535;952.297;0;0;3.556;31.118;36.694;78.372;141.220;86.802;1.066.864;120.933;869.598;25.591;8.154;0;2.468.902
;06:4,01 a 5,00;1.032;9.239;11.494;24.511;47.035;27.543;358.823;39.108;195.958;6.181;2.144;723.068;469;492;695;1.322;4.512;3.431;92.873;22.167;370.819;13.794;4.207;514.781;0;0;1.501;9.731;12.189;25.833;51.547;30.974;451.696;61.275;566.777;19.975;6.351;0;1.237.849
;07:5,01 a 7,00;821;5.665;6.691;14.554;30.170;18.922;280.607;41.889;247.272;8.996;3.292;658.879;377;408;749;1.049;3.580;3.142;70.249;18.111;356.612;18.419;5.193;477.889;0;0;1.198;6.073;7.440;15.603;33.750;22.064;350.856;60.000;603.884;27.415;8.485;0;1.136.768
;08:7,01 a 10,00;623;3.158;2.686;6.725;12.948;9.764;130.100;24.063;206.740;8.860;5.889;411.556;214;312;402;877;2.146;2.030;35.309;8.236;177.854;13.523;6.774;247.677;0;0;837;3.470;3.088;7.602;15.094;11.794;165.409;32.299;384.594;22.383;12.663;0;659.233
;09:10,01 a 15,00;571;3.210;2.158;5.575;9.334;6.749;73.116;13.216;160.033;8.241;10.659;292.862;206;379;308;1.307;2.032;1.877;28.679;4.766;86.184;7.221;9.500;142.459;0;0;777;3.589;2.466;6.882;11.366;8.626;101.795;17.982;246.217;15.462;20.159;0;435.321
;10:15,01 a 20,00;322;2.028;1.363;3.709;5.030;3.709;34.211;5.035;66.384;3.148;4.809;129.748;154;222;309;1.183;1.328;1.401;16.293;2.656;30.056;1.775;3.320;58.697;0;0;476;2.250;1.672;4.892;6.358;5.110;50.504;7.691;96.440;4.923;8.129;0;188.445
;11:Mais de 20,00;797;4.310;2.405;5.953;9.051;5.639;58.238;10.390;92.979;4.164;3.131;197.057;174;111;151;446;860;947;17.310;5.435;47.119;1.745;1.623;75.921;0;0;971;4.421;2.556;6.399;9.911;6.586;75.548;15.825;140.098;5.909;4.754;0;272.978
;{ñ class};12.437;67.693;61.418;99.715;156.058;92.711;661.808;20.158;63.985;2.920;1.101;1.240.004;3.491;19.140;21.097;39.043;65.432;42.676;399.924;22.558;82.494;2.682;1.002;699.539;37;37;15.928;86.833;82.515;138.758;221.490;135.387;1.061.732;42.716;146.479;5.602;2.103;37;1.939.580
Total;Total;139.985;798.690;658.232;1.493.192;2.501.789;1.951.101;16.124.321;1.076.365;4.430.825;173.429;96.483;29.444.412;47.925;240.482;230.985;575.295;1.172.111;990.564;11.895.458;1.115.869;6.734.264;235.748;107.695;23.346.396;56;56;187.910;1.039.172;889.217;2.068.487;3.673.900;2.941.665;28.019.779;2.192.234;11.165.089;409.177;204.178;56;52.790.864
;00:Até 0,50;762;3.036;2.336;14.606;12.974;53.189;111.873;6.641;20.823;1.203;461;227.904;588;2.168;2.146;11.470;13.919;52.370;127.707;8.947;26.522;1.241;487;247.565;0;0;1.350;5.204;4.482;26.076;26.893;105.559;239.580;15.588;47.345;2.444;948;0;475.469
;01:0,51 a 1,00;13.474;48.260;30.288;77.218;123.376;172.297;894.296;39.989;92.971;5.267;1.497;1.498.933;5.236;26.019;20.223;55.159;107.274;153.244;1.081.012;70.486;168.226;5.564;1.701;1.694.144;0;0;18.710;74.279;50.511;132.377;230.650;325.541;1.975.308;110.475;261.197;10.831;3.198;0;3.193.077
;02:1,01 a 1,50;52.488;246.464;173.455;416.119;682.986;604.710;4.590.748;181.858;264.125;7.259;2.445;7.222.657;20.938;122.476;108.806;284.557;560.173;445.774;5.067.441;315.202;635.881;9.092;3.437;7.573.777;0;0;73.426;368.940;282.261;700.676;1.243.159;1.050.484;9.658.189;497.060;900.006;16.351;5.882;0;14.796.434
;03:1,51 a 2,00;28.394;181.230;146.195;345.386;574.256;431.061;3.478.055;174.690;304.134;7.192;2.534;5.673.127;8.724;43.543;44.949;112.512;228.360;170.508;2.414.663;222.914;683.567;11.195;4.629;3.945.564;0;0;37.118;224.773;191.144;457.898;802.616;601.569;5.892.718;397.604;987.701;18.387;7.163;0;9.618.691
;04:2,01 a 3,00;17.904;142.948;137.494;307.894;519.632;335.414;3.096.745;218.966;597.017;16.171;5.904;5.396.089;3.636;14.521;18.588;39.011;106.866;67.260;1.496.668;216.316;1.324.628;31.247;11.973;3.330.714;0;0;21.540;157.469;156.082;346.905;626.498;402.674;4.593.413;435.282;1.921.645;47.418;17.877;0;8.726.803
;05:3,01 a 4,00;4.040;40.206;45.755;98.902;176.466;102.208;1.185.591;129.061;519.437;16.998;5.348;2.324.012;1.231;2.074;3.077;6.531;23.340;14.077;441.439;95.732;1.051.640;35.084;10.199;1.684.424;0;0;5.271;42.280;48.832;105.433;199.806;116.285;1.627.030;224.793;1.571.077;52.082;15.547;0;4.008.436
;06:4,01 a 5,00;1.556;13.128;15.460;35.410;68.836;37.423;586.433;82.745;411.473;13.753;4.835;1.271.052;639;782;1.091;2.786;10.109;5.443;193.631;50.065;714.687;26.876;8.889;1.014.998;0;0;2.195;13.910;16.551;38.196;78.945;42.866;780.064;132.810;1.126.160;40.629;13.724;0;2.286.050
;07:5,01 a 7,00;1.381;9.760;9.545;22.286;46.077;30.042;521.594;90.694;591.121;22.494;8.721;1.353.715;790;897;1.064;1.997;7.989;5.140;159.810;42.620;818.708;39.736;11.488;1.090.239;0;0;2.171;10.657;10.609;24.283;54.066;35.182;681.404;133.314;1.409.829;62.230;20.209;0;2.443.954
;08:7,01 a 10,00;1.070;9.201;4.566;11.120;23.929;16.948;277.012;50.659;532.676;23.391;16.396;966.968;448;912;592;1.475;4.423;3.440;89.309;20.771;533.540;32.674;16.640;704.224;0;0;1.518;10.113;5.158;12.595;28.352;20.388;366.321;71.430;1.066.216;56.065;33.036;0;1.671.192
;09:10,01 a 15,00;990;5.535;4.025;8.426;15.964;12.063;155.943;32.201;457.524;24.420;24.083;741.174;360;601;510;1.853;3.696;3.101;63.847;12.127;317.475;22.041;22.338;447.949;0;0;1.350;6.136;4.535;10.279;19.660;15.164;219.790;44.328;774.999;46.461;46.421;0;1.189.123
;10:15,01 a 20,00;461;3.233;2.048;5.220;8.117;5.444;59.580;10.513;215.665;10.878;12.230;333.389;192;292;394;1.390;2.111;1.972;32.024;5.754;126.785;7.129;8.842;186.885;0;0;653;3.525;2.442;6.610;10.228;7.416;91.604;16.267;342.450;18.007;21.072;0;520.274
;11:Mais de 20,00;1.030;5.443;3.133;7.724;13.701;7.975;90.856;19.706;296.986;18.300;9.540;474.394;242;157;216;558;1.598;1.448;36.512;11.522;171.844;8.699;5.020;237.816;0;0;1.272;5.600;3.349;8.282;15.299;9.423;127.368;31.228;468.830;26.999;14.560;0;712.210
;{ñ class};16.435;90.246;83.932;142.881;235.475;142.327;1.075.595;38.642;126.873;6.103;2.489;1.960.998;4.901;26.040;29.329;55.996;102.253;66.787;691.395;43.413;160.761;5.170;2.052;1.188.097;56;56;21.336;116.286;113.261;198.877;337.728;209.114;1.766.990;82.055;287.634;11.273;4.541;56;3.149.151

Seleções vigentes
Variável;Critério;Valor
Ano;igual a;2022
Vínculo Ativo 31/12;igual a;Sim
