sexo,extrativa_mineral,mineral_nao_metalico,metalurgica,mecanica,eletrico_comunicacao,material_transporte,madeira_mobiliario,papel,borracha_fumo_couro,quimica,textil,calcados,alimentos_bebidas,servico_utilidade_publica,construcao_civil,varejo,atacado,intituicao_financeira,adm_tec_profissional,transporte_comunicacoes,aloj_comunicacao,medico_dentista_veterinario,ensino,adm_publica,agricultura,faixa_salarial,ano
m,414,459,1.077,938,376,544,424,579,523,771,852,234,3.300,532,4.101,8.171,1.518,240,5.123,3.232,15.499,766,9.125,12.389,2.045,"00:Até 0,50",2009
f,175,226,426,350,210,161,258,382,303,413,1.226,198,2.049,263,1.563,9.873,1.440,451,8.587,2.126,15.937,2.468,11.870,31.097,1.901,"00:Até 0,50",2009
m,11.302,1.189,5.229,6.551,3.514,14.023,442,3.433,1.658,12.834,854,233,4.923,10.551,8.327,6.598,8.769,28.772,24.724,13.711,7.580,5.147,20.041,82.975,1.238,"10:15,01 a 20,00",2009
f,2.605,191,676,787,574,1.706,58,1.248,399,3.833,247,26,1.099,2.126,1.260,2.172,3.115,15.086,10.546,3.588,4.782,5.256,18.823,56.083,167,"10:15,01 a 20,00",2009
m,15.272,10.626,48.522,39.970,11.363,47.989,7.548,19.530,12.725,31.512,12.110,2.471,49.583,23.472,73.700,84.657,37.407,35.330,93.889,93.683,38.169,22.518,37.567,316.299,19.591,"06:4,01 a 5,00",2009
f,1.436,1.357,3.998,4.285,2.815,4.385,1.124,5.294,2.442,8.303,4.623,759,8.882,4.591,6.477,38.303,12.964,44.617,43.516,16.022,34.235,54.608,48.060,408.958,1.858,"06:4,01 a 5,00",2009
m,30.079,63.208,161.048,104.014,43.892,100.754,67.370,60.071,47.722,111.654,71.011,16.855,284.161,48.683,447.462,572.416,180.098,27.070,603.757,504.759,213.333,72.212,77.418,578.224,196.278,"04:2,01 a 3,00",2009
f,1.965,6.791,19.749,21.313,21.975,17.273,9.384,20.935,13.938,38.584,52.603,6.597,58.313,8.277,24.552,285.787,55.141,45.157,185.829,69.050,161.643,196.089,113.887,939.488,12.524,"04:2,01 a 3,00",2009
m,2.494,19.777,8.990,3.325,1.265,2.822,12.046,6.740,3.756,6.269,15.142,4.568,48.543,4.569,57.639,163.587,19.481,2.235,68.218,29.456,117.325,5.967,37.762,156.186,123.793,"01:0,51 a 1,00",2009
f,656,2.709,2.614,1.355,843,836,4.230,4.448,3.008,4.510,32.512,6.885,29.590,1.572,8.453,164.096,14.498,4.159,104.490,14.751,181.281,27.439,71.198,284.081,33.864,"01:0,51 a 1,00",2009
m,21.134,23.751,82.881,67.413,21.151,73.031,20.446,32.851,21.011,54.063,27.803,4.948,108.245,30.615,160.656,195.339,75.692,41.850,207.571,253.796,78.733,37.951,50.936,420.452,61.256,"05:3,01 a 4,00",2009
f,1.679,2.655,7.351,8.106,6.308,7.374,2.712,9.237,4.940,14.162,11.677,1.608,18.673,5.368,11.539,92.196,24.813,53.225,78.759,31.150,66.999,90.709,72.197,616.029,3.868,"05:3,01 a 4,00",2009
m,11.788,5.577,30.195,26.359,9.530,43.589,2.784,15.267,8.656,28.369,4.980,1.175,22.951,33.510,38.876,34.800,25.008,52.233,71.362,47.129,29.816,17.373,43.205,276.886,7.141,"08:7,01 a 10,00",2009
f,2.021,919,3.126,3.545,2.143,4.320,530,4.485,1.726,9.284,1.990,273,5.459,7.224,6.348,14.341,9.501,48.993,35.885,16.068,24.910,32.152,46.951,255.097,1.311,"08:7,01 a 10,00",2009
m,18.589,106.876,80.979,33.423,18.215,21.814,128.093,45.206,41.867,78.920,139.772,92.512,365.505,41.882,512.089,1.524.640,268.005,15.077,730.208,289.836,651.047,68.195,93.003,584.706,503.788,"02:1,01 a 1,50",2009
f,2.932,15.923,19.573,12.875,20.447,7.777,39.314,32.210,34.224,62.485,359.628,122.201,291.881,12.739,54.223,1.497.936,143.961,35.178,664.489,103.169,1.004.076,321.167,232.374,1.172.150,127.189,"02:1,01 a 1,50",2009
m,22.828,1.519,6.198,7.719,4.239,13.885,562,4.128,2.373,18.756,1.101,217,7.433,13.882,10.428,8.037,13.443,31.958,34.199,17.821,9.612,5.451,20.615,151.464,1.631,"11:Mais de 20,00",2009
f,2.675,151,483,680,462,1.046,57,1.315,382,3.745,189,19,1.160,2.104,1.075,1.942,3.862,10.273,10.614,2.900,3.871,3.974,12.611,91.080,143,"11:Mais de 20,00",2009
m,20.017,74.482,124.787,64.883,34.667,40.541,98.324,45.949,47.151,93.046,74.087,29.287,303.192,46.801,532.670,890.346,201.021,12.448,606.149,329.700,317.375,65.523,63.016,397.507,253.654,"03:1,51 a 2,00",2009
f,1.627,9.069,25.077,22.338,29.944,10.845,19.995,24.988,24.173,55.537,119.826,20.108,135.266,7.695,30.040,630.310,84.064,26.282,254.780,76.635,287.733,233.160,113.991,670.482,31.329,"03:1,51 a 2,00",2009
m,15.953,10.034,53.187,40.494,12.439,49.549,5.936,23.080,14.492,36.314,10.173,2.147,41.723,34.082,65.316,72.045,36.438,54.286,96.846,74.396,41.485,23.666,51.675,437.595,13.459,"07:5,01 a 7,00",2009
f,2.000,1.373,4.204,4.641,2.751,4.568,983,6.684,2.559,10.641,4.215,552,8.903,6.921,7.839,34.235,14.100,59.972,47.963,20.863,37.496,54.058,61.119,456.565,1.749,"07:5,01 a 7,00",2009
m,13.640,2.900,15.803,16.713,7.594,32.461,1.319,9.210,4.383,25.961,2.272,664,12.675,26.097,22.524,18.095,17.223,51.239,53.237,31.013,24.789,12.286,36.732,177.220,3.761,"09:10,01 a 15,00",2009
f,2.859,602,2.140,2.429,1.496,3.701,237,3.085,1.098,8.957,827,114,3.067,5.901,3.690,6.596,6.385,37.436,25.490,10.161,23.919,16.348,38.217,151.025,599,"09:10,01 a 15,00",2009
m,840,1.629,3.026,2.926,947,1.319,1.641,1.007,1.204,2.748,2.377,1.477,10.752,2.447,17.271,37.918,10.555,987,31.152,13.063,33.000,4.379,17.953,7.884,7.820,"00:Até 0,50",2021
f,811,953,1.949,1.117,882,836,1.121,988,980,2.201,3.270,1.651,11.960,2.397,6.322,42.392,9.151,1.825,36.555,8.600,43.952,11.324,22.961,13.959,4.792,"00:Até 0,50",2021
m,8.517,811,2.416,4.410,1.578,4.722,330,1.807,1.030,11.631,462,134,3.974,7.843,2.220,5.878,9.709,25.961,32.010,10.835,4.586,6.420,25.333,93.283,1.221,"10:15,01 a 20,00",2021
f,1.383,196,376,575,286,620,56,647,302,3.875,168,41,1.339,1.833,445,2.377,4.145,13.333,14.398,2.614,2.880,6.919,21.642,61.712,208,"10:15,01 a 20,00",2021
m,17.616,11.252,37.910,36.605,10.371,33.049,7.344,15.326,12.441,39.689,8.001,1.830,43.683,25.486,56.464,77.003,45.866,41.229,117.851,87.520,32.845,32.808,42.780,344.912,26.407,"06:4,01 a 5,00",2021
f,2.048,1.655,4.010,4.721,2.626,3.841,1.326,4.017,2.555,11.864,4.123,645,10.898,5.610,7.080,54.332,20.378,54.317,72.472,19.850,30.451,98.159,62.499,470.161,2.879,"06:4,01 a 5,00",2021
m,47.258,72.182,153.947,133.186,42.241,99.174,69.178,51.658,46.965,156.629,56.364,11.533,277.615,83.044,430.170,572.968,235.384,41.056,708.408,587.086,208.947,119.879,97.980,593.003,241.510,"04:2,01 a 3,00",2021
f,5.255,9.294,20.654,26.037,17.152,17.688,13.892,15.914,14.549,47.466,40.673,4.657,80.202,15.208,35.315,351.468,83.094,76.988,311.436,79.727,183.113,380.315,192.232,1.063.563,22.122,"04:2,01 a 3,00",2021
m,3.933,23.045,17.580,13.584,4.106,5.862,17.271,8.930,7.882,15.560,27.036,15.017,65.015,8.667,112.150,334.456,55.440,6.697,233.911,82.899,191.600,21.438,70.881,165.028,124.398,"01:0,51 a 1,00",2021
f,2.185,4.332,5.729,5.583,3.014,3.352,6.259,6.661,6.805,11.366,48.388,17.849,66.292,4.755,21.273,374.516,38.701,15.012,331.876,50.268,304.103,85.278,143.251,255.046,40.558,"01:0,51 a 1,00",2021
m,29.813,26.702,72.413,71.297,19.223,57.020,19.848,26.550,21.654,75.448,19.099,3.799,103.100,43.300,150.373,177.185,93.930,47.954,231.051,224.906,71.977,65.290,58.467,442.752,73.019,"05:3,01 a 4,00",2021
f,3.013,3.475,8.052,9.449,5.103,7.112,3.381,6.854,5.051,19.627,10.047,1.469,24.750,7.350,14.746,115.820,37.262,71.527,131.268,35.613,63.808,187.722,96.206,725.498,6.494,"05:3,01 a 4,00",2021
m,11.312,5.245,16.444,19.934,6.682,26.173,2.188,10.016,5.571,28.371,2.592,781,19.552,26.238,20.408,29.798,31.726,67.956,107.747,39.760,20.237,22.369,40.849,285.695,7.225,"08:7,01 a 10,00",2021
f,3.234,1.032,2.458,3.269,1.537,3.537,464,3.010,1.583,12.904,1.416,227,6.264,6.644,4.335,15.862,15.090,58.748,56.507,12.962,15.855,48.483,52.066,287.734,1.408,"08:7,01 a 10,00",2021
m,18.956,99.424,94.850,62.437,25.929,28.577,106.005,41.025,43.602,99.377,121.075,73.063,352.678,52.680,473.497,1.703.809,354.678,21.492,1.025.814,426.524,634.063,127.960,124.436,523.965,441.124,"02:1,01 a 1,50",2021
f,3.861,16.185,25.163,23.918,23.023,12.286,38.936,26.644,34.483,67.130,267.048,88.153,326.867,17.464,76.597,1.759.823,200.174,55.693,1.033.568,170.984,1.025.247,519.856,331.593,966.364,128.254,"02:1,01 a 1,50",2021
m,10.808,944,3.369,4.107,1.444,3.758,399,1.944,1.158,15.035,496,125,4.997,7.900,2.175,6.553,12.306,30.856,40.260,12.506,5.142,5.502,10.844,100.811,1.253,"11:Mais de 20,00",2021
f,1.444,140,397,437,200,455,50,629,318,4.449,136,20,1.234,1.510,301,2.193,4.415,11.791,15.505,2.210,2.350,4.438,6.721,57.083,146,"11:Mais de 20,00",2021
m,26.621,77.154,132.558,96.178,39.487,62.425,96.660,44.812,48.738,133.162,64.781,24.625,317.033,58.781,482.684,982.567,270.241,20.897,821.388,456.976,320.827,116.142,84.958,434.474,281.699,"03:1,51 a 2,00",2021
f,4.384,11.891,26.936,31.186,30.029,18.415,28.789,22.261,25.294,70.071,92.612,14.584,184.780,10.870,39.407,768.527,119.261,48.488,410.168,95.873,331.061,433.342,166.048,759.052,45.636,"03:1,51 a 2,00",2021
m,15.344,10.171,32.169,33.347,10.510,40.908,5.206,15.858,10.772,39.315,6.316,1.554,37.385,30.346,40.517,60.454,45.559,62.795,132.255,68.937,31.780,32.638,50.070,415.232,17.958,"07:5,01 a 7,00",2021
f,2.777,1.617,3.752,4.851,2.377,4.782,1.013,4.672,2.490,14.509,3.318,464,10.168,7.230,6.217,37.459,21.099,71.792,78.386,20.383,29.104,82.145,70.473,508.545,2.787,"07:5,01 a 7,00",2021
m,12.291,2.558,8.233,12.708,4.788,16.818,1.011,6.055,3.014,22.881,1.293,362,10.570,19.948,8.717,17.085,23.263,58.020,80.611,25.658,12.569,17.288,40.780,193.863,3.484,"09:10,01 a 15,00",2021
f,2.766,585,1.365,1.981,866,2.402,188,1.805,815,8.843,607,115,3.519,5.255,1.830,7.515,10.082,38.108,36.301,7.882,8.587,24.267,42.034,156.239,644,"09:10,01 a 15,00",2021
m,759,1.547,3.174,2.376,775,1.250,1.671,1.039,1.314,2.230,2.228,1.192,10.279,1.634,12.899,34.623,8.958,830,25.889,12.273,29.350,4.004,17.654,9.501,6.296,"00:Até 0,50",2020
f,430,694,1.347,856,694,647,823,713,797,1.610,2.919,1.244,9.724,1.376,4.075,39.153,6.956,1.546,30.256,7.367,38.302,11.058,24.314,17.536,3.684,"00:Até 0,50",2020
m,8.248,725,2.197,3.861,1.500,4.766,307,1.750,990,11.291,405,99,3.940,7.721,2.349,4.922,9.268,23.054,27.493,10.707,4.628,6.213,23.378,101.197,1.480,"10:15,01 a 20,00",2020
f,1.335,179,326,514,274,683,33,651,259,3.940,159,33,1.252,1.719,430,1.837,3.802,11.937,12.261,2.516,2.736,6.582,20.492,62.282,289,"10:15,01 a 20,00",2020
m,15.961,9.823,33.683,31.290,9.408,33.221,6.136,14.638,11.236,37.149,6.842,1.418,42.925,25.115,47.853,71.067,44.190,38.230,106.317,79.306,29.658,29.866,42.619,336.712,23.972,"06:4,01 a 5,00",2020
f,1.813,1.463,3.328,4.108,2.332,3.958,1.096,3.745,2.314,10.997,3.401,467,10.205,5.231,5.838,48.481,18.595,48.985,62.084,18.358,28.427,84.728,61.234,464.123,2.559,"06:4,01 a 5,00",2020
m,44.273,64.283,137.550,114.970,39.037,94.315,59.853,47.485,42.288,146.565,47.884,8.673,264.852,79.217,379.324,527.966,217.250,35.332,663.698,536.238,186.227,111.006,88.732,596.997,227.464,"04:2,01 a 3,00",2020
f,4.420,7.784,17.480,22.032,15.665,15.268,11.402,13.973,12.071,43.060,31.108,3.389,72.755,15.540,29.049,305.850,73.875,67.953,272.583,72.451,154.756,346.274,156.157,1.014.539,19.374,"04:2,01 a 3,00",2020
m,4.168,24.075,20.835,14.106,4.962,7.313,21.125,13.312,11.175,18.283,40.289,33.348,75.667,6.255,111.431,409.556,63.023,6.129,242.353,112.021,249.077,23.157,90.035,105.563,118.061,"01:0,51 a 1,00",2020
f,1.700,4.289,6.544,5.323,3.591,3.207,7.453,9.603,8.782,12.966,79.052,38.650,72.522,3.193,21.854,477.055,44.236,13.836,347.537,57.712,388.972,102.715,228.946,184.455,35.463,"01:0,51 a 1,00",2020
m,27.541,22.342,64.371,60.128,17.086,53.989,16.688,24.805,20.414,70.051,16.052,2.982,100.955,42.684,126.620,166.265,86.959,42.629,212.312,197.208,63.309,59.298,56.777,438.499,68.687,"05:3,01 a 4,00",2020
f,2.658,2.973,6.848,7.786,4.561,6.560,2.687,6.225,4.302,17.488,8.288,1.153,22.721,7.232,12.266,104.156,33.775,59.153,112.399,32.733,58.848,166.493,90.350,684.959,5.727,"05:3,01 a 4,00",2020
m,10.376,4.599,14.656,17.631,6.241,25.604,1.930,9.796,5.015,27.548,2.278,644,19.201,26.487,17.995,26.687,29.708,58.923,92.780,38.079,19.969,20.381,43.670,304.592,7.033,"08:7,01 a 10,00",2020
f,2.728,906,2.203,2.926,1.427,3.818,391,2.969,1.374,12.168,1.180,189,5.813,6.500,3.871,13.183,13.666,49.724,47.199,12.359,15.657,41.056,54.022,295.116,1.437,"08:7,01 a 10,00",2020
m,17.412,91.329,93.505,61.135,28.445,32.781,103.421,41.858,42.369,102.778,110.456,52.557,356.250,48.077,444.864,1.604.198,330.100,19.668,931.595,424.520,586.710,118.562,115.330,483.063,433.617,"02:1,01 a 1,50",2020
f,3.389,14.822,23.859,21.564,23.978,12.306,35.712,25.538,32.171,66.666,225.882,56.596,295.590,14.631,63.328,1.606.717,177.291,50.594,894.255,151.669,900.456,466.356,277.461,876.628,115.886,"02:1,01 a 1,50",2020
m,10.752,896,3.240,3.733,1.389,3.953,368,1.832,1.061,15.495,452,117,4.865,7.719,2.132,5.280,11.753,28.143,34.569,11.554,5.428,5.626,13.680,113.600,1.284,"11:Mais de 20,00",2020
f,1.391,124,344,352,184,440,39,584,257,4.424,118,13,1.160,1.429,298,1.719,4.046,10.570,12.990,1.956,2.394,4.651,8.567,63.076,151,"11:Mais de 20,00",2020
m,24.733,69.704,118.735,84.809,36.541,62.166,88.172,40.497,43.368,126.844,57.090,17.736,307.258,54.100,433.946,904.837,247.612,19.305,756.375,450.812,291.140,106.834,79.237,405.206,270.348,"03:1,51 a 2,00",2020
f,3.508,9.772,22.247,24.664,25.878,15.882,23.564,18.357,20.009,63.006,70.570,8.485,165.357,8.796,33.171,664.256,102.944,44.127,355.270,83.664,291.720,395.112,156.226,718.767,40.522,"03:1,51 a 2,00",2020
m,13.909,8.640,28.664,29.012,9.814,39.546,4.367,14.981,9.300,37.283,5.252,1.325,36.597,30.613,34.608,55.242,42.994,57.163,117.342,64.654,29.850,32.312,51.299,429.779,16.410,"07:5,01 a 7,00",2020
f,2.502,1.419,3.346,4.231,2.271,4.753,834,4.344,2.233,13.772,2.793,355,9.575,6.935,5.274,32.738,19.140,63.123,65.492,19.264,26.378,73.481,68.955,508.032,2.715,"07:5,01 a 7,00",2020
m,12.042,2.284,7.421,11.525,4.674,15.989,871,5.837,2.734,21.688,1.181,302,10.296,20.030,8.051,14.495,22.239,50.452,67.771,25.376,12.198,13.770,42.053,216.653,3.861,"09:10,01 a 15,00",2020
f,2.436,526,1.202,1.685,842,2.391,153,1.749,764,8.158,509,100,3.287,5.239,1.684,5.838,9.535,32.953,30.012,7.739,8.519,18.559,43.346,166.424,774,"09:10,01 a 15,00",2020
m,309,396,957,718,277,496,384,634,354,668,645,160,2.521,402,3.506,7.242,1.297,214,4.416,2.685,13.614,623,8.943,8.847,2.469,"00:Até 0,50",2008
f,128,154,407,284,135,145,237,403,194,384,1.051,148,1.575,174,924,8.659,1.150,386,8.064,1.589,13.231,1.981,11.441,24.251,1.815,"00:Até 0,50",2008
m,10.196,1.272,6.423,7.587,4.008,16.305,592,3.926,2.025,14.997,960,276,5.232,11.009,8.443,6.973,8.454,29.158,24.276,15.159,8.315,4.649,25.539,84.806,1.375,"10:15,01 a 20,00",2008
f,2.392,214,772,969,655,1.915,69,1.367,455,4.224,278,19,1.169,2.204,1.203,2.278,2.937,15.948,10.516,4.074,4.953,4.781,21.793,59.261,227,"10:15,01 a 20,00",2008
m,15.939,11.453,54.415,45.102,12.862,54.201,8.759,20.114,12.811,33.134,13.317,2.640,53.804,23.398,72.023,87.101,38.273,34.166,94.513,105.694,39.027,21.559,37.231,316.328,21.299,"06:4,01 a 5,00",2008
f,1.323,1.347,4.299,4.535,3.195,4.970,1.224,5.533,2.630,8.175,4.779,796,9.105,4.560,5.820,38.532,12.526,42.985,41.657,16.588,34.663,51.692,48.261,401.626,2.036,"06:4,01 a 5,00",2008
m,28.786,62.995,163.369,103.931,46.867,91.051,72.465,60.842,51.248,109.199,72.018,18.696,282.906,45.334,443.692,587.744,179.359,26.646,598.923,470.447,218.692,68.403,75.535,543.979,199.794,"04:2,01 a 3,00",2008
f,1.766,6.834,20.537,21.861,25.276,16.260,10.248,22.362,15.676,39.401,57.276,7.733,63.152,7.735,22.779,296.006,53.961,44.520,182.366,66.212,163.471,192.278,111.974,893.792,13.429,"04:2,01 a 3,00",2008
m,2.542,18.798,8.199,3.063,1.319,2.876,12.274,6.495,3.663,5.781,12.934,4.304,45.915,5.966,44.241,153.070,18.085,2.104,55.654,26.615,111.372,5.442,34.574,151.695,126.295,"01:0,51 a 1,00",2008
f,665,2.426,2.450,1.328,885,812,4.002,4.268,2.870,3.776,27.837,6.137,24.784,1.420,6.452,150.466,12.300,3.579,81.333,13.982,160.907,26.321,64.678,293.675,33.414,"01:0,51 a 1,00",2008
m,20.782,24.739,89.045,69.782,23.190,74.876,22.992,33.684,22.423,55.424,30.470,5.275,111.087,29.928,160.783,198.860,76.418,41.574,216.486,265.002,79.676,35.247,49.239,388.981,62.864,"05:3,01 a 4,00",2008
f,1.476,2.593,7.935,8.385,7.058,8.379,2.802,9.749,5.517,14.822,12.850,1.773,18.914,4.990,10.331,92.663,23.382,52.164,76.072,31.421,66.461,84.547,69.677,578.156,4.129,"05:3,01 a 4,00",2008
m,11.714,6.198,38.868,31.289,10.801,48.930,3.306,16.949,11.119,29.466,5.825,1.498,24.906,34.969,38.449,38.854,24.862,51.853,72.074,51.163,34.746,17.010,44.957,274.209,7.766,"08:7,01 a 10,00",2008
f,1.921,982,3.518,3.746,2.377,4.692,609,4.899,1.833,9.236,2.309,340,5.683,7.681,6.222,15.680,9.410,50.460,36.420,16.585,31.829,31.652,48.261,260.490,1.401,"08:7,01 a 10,00",2008
m,17.856,99.098,70.573,28.368,15.375,18.552,120.215,40.694,37.200,70.719,131.812,82.234,328.036,39.406,425.321,1.368.250,238.389,13.036,646.579,241.575,602.699,59.330,85.746,506.962,488.905,"02:1,01 a 1,50",2008
f,3.001,14.929,16.330,11.826,16.433,6.666,37.971,28.106,31.406,54.901,339.994,111.518,261.076,11.025,44.486,1.328.472,124.413,29.520,596.941,84.392,916.606,279.024,206.810,1.050.305,121.976,"02:1,01 a 1,50",2008
m,23.614,1.643,7.364,9.022,5.075,17.759,696,4.917,2.966,22.047,1.322,320,8.309,14.522,10.682,9.219,14.384,36.380,35.739,20.056,9.986,4.553,19.692,150.425,1.939,"11:Mais de 20,00",2008
f,2.817,178,607,795,578,1.310,79,1.523,484,4.273,265,29,1.331,2.207,1.039,2.308,3.877,11.792,11.115,3.460,3.658,3.337,11.787,92.322,215,"11:Mais de 20,00",2008
m,19.219,70.539,125.906,61.549,34.681,35.681,101.322,44.416,46.023,87.240,75.194,29.330,288.047,41.535,450.515,889.012,200.505,12.185,555.870,303.341,318.832,60.687,59.235,351.279,253.200,"03:1,51 a 2,00",2008
f,1.583,9.046,25.139,19.567,28.290,9.575,21.926,24.283,25.910,53.513,129.016,25.384,142.705,6.970,26.494,637.233,85.485,25.788,251.690,71.254,295.600,216.556,110.307,631.323,33.069,"03:1,51 a 2,00",2008
m,17.067,10.875,62.606,47.650,13.769,54.625,6.701,24.388,15.778,37.947,11.415,2.446,46.169,34.238,61.952,74.387,36.054,52.851,93.751,81.738,42.206,25.376,52.483,431.652,14.509,"07:5,01 a 7,00",2008
f,2.006,1.439,4.458,4.807,3.021,5.106,1.082,6.798,2.649,10.536,4.334,660,9.167,6.852,7.069,35.031,13.367,59.812,46.281,21.146,38.920,50.398,60.693,454.660,1.860,"07:5,01 a 7,00",2008
m,12.648,3.333,19.773,19.612,8.153,37.706,1.535,10.448,5.441,25.989,2.735,786,13.868,27.761,21.667,18.666,17.279,52.735,51.489,33.042,20.218,11.193,35.297,167.721,4.077,"09:10,01 a 15,00",2008
f,2.691,620,2.362,2.622,1.694,3.899,298,3.260,1.170,9.035,935,125,3.217,5.833,3.776,6.758,6.204,39.595,25.152,10.536,15.148,15.081,36.267,152.978,707,"09:10,01 a 15,00",2008
m,584,707,1.609,1.267,644,1.033,763,736,734,1.491,1.560,1.112,6.023,1.136,8.266,18.517,5.399,694,10.003,7.399,25.534,2.641,14.617,8.461,2.805,"00:Até 0,50",2018
f,329,476,842,538,476,502,549,565,475,1.110,2.114,1.184,5.730,1.180,3.568,20.824,4.728,1.180,13.073,6.170,28.988,5.670,19.268,15.442,2.441,"00:Até 0,50",2018
m,8.267,889,2.680,4.654,1.682,7.588,359,1.993,1.304,12.523,550,150,3.694,8.792,3.511,5.530,9.347,22.916,29.858,12.108,7.619,7.320,27.290,97.402,1.532,"10:15,01 a 20,00",2018
f,1.397,156,344,516,261,877,41,692,310,4.066,210,37,992,1.978,732,2.482,3.310,11.934,12.472,2.661,4.918,8.006,24.309,60.681,373,"10:15,01 a 20,00",2018
m,16.158,10.905,38.189,36.252,9.888,35.219,7.697,16.938,13.351,38.294,9.231,2.274,47.674,26.445,55.019,82.956,47.197,41.462,115.552,106.106,41.317,28.803,50.817,341.915,24.838,"06:4,01 a 5,00",2018
f,1.601,1.645,3.778,4.457,2.264,4.365,1.310,4.189,2.583,10.829,4.883,781,10.649,5.336,6.431,56.261,19.060,54.546,66.782,19.349,35.071,82.615,67.571,471.236,2.468,"06:4,01 a 5,00",2018
m,42.275,69.542,147.099,116.713,40.265,99.225,71.088,56.041,48.951,150.477,61.183,14.799,283.055,77.802,419.945,667.698,243.013,34.361,777.895,615.948,279.398,104.961,112.744,587.366,248.538,"04:2,01 a 3,00",2018
f,3.964,8.401,19.200,24.702,17.210,17.712,13.070,17.310,15.063,45.489,46.163,5.995,79.439,14.336,29.587,400.620,82.476,65.399,307.252,87.477,230.149,335.415,201.841,1.017.256,20.480,"04:2,01 a 3,00",2018
m,2.729,13.063,8.202,5.389,1.795,3.372,8.169,5.654,3.853,7.610,11.455,5.332,29.867,3.661,41.563,162.417,22.536,3.780,86.011,37.917,118.512,11.565,55.991,142.818,88.192,"01:0,51 a 1,00",2018
f,1.333,2.688,3.461,3.097,1.201,1.559,3.432,4.070,3.106,5.666,20.009,6.294,27.159,2.488,12.711,173.405,18.643,7.126,150.208,26.238,177.370,41.507,98.908,219.477,26.109,"01:0,51 a 1,00",2018
m,28.170,24.931,71.722,66.671,18.619,57.818,20.319,29.045,22.742,72.540,21.611,4.570,110.097,43.833,142.134,201.300,94.487,47.710,238.070,290.080,94.251,59.067,66.963,448.531,75.270,"05:3,01 a 4,00",2018
f,2.526,3.350,7.338,8.364,4.853,7.335,3.131,7.364,5.228,17.723,11.320,1.766,24.200,7.279,12.992,121.795,35.370,70.586,120.517,38.166,77.169,158.091,103.593,690.245,5.850,"05:3,01 a 4,00",2018
m,9.807,5.155,17.832,19.970,6.551,34.786,2.356,10.868,6.377,28.291,3.069,929,19.210,29.841,22.902,29.457,29.801,57.704,96.152,44.634,30.753,21.671,56.213,309.450,7.784,"08:7,01 a 10,00",2018
f,2.209,909,2.459,2.992,1.387,4.214,479,3.142,1.537,11.743,1.689,262,5.367,7.127,4.609,15.956,13.449,50.514,49.333,15.492,24.765,44.077,64.054,305.805,1.618,"08:7,01 a 10,00",2018
m,14.814,87.704,72.631,41.354,17.696,20.614,95.153,40.017,37.090,82.830,122.055,73.513,322.751,40.933,381.389,1.643.383,298.393,18.229,811.057,354.188,699.704,99.421,127.606,542.586,463.043,"02:1,01 a 1,50",2018
f,3.110,14.285,19.443,17.826,16.953,7.902,31.472,26.739,31.698,57.352,281.646,93.220,292.958,14.679,63.277,1.738.775,169.495,46.244,911.887,156.919,1.194.962,430.036,369.750,1.054.400,127.592,"02:1,01 a 1,50",2018
m,13.336,1.021,2.639,4.571,1.578,5.411,429,2.038,1.406,19.638,629,177,4.597,9.944,3.452,5.868,12.397,28.412,38.595,14.177,7.238,6.991,19.971,117.536,1.535,"11:Mais de 20,00",2018
f,1.496,115,304,402,175,501,37,567,252,4.894,168,17,957,1.722,473,2.251,3.683,10.252,13.665,1.928,3.370,5.874,12.555,68.070,178,"11:Mais de 20,00",2018
m,23.593,73.795,119.511,80.455,34.834,51.235,99.714,47.201,48.549,127.425,68.967,29.863,327.050,52.403,487.305,1.112.183,268.738,18.746,766.749,442.093,440.201,104.023,90.648,457.159,288.855,"03:1,51 a 2,00",2018
f,2.595,10.996,25.185,27.768,27.567,14.469,26.086,23.623,26.229,69.740,107.533,21.888,187.307,10.279,37.287,911.305,122.336,41.868,387.003,102.081,465.895,410.133,185.088,710.711,44.810,"03:1,51 a 2,00",2018
m,13.845,9.669,35.347,32.796,9.996,47.820,5.452,17.643,12.550,38.509,7.417,1.936,38.382,33.309,42.366,64.002,45.652,61.166,124.456,79.367,41.119,31.798,61.595,453.647,17.317,"07:5,01 a 7,00",2018
f,2.039,1.598,3.745,4.505,2.305,5.631,1.025,4.765,2.589,13.438,3.930,559,9.777,7.296,6.381,39.301,19.787,70.298,69.906,24.361,34.764,76.822,77.614,521.727,2.739,"07:5,01 a 7,00",2018
m,10.107,2.740,9.247,13.614,4.870,22.098,1.102,6.246,3.378,23.789,1.427,494,10.082,22.381,11.222,16.010,22.192,50.276,70.589,28.234,20.543,18.448,56.836,213.927,4.024,"09:10,01 a 15,00",2018
f,1.915,589,1.503,1.855,882,3.046,197,1.952,859,8.885,720,118,3.010,5.641,2.499,7.629,8.864,35.218,32.050,8.561,18.447,25.240,56.580,176.048,825,"09:10,01 a 15,00",2018
m,656,893,1.826,1.479,657,1.024,856,621,803,1.636,1.753,1.031,6.589,1.512,6.929,20.402,6.076,644,12.957,8.689,25.954,2.875,15.079,7.984,2.794,"00:Até 0,50",2019
f,460,468,905,607,522,410,581,500,587,1.156,2.219,1.050,6.542,1.495,3.974,23.874,5.542,1.141,16.417,7.290,29.905,6.325,19.802,15.406,2.415,"00:Até 0,50",2019
m,8.443,851,2.571,4.324,1.840,6.212,316,1.951,1.144,12.088,473,126,3.908,7.796,2.612,5.202,9.651,24.489,27.600,11.815,5.233,6.340,26.950,95.652,1.238,"10:15,01 a 20,00",2019
f,1.391,184,386,522,286,798,51,724,298,4.038,188,37,1.228,1.734,432,2.047,3.905,12.640,12.419,2.793,3.262,6.826,23.755,61.206,263,"10:15,01 a 20,00",2019
m,15.824,10.192,36.700,33.884,9.720,35.547,7.060,15.797,12.511,37.973,8.723,1.950,44.456,25.596,50.463,78.079,45.262,41.587,109.346,100.134,38.945,27.557,48.495,326.020,23.553,"06:4,01 a 5,00",2019
f,1.611,1.529,3.689,4.231,2.312,4.228,1.212,4.015,2.536,10.990,4.655,618,10.651,5.271,6.087,53.938,18.892,54.352,64.376,18.921,33.772,80.173,66.357,455.900,2.353,"06:4,01 a 5,00",2019
m,44.364,66.764,145.558,116.566,40.487,99.737,66.636,53.207,46.725,147.648,58.601,13.214,276.606,77.167,400.521,629.023,236.233,37.517,732.225,614.371,260.732,104.743,108.179,569.016,237.584,"04:2,01 a 3,00",2019
f,4.237,8.118,18.778,23.226,17.111,17.274,12.158,16.405,14.607,44.017,43.421,5.258,78.339,15.211,28.682,383.445,80.085,71.704,300.464,85.858,219.916,335.157,200.339,1.046.410,19.645,"04:2,01 a 3,00",2019
m,2.656,12.640,8.837,6.272,1.892,3.910,8.610,5.679,4.084,8.170,12.603,10.115,32.575,3.523,40.254,176.347,25.494,4.106,102.085,40.080,119.972,12.778,55.168,141.788,89.000,"01:0,51 a 1,00",2019
f,1.327,2.801,3.694,3.231,1.502,2.002,3.505,4.252,3.316,6.200,21.669,12.499,31.625,2.485,12.575,191.249,20.775,8.372,178.523,27.568,184.469,46.553,98.812,226.617,26.098,"01:0,51 a 1,00",2019
m,28.095,23.462,69.500,63.768,17.946,56.691,18.542,27.023,22.353,71.643,20.739,4.336,104.666,42.835,133.773,188.543,92.053,47.552,228.661,272.831,89.174,57.784,63.259,418.536,70.016,"05:3,01 a 4,00",2019
f,2.547,3.240,7.197,7.957,4.798,7.332,2.932,7.033,5.045,17.514,10.945,1.551,24.294,7.325,12.090,117.986,35.365,71.694,119.488,37.276,73.477,158.426,100.733,675.604,5.485,"05:3,01 a 4,00",2019
m,10.062,4.883,16.372,18.926,6.651,29.890,2.141,10.354,5.978,28.241,2.828,836,19.522,27.398,19.538,28.464,29.953,62.309,92.447,41.532,29.298,19.242,52.006,296.606,6.720,"08:7,01 a 10,00",2019
f,2.399,955,2.411,2.978,1.523,4.001,439,3.115,1.514,12.488,1.510,215,5.717,6.574,4.038,14.943,13.871,54.944,47.353,15.632,25.046,39.326,60.392,295.471,1.235,"08:7,01 a 10,00",2019
m,14.889,84.862,72.785,42.739,18.722,21.888,91.583,39.137,36.407,83.256,120.143,69.624,335.043,42.427,367.224,1.618.677,307.689,19.574,857.112,358.878,667.607,106.163,124.914,519.520,451.603,"02:1,01 a 1,50",2019
f,2.956,13.783,19.207,16.762,17.561,8.378,30.478,26.041,30.290,55.156,271.468,87.043,298.587,14.238,60.586,1.701.874,173.645,50.528,916.024,155.001,1.128.388,438.640,362.673,974.478,124.101,"02:1,01 a 1,50",2019
m,13.310,985,2.502,4.183,1.633,4.616,390,1.997,1.219,18.943,578,137,4.861,7.601,2.603,5.554,12.605,30.375,35.229,14.283,6.173,6.464,17.855,119.959,1.269,"11:Mais de 20,00",2019
f,1.593,129,275,376,215,473,33,611,293,4.850,159,13,1.133,1.368,336,1.828,4.124,11.117,13.148,2.079,2.777,5.552,11.400,70.566,149,"11:Mais de 20,00",2019
m,24.205,72.241,118.853,81.081,36.708,52.051,95.572,45.376,47.349,127.584,66.318,27.512,329.440,53.273,456.379,1.071.266,267.674,19.077,776.121,439.976,412.186,104.229,87.963,436.000,281.234,"03:1,51 a 2,00",2019
f,2.805,10.590,24.101,25.044,27.432,14.743,25.432,22.604,24.759,67.335,101.440,17.748,190.538,9.173,34.983,879.972,118.235,44.634,388.624,98.667,442.773,406.537,180.435,743.659,42.956,"03:1,51 a 2,00",2019
m,13.601,9.180,33.307,30.813,10.305,44.740,5.010,16.424,11.615,37.855,7.011,1.689,37.593,31.743,38.117,60.917,45.059,63.167,119.724,72.309,38.532,29.325,57.693,436.741,16.041,"07:5,01 a 7,00",2019
f,2.402,1.493,3.560,4.453,2.364,5.112,966,4.784,2.481,13.583,3.659,491,9.901,6.979,5.550,37.831,19.895,72.427,68.286,23.627,33.085,70.123,75.397,514.535,2.491,"07:5,01 a 7,00",2019
m,10.773,2.523,8.520,12.621,5.286,19.626,945,5.928,3.195,23.450,1.466,399,10.513,20.260,8.962,15.072,21.939,53.541,66.733,27.189,16.128,14.078,53.224,196.942,3.612,"09:10,01 a 15,00",2019
f,2.184,615,1.451,1.821,998,2.805,162,1.949,878,8.664,656,108,3.303,5.188,1.818,6.673,9.376,36.494,30.211,8.695,13.023,18.725,53.110,166.952,692,"09:10,01 a 15,00",2019
m,542,955,1.595,1.056,770,1.207,829,810,750,1.454,1.455,1.136,5.879,861,5.883,16.671,4.725,623,8.030,7.362,23.701,2.430,14.547,9.137,2.504,"00:Até 0,50",2017
f,313,498,698,519,537,515,582,608,460,1.088,2.228,1.220,5.527,872,3.309,18.454,4.305,1.063,12.706,6.311,26.855,5.192,18.571,15.415,2.387,"00:Até 0,50",2017
m,8.330,921,2.769,4.753,2.040,7.501,338,2.116,1.276,12.813,552,144,3.691,8.742,3.738,5.305,9.745,23.674,27.283,11.941,7.448,7.115,26.214,92.699,1.344,"10:15,01 a 20,00",2017
f,1.368,154,369,526,299,858,39,837,256,4.166,189,34,909,1.901,802,2.112,3.703,12.282,11.130,2.827,5.102,7.922,23.498,58.080,282,"10:15,01 a 20,00",2017
m,15.735,10.857,38.325,35.009,9.731,37.573,7.506,16.876,13.381,39.412,9.379,2.224,50.037,25.761,54.753,82.987,45.849,41.776,110.419,98.386,40.288,27.690,49.654,345.696,25.467,"06:4,01 a 5,00",2017
f,1.616,1.640,3.729,4.363,2.353,4.302,1.318,4.510,2.449,10.652,4.941,697,10.498,5.282,6.470,53.872,18.283,53.861,60.569,19.260,34.944,77.682,64.478,455.196,2.412,"06:4,01 a 5,00",2017
m,41.410,69.801,143.221,112.703,39.366,94.095,69.298,55.722,48.481,146.503,62.057,14.807,280.307,75.411,403.714,663.030,237.861,34.183,758.620,616.038,272.215,101.591,108.315,583.864,243.901,"04:2,01 a 3,00",2017
f,3.908,8.661,19.221,23.422,16.803,16.785,12.392,17.471,14.203,44.453,46.677,5.782,77.846,14.182,28.844,387.144,79.641,63.629,285.124,87.129,222.206,318.022,184.384,1.019.684,19.910,"04:2,01 a 3,00",2017
m,2.635,12.708,7.990,4.907,1.765,3.223,8.489,5.708,4.170,7.692,11.390,4.143,29.125,3.898,36.479,156.432,20.602,3.252,78.904,36.260,111.408,10.273,54.508,198.966,90.601,"01:0,51 a 1,00",2017
f,1.219,2.764,3.338,2.958,1.296,1.504,3.351,4.045,3.326,5.563,21.609,4.766,23.823,2.521,11.507,165.372,17.190,6.358,144.675,24.166,167.412,38.227,97.104,239.247,26.440,"01:0,51 a 1,00",2017
m,28.253,25.211,70.263,64.289,18.032,57.027,19.603,28.101,21.529,75.769,22.022,4.469,113.948,42.103,137.533,201.029,91.973,47.486,231.353,277.795,89.233,56.800,65.462,441.835,72.421,"05:3,01 a 4,00",2017
f,2.390,3.331,7.220,8.087,4.547,6.985,2.992,7.495,5.003,17.351,11.433,1.732,23.687,6.995,12.759,119.518,34.300,69.587,110.833,36.963,75.038,149.258,98.196,678.388,5.690,"05:3,01 a 4,00",2017
m,9.998,5.330,17.877,19.818,6.923,32.141,2.320,10.976,6.297,28.933,3.143,888,19.819,29.502,23.956,28.976,29.517,55.292,88.909,45.190,28.654,21.658,58.015,298.912,7.723,"08:7,01 a 10,00",2017
f,2.272,963,2.532,2.968,1.540,4.258,491,3.318,1.423,12.195,1.689,237,5.326,7.085,4.828,14.971,13.289,48.190,44.632,16.030,23.307,42.476,65.182,289.025,1.519,"08:7,01 a 10,00",2017
m,15.863,92.948,73.474,40.700,19.473,19.738,99.378,41.578,38.544,82.140,128.204,75.019,324.325,36.915,383.165,1.707.766,307.225,18.143,787.806,356.307,713.879,96.428,127.180,581.912,470.208,"02:1,01 a 1,50",2017
f,3.165,15.428,20.215,18.430,20.033,7.987,33.166,28.992,33.675,58.001,306.845,99.431,292.698,14.529,66.601,1.815.016,178.121,44.688,906.372,156.802,1.229.640,431.427,359.758,1.120.422,132.909,"02:1,01 a 1,50",2017
m,12.888,1.057,2.796,4.849,1.835,5.371,433,2.172,1.389,19.415,647,177,4.661,9.564,3.657,5.934,13.313,28.117,34.828,14.866,6.540,7.081,19.593,116.664,1.428,"11:Mais de 20,00",2017
f,1.524,116,283,385,209,502,29,670,241,4.770,174,20,927,1.638,499,1.968,4.013,9.883,11.765,2.086,2.801,6.185,12.272,67.221,136,"11:Mais de 20,00",2017
m,23.422,73.783,116.466,73.631,33.567,47.769,96.643,48.029,47.880,121.612,67.153,29.542,319.240,50.495,480.930,1.081.911,259.125,17.267,728.174,435.587,422.248,98.774,85.983,476.970,289.535,"03:1,51 a 2,00",2017
f,2.576,10.802,25.439,25.831,27.343,13.983,25.036,24.402,25.308,68.577,104.511,20.690,182.152,10.439,36.374,865.053,115.522,38.042,359.416,98.611,429.846,390.969,169.389,736.887,44.444,"03:1,51 a 2,00",2017
m,13.616,9.605,35.326,32.108,10.067,48.318,5.516,17.723,12.643,38.258,7.649,1.945,39.278,33.061,43.692,63.558,44.521,60.931,116.430,76.326,40.358,30.484,61.780,443.478,17.684,"07:5,01 a 7,00",2017
f,1.998,1.507,3.798,4.665,2.412,5.458,1.042,5.082,2.478,13.007,4.031,539,9.813,7.196,6.567,38.311,19.220,68.685,63.635,24.535,34.838,72.023,76.108,499.666,2.747,"07:5,01 a 7,00",2017
m,10.563,2.773,9.342,13.796,5.625,21.954,1.131,6.494,3.546,24.224,1.528,459,10.384,21.999,12.059,15.641,21.846,49.698,64.715,29.747,22.129,17.745,57.219,203.548,4.032,"09:10,01 a 15,00",2017
f,1.997,595,1.476,1.893,1.081,3.152,164,2.236,817,8.856,695,126,3.020,5.469,2.612,7.229,9.269,35.544,28.729,9.131,21.525,22.818,57.331,164.530,855,"09:10,01 a 15,00",2017
m,151,256,667,409,167,340,241,622,171,453,317,110,1.994,296,1.090,3.660,541,79,2.704,1.243,10.319,516,3.625,6.791,1.949,"00:Até 0,50",2003
f,34,69,81,91,38,62,101,244,56,114,348,61,716,194,157,3.892,555,128,4.034,501,7.690,1.637,5.258,25.793,1.378,"00:Até 0,50",2003
m,3.640,1.782,7.899,6.959,4.038,14.867,703,5.078,2.419,16.143,1.410,694,5.688,14.255,5.139,7.571,6.813,36.342,25.439,14.751,10.700,4.716,14.648,94.016,2.212,"10:15,01 a 20,00",2003
f,443,251,749,862,711,1.626,124,1.525,486,4.240,361,74,1.030,2.721,818,2.247,2.260,22.255,10.960,4.555,6.730,6.232,14.485,60.217,294,"10:15,01 a 20,00",2003
m,8.944,13.507,44.445,32.442,11.572,36.559,10.888,20.433,11.309,31.648,17.546,3.556,52.015,19.037,52.877,95.072,33.366,20.386,118.723,156.848,48.164,19.723,26.689,317.053,23.860,"06:4,01 a 5,00",2003
f,540,1.422,3.793,3.757,3.483,3.792,1.326,5.539,2.797,8.141,6.133,1.129,8.546,3.344,3.803,41.819,10.178,23.707,36.572,14.797,39.541,48.501,38.037,327.501,2.087,"06:4,01 a 5,00",2003
m,22.503,57.311,110.581,56.058,31.093,42.659,84.811,49.649,46.685,92.030,65.367,26.530,214.962,38.471,310.918,620.212,151.308,12.122,537.939,346.411,254.173,55.402,54.845,455.095,183.595,"04:2,01 a 3,00",2003
f,1.486,7.449,14.968,11.363,22.694,7.845,12.367,20.468,17.251,43.976,79.579,16.384,67.423,6.063,17.265,345.715,47.893,19.800,180.018,60.539,201.868,182.776,96.125,719.794,13.758,"04:2,01 a 3,00",2003
m,2.608,13.101,5.047,1.404,624,1.554,10.360,4.971,2.658,5.632,7.091,2.041,36.325,2.298,17.274,106.723,12.320,938,43.415,16.884,75.082,3.861,18.124,119.027,126.171,"01:0,51 a 1,00",2003
f,441,1.675,1.296,448,330,293,2.485,2.586,2.018,2.531,17.695,2.361,15.688,1.017,3.059,91.062,6.738,1.359,43.112,5.835,97.934,20.418,38.744,267.032,26.315,"01:0,51 a 1,00",2003
m,13.379,24.407,66.543,42.975,18.689,38.707,26.254,30.188,20.785,50.158,32.581,7.911,94.876,23.635,109.030,200.874,62.727,16.281,252.162,232.501,92.709,32.932,37.059,356.180,55.726,"05:3,01 a 4,00",2003
f,816,2.474,6.891,6.669,7.337,5.157,2.880,9.403,5.909,15.062,16.573,2.845,16.840,3.532,6.839,89.412,18.238,22.655,64.797,24.861,71.026,86.821,56.958,445.139,3.522,"05:3,01 a 4,00",2003
m,7.340,7.619,43.363,25.818,10.031,43.521,4.329,19.715,12.773,31.047,7.626,2.667,27.154,35.793,26.522,45.586,21.698,46.377,68.416,44.804,35.536,19.285,32.332,274.530,8.485,"08:7,01 a 10,00",2003
f,756,975,2.824,2.786,2.143,3.321,674,4.878,1.862,7.609,2.790,629,5.281,7.227,3.859,18.606,7.396,47.374,28.959,13.728,29.665,35.414,40.392,276.729,1.478,"08:7,01 a 10,00",2003
m,14.270,63.814,33.975,10.228,5.377,7.525,91.563,23.183,22.271,38.988,69.847,53.384,167.684,21.331,184.156,726.752,112.542,5.935,324.187,97.686,376.465,33.074,40.815,350.668,400.692,"02:1,01 a 1,50",2003
f,1.926,7.900,6.601,3.538,4.780,1.523,21.692,13.350,19.597,27.678,190.705,71.943,101.628,6.813,18.297,630.177,53.876,8.673,219.428,32.405,528.841,156.144,105.439,705.533,77.815,"02:1,01 a 1,50",2003
m,9.434,2.796,8.848,10.034,6.804,18.488,1.105,6.854,3.602,28.843,2.014,727,8.397,19.511,7.128,11.235,13.210,58.247,48.143,24.844,14.803,6.255,23.175,151.771,2.491,"11:Mais de 20,00",2003
f,480,253,595,776,768,1.298,194,1.974,522,5.036,342,51,1.104,2.893,794,2.692,3.274,20.673,13.878,4.702,6.319,4.722,16.331,85.229,231,"11:Mais de 20,00",2003
m,13.111,46.248,71.499,26.434,16.043,14.846,105.819,26.074,30.001,45.384,59.691,32.160,181.003,26.618,196.821,640.181,124.931,7.024,350.728,148.861,260.571,33.778,38.623,267.751,220.182,"03:1,51 a 2,00",2003
f,1.373,5.967,12.720,7.642,13.188,3.214,21.781,13.038,18.339,25.956,126.364,39.855,96.679,6.001,12.944,474.842,52.991,11.005,193.078,34.798,276.899,149.397,77.966,455.874,27.277,"03:1,51 a 2,00",2003
m,10.249,12.388,55.096,38.848,13.009,42.518,8.803,25.099,13.947,38.646,14.330,3.717,49.134,31.661,45.440,83.690,33.014,43.417,102.761,111.351,50.726,35.473,36.514,427.562,16.294,"07:5,01 a 7,00",2003
f,838,1.384,3.954,3.732,3.292,4.051,1.151,6.305,2.571,9.145,4.623,1.058,8.408,6.243,4.340,35.491,10.519,49.501,38.306,17.346,44.082,57.734,49.310,463.066,2.065,"07:5,01 a 7,00",2003
m,6.924,4.244,24.109,17.430,7.679,34.194,2.049,12.602,8.069,26.849,3.853,1.559,14.434,33.362,14.448,20.394,14.965,55.018,49.135,31.666,25.868,12.426,29.873,173.813,5.320,"09:10,01 a 15,00",2003
f,929,690,1.962,2.160,1.650,2.868,372,3.430,1.352,7.213,1.269,239,3.037,6.256,2.149,7.495,5.336,45.383,23.109,9.980,17.682,19.673,32.312,151.843,1.062,"09:10,01 a 15,00",2003
m,134,193,567,324,139,341,206,676,127,367,356,117,2.152,293,1.098,3.135,418,66,2.476,686,7.725,430,4.428,6.193,1.932,"00:Até 0,50",2002
f,29,47,76,63,145,34,86,173,60,82,344,76,614,216,154,3.010,353,132,3.285,200,5.745,1.422,5.576,23.054,1.099,"00:Até 0,50",2002
m,4.504,1.830,8.091,7.101,4.279,14.656,763,5.763,2.512,16.549,1.656,694,5.981,15.871,6.103,8.640,7.137,36.114,28.235,18.041,11.616,5.219,14.714,93.651,2.399,"10:15,01 a 20,00",2002
f,504,297,773,853,823,1.672,96,1.771,502,4.098,397,69,1.075,2.924,946,2.583,2.281,24.065,12.219,4.952,7.340,7.171,15.487,66.461,401,"10:15,01 a 20,00",2002
m,9.317,14.560,44.037,31.861,12.369,35.629,12.241,21.080,11.237,31.820,19.748,3.555,50.901,18.261,59.563,101.561,33.955,18.535,129.296,173.549,52.587,20.937,25.791,269.818,23.581,"06:4,01 a 5,00",2002
f,520,1.443,3.925,3.828,3.780,3.608,1.450,6.019,2.941,8.543,6.926,1.174,8.490,3.194,4.415,45.194,10.049,22.554,37.782,20.560,43.416,53.028,39.144,315.472,1.943,"06:4,01 a 5,00",2002
m,21.460,61.349,107.222,52.865,29.539,38.114,89.299,47.211,45.354,89.129,68.273,28.345,208.129,39.396,339.893,647.401,150.083,10.702,524.854,322.452,272.581,51.371,51.211,390.536,181.803,"04:2,01 a 3,00",2002
f,1.373,7.928,15.816,11.403,22.627,7.257,13.794,19.404,19.102,44.945,97.111,17.617,70.488,6.642,18.998,380.766,51.158,16.904,184.333,63.556,223.928,184.150,96.668,663.840,14.800,"04:2,01 a 3,00",2002
m,2.199,13.379,4.631,1.401,588,1.504,10.853,5.368,2.198,4.967,6.231,1.728,34.103,2.362,18.570,93.999,10.646,933,39.958,13.643,64.518,3.289,17.995,103.275,112.465,"01:0,51 a 1,00",2002
f,398,1.593,1.093,424,310,263,2.478,2.236,1.972,2.181,16.097,2.194,13.872,787,2.934,76.788,5.782,1.381,41.417,5.423,89.640,18.927,35.836,226.437,22.281,"01:0,51 a 1,00",2002
m,13.815,26.404,65.738,41.707,20.129,35.717,28.742,30.928,21.567,51.312,35.699,8.517,92.841,23.214,122.711,221.064,64.752,16.852,273.649,236.690,102.783,32.816,35.358,337.652,55.347,"05:3,01 a 4,00",2002
f,710,2.904,6.758,6.845,7.832,4.959,3.267,9.884,6.486,16.018,20.050,3.030,17.865,3.297,7.963,97.488,18.774,23.001,71.520,30.686,77.774,94.358,56.408,467.906,3.375,"05:3,01 a 4,00",2002
m,8.636,8.329,44.061,26.597,11.002,41.139,5.113,21.707,13.361,31.770,8.734,2.805,29.079,35.571,29.870,51.335,22.424,44.895,75.757,54.632,37.896,19.396,31.681,324.075,8.739,"08:7,01 a 10,00",2002
f,744,1.077,2.994,2.821,2.132,3.151,720,5.284,1.857,7.570,3.125,610,5.145,7.231,4.045,20.796,7.432,47.731,32.049,14.641,31.875,38.296,41.330,334.662,1.532,"08:7,01 a 10,00",2002
m,12.639,62.312,29.513,8.215,4.482,6.477,87.984,20.108,19.360,32.230,62.299,47.428,147.624,17.579,180.254,609.037,90.713,4.527,259.303,77.371,327.427,27.588,34.080,283.856,367.614,"02:1,01 a 1,50",2002
f,1.548,7.148,5.336,2.506,3.514,1.301,19.234,11.526,16.892,23.419,168.625,62.923,85.910,4.969,15.840,519.010,42.659,6.203,170.481,27.929,458.068,131.473,86.334,601.962,68.269,"02:1,01 a 1,50",2002
m,8.923,2.847,9.469,10.582,7.817,20.293,1.045,8.598,3.824,28.031,2.273,839,8.427,22.042,8.267,12.339,13.643,68.751,57.347,31.065,16.510,7.423,26.090,167.491,3.034,"11:Mais de 20,00",2002
f,537,267,618,898,833,1.310,112,2.519,543,4.950,392,54,1.135,3.355,942,2.864,3.293,25.783,17.113,6.136,7.231,6.023,18.906,97.567,339,"11:Mais de 20,00",2002
m,12.456,42.111,62.661,22.409,12.627,13.179,103.143,23.148,26.658,40.586,56.602,32.000,160.668,19.193,190.979,569.897,107.574,6.142,307.355,124.132,254.646,29.386,33.144,236.508,210.147,"03:1,51 a 2,00",2002
f,1.182,5.369,10.572,6.345,9.545,2.959,20.270,11.377,17.083,25.107,128.593,41.352,83.833,4.272,12.937,437.474,45.794,9.750,167.576,35.938,287.435,138.003,71.561,426.581,27.278,"03:1,51 a 2,00",2002
m,11.307,13.769,55.838,39.579,13.801,39.727,9.692,27.201,13.021,39.539,16.770,4.019,51.432,31.124,52.570,93.309,34.318,41.265,119.194,145.001,55.028,36.735,36.215,463.086,17.609,"07:5,01 a 7,00",2002
f,842,1.512,4.219,3.860,3.365,3.635,1.191,6.763,2.589,9.365,5.170,1.090,8.456,6.154,5.113,38.676,10.882,45.698,42.223,20.408,46.397,61.013,50.901,479.400,2.237,"07:5,01 a 7,00",2002
m,6.813,4.619,25.072,17.707,8.383,36.286,2.219,14.262,8.311,27.092,4.654,1.637,15.401,35.421,16.553,22.463,14.832,53.532,56.672,37.205,27.387,14.602,29.402,206.977,5.624,"09:10,01 a 15,00",2002
f,996,734,2.067,2.220,1.696,2.645,379,4.033,1.279,6.940,1.503,298,2.858,6.490,2.522,8.059,5.029,46.259,25.468,11.494,19.522,23.497,33.549,189.353,1.147,"09:10,01 a 15,00",2002
m,572,753,1.495,1.305,700,1.024,755,829,848,1.396,1.263,1.087,5.176,768,6.828,16.243,4.686,599,7.556,7.049,20.552,2.179,16.029,7.432,2.148,"00:Até 0,50",2016
f,296,479,812,589,507,421,561,573,623,940,1.762,1.166,4.721,615,3.879,17.831,4.148,1.005,11.965,5.967,23.861,4.689,20.273,14.852,2.248,"00:Até 0,50",2016
m,8.873,991,3.107,4.714,2.554,8.674,360,2.312,1.417,14.247,592,167,3.917,9.151,5.213,5.679,9.507,25.082,26.354,12.924,7.294,7.248,25.261,89.466,1.311,"10:15,01 a 20,00",2016
f,1.551,172,396,539,379,1.103,53,863,288,4.536,208,39,1.026,2.010,1.060,2.174,3.674,13.143,11.060,3.075,4.919,8.023,22.338,59.930,229,"10:15,01 a 20,00",2016
m,16.195,11.438,39.281,35.905,10.101,38.549,8.016,17.629,13.780,39.362,9.520,2.354,50.347,26.286,61.069,85.669,46.234,42.637,110.377,101.631,40.948,26.996,49.227,332.777,25.013,"06:4,01 a 5,00",2016
f,1.721,1.711,3.811,4.633,2.385,4.411,1.361,4.837,2.604,10.741,5.142,747,10.486,5.273,7.414,52.957,18.714,56.093,59.816,19.663,35.984,74.572,64.294,448.832,2.353,"06:4,01 a 5,00",2016
m,41.247,73.004,144.209,112.815,39.634,90.781,70.580,56.862,49.165,142.979,62.127,15.309,280.175,72.260,436.519,684.413,240.066,32.330,776.169,620.754,265.394,98.800,108.080,559.733,236.756,"04:2,01 a 3,00",2016
f,4.096,9.445,19.520,23.505,16.153,16.048,12.485,18.023,14.758,43.057,46.769,6.049,75.863,13.946,31.227,393.701,80.087,60.972,283.735,89.795,223.986,305.256,177.949,991.036,19.859,"04:2,01 a 3,00",2016
m,2.550,14.439,8.253,4.842,1.740,3.320,8.981,5.920,4.065,7.428,11.907,5.162,29.151,3.377,40.224,161.763,20.545,3.487,75.068,34.834,108.121,9.788,54.371,180.501,90.071,"01:0,51 a 1,00",2016
f,1.236,2.980,3.410,2.648,1.378,1.387,3.467,4.027,3.290,5.351,24.302,5.888,24.354,2.123,12.803,169.152,18.095,6.663,137.497,25.711,169.033,37.072,96.899,223.935,26.969,"01:0,51 a 1,00",2016
m,29.116,26.048,72.419,66.545,18.308,59.776,20.469,28.795,23.001,74.883,21.826,4.560,113.909,43.882,151.167,208.557,93.750,48.567,237.001,286.000,88.209,55.213,66.041,418.604,72.014,"05:3,01 a 4,00",2016
f,2.484,3.597,7.461,7.984,4.691,7.005,3.165,7.702,5.099,16.747,11.525,1.763,23.164,7.423,14.086,118.482,34.357,69.876,109.428,37.312,75.331,144.449,96.245,673.940,5.557,"05:3,01 a 4,00",2016
m,10.984,5.496,18.543,20.598,7.557,32.922,2.449,11.722,6.719,29.897,3.203,992,20.081,31.319,28.943,29.795,30.140,54.627,87.020,46.742,30.040,21.615,56.005,306.054,7.786,"08:7,01 a 10,00",2016
f,2.412,1.089,2.730,3.308,1.737,4.560,544,3.671,1.576,12.617,1.776,254,5.724,7.398,6.069,15.068,13.255,48.472,44.133,16.328,26.284,41.847,63.156,293.668,1.551,"08:7,01 a 10,00",2016
m,17.031,99.918,74.531,39.645,18.472,20.210,99.195,41.675,38.550,80.873,123.018,74.246,307.364,35.253,403.300,1.685.061,300.262,17.893,758.800,347.801,721.965,91.232,124.535,505.171,462.459,"02:1,01 a 1,50",2016
f,3.486,16.794,21.515,19.641,20.065,7.529,35.190,31.352,34.858,60.226,312.639,103.032,291.536,15.379,66.589,1.831.535,173.563,45.377,894.605,159.499,1.278.354,428.245,358.079,1.033.679,134.327,"02:1,01 a 1,50",2016
m,15.008,1.191,3.210,5.128,2.254,6.254,478,2.640,1.495,21.407,720,172,5.253,10.676,5.049,6.284,13.899,28.849,34.761,15.790,6.731,7.150,18.754,116.750,1.377,"11:Mais de 20,00",2016
f,1.678,125,341,471,259,579,40,772,251,5.088,200,30,1.076,1.765,696,2.108,4.064,10.268,11.684,2.300,2.863,6.186,11.678,67.031,129,"11:Mais de 20,00",2016
m,23.287,77.047,112.511,71.713,32.619,43.508,95.488,47.929,47.811,119.696,65.369,29.739,305.214,50.791,514.565,1.076.793,255.625,16.746,707.485,431.738,416.903,94.956,83.673,436.795,279.991,"03:1,51 a 2,00",2016
f,2.629,11.206,25.970,26.986,27.237,13.720,24.710,24.995,26.143,68.992,104.385,21.355,177.178,10.588,37.820,871.245,114.434,37.911,351.507,99.587,427.350,382.332,162.849,706.734,44.433,"03:1,51 a 2,00",2016
m,14.465,10.304,35.952,33.239,10.863,48.208,5.884,18.656,13.300,39.238,7.898,1.996,39.478,34.361,50.683,66.318,45.184,62.995,117.235,79.880,41.567,28.242,61.691,437.282,17.607,"07:5,01 a 7,00",2016
f,2.118,1.751,3.989,4.849,2.641,5.473,1.142,5.366,2.650,12.968,4.417,574,10.080,7.421,8.075,38.151,19.339,70.278,63.800,25.899,36.346,69.952,75.658,497.130,2.656,"07:5,01 a 7,00",2016
m,11.336,3.051,9.858,14.398,6.675,22.719,1.216,7.234,3.741,25.354,1.657,473,11.003,22.951,15.208,16.325,21.616,50.405,63.490,30.998,20.884,17.875,55.766,206.984,4.061,"09:10,01 a 15,00",2016
f,2.099,640,1.574,2.103,1.299,3.464,183,2.495,845,9.339,812,125,3.366,5.562,3.478,7.107,9.376,36.901,29.028,9.156,19.429,22.931,56.129,170.723,797,"09:10,01 a 15,00",2016
m,482,672,1.607,1.276,646,1.247,711,794,513,1.177,1.026,773,4.825,652,7.764,13.795,3.482,489,6.614,6.736,19.757,1.767,13.267,5.940,1.999,"00:Até 0,50",2014
f,273,407,722,605,413,538,531,570,382,804,1.855,865,3.986,633,4.281,15.810,3.238,994,10.765,6.196,22.715,4.266,16.722,12.085,2.084,"00:Até 0,50",2014
m,10.380,1.336,4.241,6.541,3.357,13.347,504,2.921,1.782,15.846,732,161,4.517,9.785,10.319,7.725,10.216,28.652,31.808,15.834,8.719,7.398,22.541,98.529,1.519,"10:15,01 a 20,00",2014
f,2.041,236,579,806,460,1.775,82,1.189,371,5.183,309,35,1.145,2.149,1.711,2.620,3.787,14.775,13.129,3.730,6.361,8.382,21.217,66.509,325,"10:15,01 a 20,00",2014
m,21.628,14.360,52.761,48.739,12.943,56.073,10.233,20.103,15.380,44.312,12.016,2.669,57.392,26.416,108.484,110.431,50.556,40.815,129.172,124.554,45.548,27.172,50.918,368.293,27.205,"06:4,01 a 5,00",2014
f,2.164,1.992,4.961,5.556,3.298,5.465,1.697,5.755,2.982,11.058,6.169,864,11.316,5.485,10.765,60.786,19.155,54.404,67.080,21.640,39.086,73.007,64.727,474.072,2.645,"06:4,01 a 5,00",2014
m,42.741,86.850,174.529,134.009,49.273,121.277,85.696,64.118,55.456,157.619,73.442,18.283,297.250,73.715,627.738,759.932,251.416,30.746,889.268,681.140,283.456,98.201,110.719,579.948,239.742,"04:2,01 a 3,00",2014
f,4.040,11.310,24.028,30.747,23.011,22.425,16.029,22.493,17.192,49.372,58.625,7.151,83.386,14.238,43.418,440.187,82.663,57.739,310.752,100.736,233.924,302.307,171.502,1.054.446,21.312,"04:2,01 a 3,00",2014
m,3.325,17.823,9.631,5.052,2.138,4.062,10.703,6.736,4.591,8.122,13.404,5.551,32.857,3.765,55.715,176.216,21.773,3.039,76.791,35.038,115.801,8.219,49.350,193.244,98.658,"01:0,51 a 1,00",2014
f,1.407,3.422,3.733,2.613,1.753,1.785,4.278,4.655,3.822,5.942,29.885,7.486,27.053,2.180,14.838,189.158,18.287,6.069,147.866,27.843,181.504,33.414,90.600,233.338,30.597,"01:0,51 a 1,00",2014
m,32.141,32.378,91.794,84.766,23.453,81.225,25.689,32.662,25.673,81.322,27.348,5.204,124.445,42.014,237.788,246.818,101.304,50.851,277.550,318.999,96.565,53.717,68.059,424.334,76.519,"05:3,01 a 4,00",2014
f,3.004,4.021,8.958,10.515,6.530,8.892,3.739,9.290,5.794,18.299,13.986,1.978,25.079,6.962,19.086,134.434,35.676,72.122,117.337,41.216,81.122,138.475,93.647,705.942,5.673,"05:3,01 a 4,00",2014
m,14.718,6.736,26.101,27.495,9.588,47.645,3.009,13.506,8.576,33.266,4.331,1.142,22.813,32.858,50.559,39.617,32.345,56.968,98.464,56.293,31.038,20.713,60.688,344.573,8.481,"08:7,01 a 10,00",2014
f,3.078,1.280,3.363,4.253,2.178,5.701,699,4.431,1.852,12.614,2.304,286,6.410,7.516,8.666,18.950,13.274,52.431,50.967,18.945,25.265,40.029,67.542,318.400,1.860,"08:7,01 a 10,00",2014
m,17.254,116.673,82.323,39.258,19.524,20.373,107.902,45.745,39.024,83.737,136.183,75.121,292.632,42.632,541.441,1.665.312,295.458,16.025,767.888,342.667,704.972,77.722,116.019,528.606,446.499,"02:1,01 a 1,50",2014
f,3.689,19.815,25.472,20.365,24.566,10.041,43.038,37.643,39.066,70.808,373.378,113.858,310.478,20.153,80.164,1.895.754,184.048,42.848,935.772,169.443,1.343.342,389.453,338.409,1.062.696,136.451,"02:1,01 a 1,50",2014
m,22.036,1.641,4.588,7.511,3.330,10.695,618,3.343,2.051,26.363,947,215,6.446,12.377,11.562,8.403,15.862,31.977,41.645,19.620,8.116,8.435,25.215,134.854,1.955,"11:Mais de 20,00",2014
f,2.388,194,445,720,380,904,63,1.094,326,5.804,258,27,1.213,1.975,1.342,2.383,4.258,11.061,13.761,3.033,3.437,7.176,16.348,79.233,243,"11:Mais de 20,00",2014
m,24.194,90.193,128.935,82.112,39.556,48.544,111.932,50.941,49.624,125.746,73.954,31.762,306.144,51.573,726.297,1.106.196,253.740,15.667,748.474,432.283,411.287,87.681,84.396,451.347,270.439,"03:1,51 a 2,00",2014
f,2.644,13.743,33.519,35.800,39.039,17.159,31.552,29.309,30.056,78.742,126.450,25.111,196.940,11.952,51.954,938.298,118.059,35.073,382.283,113.488,435.746,363.486,157.844,745.222,47.371,"03:1,51 a 2,00",2014
m,20.059,12.644,51.171,45.643,13.811,58.962,7.533,22.687,16.585,45.363,9.920,2.229,45.204,35.188,91.188,87.649,49.334,65.487,131.544,93.826,44.577,28.410,66.220,470.624,19.028,"07:5,01 a 7,00",2014
f,2.773,2.093,4.883,6.192,3.249,6.424,1.365,6.846,3.146,13.615,5.451,668,10.753,7.614,11.465,46.255,20.266,72.103,70.225,27.223,38.070,70.450,78.315,545.387,2.951,"07:5,01 a 7,00",2014
m,14.210,3.751,13.909,18.917,8.463,30.228,1.568,8.452,4.800,28.549,2.115,580,12.560,24.116,28.998,21.528,23.169,55.489,75.507,35.364,25.337,16.460,51.809,223.064,4.505,"09:10,01 a 15,00",2014
f,3.060,814,2.146,2.851,1.761,4.479,281,3.083,1.076,10.171,1.023,132,3.569,5.736,5.212,8.869,9.216,41.249,35.845,10.804,25.029,21.457,52.602,192.629,968,"09:10,01 a 15,00",2014
m,521,780,1.752,1.470,743,1.243,740,748,729,1.303,1.138,909,5.503,844,7.582,15.713,3.997,536,6.995,7.357,20.486,1.911,14.324,6.502,2.343,"00:Até 0,50",2015
f,330,442,828,690,525,435,492,547,505,920,1.745,991,4.324,789,4.104,17.225,3.653,837,11.442,6.999,22.715,4.397,18.145,13.565,2.146,"00:Até 0,50",2015
m,9.387,1.139,3.735,6.058,2.989,11.128,445,2.764,1.571,14.809,667,163,4.276,9.620,7.530,6.755,10.048,29.325,29.822,14.697,8.352,7.537,24.169,99.251,1.471,"10:15,01 a 20,00",2015
f,1.764,208,545,731,427,1.466,72,1.028,320,4.822,250,39,1.080,2.074,1.360,2.567,3.968,18.334,12.611,3.503,6.061,8.167,22.371,66.252,271,"10:15,01 a 20,00",2015
m,19.691,13.429,46.266,42.351,11.530,45.239,9.480,18.628,13.077,42.111,10.578,2.518,55.251,26.851,85.032,100.162,48.642,38.272,122.190,120.653,44.325,28.157,50.510,336.440,27.039,"06:4,01 a 5,00",2015
f,1.886,1.929,4.381,5.255,2.946,4.918,1.576,5.150,2.895,10.895,5.706,802,11.271,5.450,9.322,57.185,19.048,49.210,64.803,21.375,38.163,77.691,66.180,458.624,2.516,"06:4,01 a 5,00",2015
m,41.460,82.749,156.538,121.513,43.532,105.258,80.281,60.618,51.848,151.067,66.956,16.685,301.074,76.503,552.156,741.878,248.301,30.856,841.759,663.605,286.915,100.701,111.194,566.928,248.037,"04:2,01 a 3,00",2015
f,4.085,10.613,21.780,27.049,19.088,18.897,14.489,20.183,16.117,46.032,53.928,6.800,85.670,14.597,37.681,427.719,81.655,57.271,302.757,98.850,239.231,315.254,179.028,1.021.506,21.501,"04:2,01 a 3,00",2015
m,2.593,15.394,8.561,4.786,1.763,3.897,9.537,6.506,4.154,7.638,11.976,5.312,29.112,3.289,46.677,164.330,20.821,3.164,70.700,32.947,107.109,8.816,52.101,163.712,92.880,"01:0,51 a 1,00",2015
f,1.142,3.158,3.381,2.542,1.293,1.725,3.704,4.302,3.464,5.398,25.552,6.454,24.175,2.080,14.054,175.033,17.234,6.064,134.258,25.013,167.984,35.638,93.251,236.658,28.502,"01:0,51 a 1,00",2015
m,31.273,30.537,82.236,75.865,20.842,71.117,23.628,31.242,23.528,78.357,24.337,4.836,122.607,44.172,203.226,235.018,100.488,44.655,266.453,317.124,96.091,56.466,66.756,411.433,77.537,"05:3,01 a 4,00",2015
f,2.874,3.879,8.414,9.359,5.624,7.618,3.518,8.528,5.412,17.628,13.076,1.933,24.883,7.143,17.154,129.527,35.529,60.082,118.081,40.541,80.714,144.921,95.809,699.616,5.893,"05:3,01 a 4,00",2015
m,12.856,6.278,22.182,24.647,8.760,39.592,2.757,12.578,7.032,31.908,3.680,1.057,21.761,32.873,40.637,34.720,31.316,59.091,94.485,53.044,30.140,21.989,59.402,340.307,8.180,"08:7,01 a 10,00",2015
f,2.825,1.220,3.055,3.903,1.986,5.117,623,4.026,1.687,12.807,2.100,276,6.105,7.493,7.508,17.280,13.050,61.182,48.587,17.911,24.483,43.313,66.632,313.141,1.615,"08:7,01 a 10,00",2015
m,15.874,106.775,73.810,36.423,16.418,18.655,98.166,41.013,36.169,76.302,120.070,68.580,287.875,38.172,451.523,1.639.933,290.222,16.455,732.469,323.844,694.065,78.983,118.518,515.869,443.906,"02:1,01 a 1,50",2015
f,3.476,17.948,21.784,18.448,19.650,8.829,36.785,33.344,34.826,60.935,324.784,101.059,291.488,17.590,69.820,1.846.747,177.871,43.480,906.467,161.699,1.303.711,391.663,346.985,1.033.567,136.972,"02:1,01 a 1,50",2015
m,20.223,1.464,4.149,6.697,2.913,8.478,578,3.103,1.686,24.649,856,214,5.812,11.595,7.922,7.586,15.213,37.622,39.402,18.686,7.750,8.311,23.494,132.383,1.585,"11:Mais de 20,00",2015
f,2.227,174,420,647,330,742,61,973,292,5.711,240,23,1.131,1.889,1.039,2.400,4.379,15.461,13.358,2.920,3.366,7.328,15.444,77.107,157,"11:Mais de 20,00",2015
m,22.989,85.261,115.855,71.667,32.632,43.461,102.774,49.592,46.952,119.895,66.838,29.682,312.341,52.038,626.427,1.117.528,253.287,16.743,737.925,428.330,431.236,91.049,85.828,458.378,288.060,"03:1,51 a 2,00",2015
f,2.648,12.912,29.084,29.277,30.068,14.951,28.725,27.560,27.592,72.898,115.543,23.405,197.231,11.387,46.735,927.302,116.769,37.460,378.133,109.313,462.406,379.226,167.207,753.636,49.236,"03:1,51 a 2,00",2015
m,17.684,11.851,44.141,39.666,12.449,52.316,6.924,20.842,13.988,42.228,8.903,2.140,43.356,34.891,73.264,78.988,47.658,62.038,127.929,89.848,44.647,29.335,64.296,490.153,19.205,"07:5,01 a 7,00",2015
f,2.442,1.993,4.524,5.748,3.004,5.904,1.291,6.075,2.916,13.526,4.981,635,10.649,7.533,10.014,43.228,19.897,68.660,69.860,27.386,38.101,72.384,78.286,538.188,2.920,"07:5,01 a 7,00",2015
m,13.000,3.487,12.105,16.862,7.580,26.709,1.416,8.200,4.121,26.546,1.897,555,11.943,23.902,22.285,19.181,22.469,56.188,71.373,34.065,25.084,17.888,54.411,227.159,4.335,"09:10,01 a 15,00",2015
f,2.580,740,1.933,2.640,1.534,4.066,242,3.012,956,9.716,896,133,3.545,5.757,4.414,8.036,9.288,46.297,33.583,10.614,24.242,23.225,54.888,191.778,882,"09:10,01 a 15,00",2015
m,163,384,948,634,264,447,395,804,297,502,364,145,2.149,420,1.478,5.712,819,122,3.333,1.779,12.124,583,4.617,7.407,2.061,"00:Até 0,50",2005
f,53,97,226,111,102,96,161,457,128,155,533,92,876,240,317,5.821,877,202,5.923,898,9.267,1.887,6.758,23.879,1.737,"00:Até 0,50",2005
m,4.436,1.510,7.624,7.456,4.266,16.411,692,4.668,2.334,16.056,1.347,649,5.391,14.465,5.504,7.345,7.265,34.554,25.552,16.513,10.227,4.694,16.084,87.755,1.823,"10:15,01 a 20,00",2005
f,626,258,811,944,770,1.764,90,1.515,491,4.389,330,47,1.177,2.656,761,2.325,2.532,20.387,10.875,5.364,6.202,5.677,15.285,59.921,270,"10:15,01 a 20,00",2005
m,10.632,13.633,49.240,35.138,12.492,46.390,11.158,21.363,11.833,32.993,17.407,3.181,52.333,20.414,57.981,98.894,35.472,25.062,112.223,136.104,47.281,21.370,29.738,355.321,23.605,"06:4,01 a 5,00",2005
f,886,1.421,4.050,3.985,3.562,4.511,1.346,5.655,2.873,8.435,5.965,1.024,8.876,3.497,4.238,44.655,11.161,29.573,37.528,14.899,39.116,51.768,41.388,381.192,2.059,"06:4,01 a 5,00",2005
m,24.629,60.589,132.150,68.663,40.118,55.271,84.875,55.644,51.206,104.732,69.462,25.990,252.643,38.276,335.769,652.404,167.706,14.660,573.124,389.350,261.659,64.194,60.451,502.895,195.818,"04:2,01 a 3,00",2005
f,1.680,8.047,17.814,15.624,26.988,11.388,13.294,22.885,17.940,47.647,80.457,14.050,76.814,6.642,17.016,358.062,53.002,24.489,182.684,65.151,196.987,189.079,98.324,755.174,14.706,"04:2,01 a 3,00",2005
m,2.556,15.308,5.614,1.600,1.044,2.033,11.563,5.145,3.360,5.863,8.256,2.352,38.548,3.256,23.755,128.574,14.808,1.360,47.921,19.778,90.051,4.257,22.080,131.823,127.357,"01:0,51 a 1,00",2005
f,575,2.096,1.628,640,574,498,3.093,2.936,3.119,3.221,19.004,3.023,17.399,1.173,4.186,116.342,8.802,2.173,55.862,8.639,114.832,21.672,44.899,270.474,30.293,"01:0,51 a 1,00",2005
m,15.251,26.046,75.771,48.760,21.462,53.799,27.444,33.182,22.142,53.900,34.392,7.452,102.958,26.258,122.000,210.755,68.565,24.303,247.534,274.168,93.157,33.774,41.299,344.859,60.713,"05:3,01 a 4,00",2005
f,1.098,2.609,7.573,7.829,7.767,6.990,3.169,10.113,6.317,15.456,16.416,2.547,18.201,4.360,7.728,94.404,20.880,30.706,68.645,27.202,70.888,86.917,61.279,489.249,3.999,"05:3,01 a 4,00",2005
m,9.513,7.220,43.725,27.959,10.586,48.708,4.272,19.167,12.647,31.273,7.591,2.230,25.220,33.322,30.755,45.373,23.469,47.924,68.756,48.583,35.417,24.578,34.226,263.211,8.678,"08:7,01 a 10,00",2005
f,1.057,1.006,3.088,3.178,2.267,3.882,647,4.892,1.941,8.307,2.849,517,5.567,7.066,3.948,19.204,8.289,48.750,30.584,15.380,29.025,36.853,40.869,268.441,1.499,"08:7,01 a 10,00",2005
m,15.314,73.942,42.254,13.962,8.513,9.092,95.593,28.842,28.341,50.099,93.823,65.933,219.657,29.277,244.483,921.409,150.424,7.689,408.845,131.781,453.866,40.343,52.818,419.077,440.732,"02:1,01 a 1,50",2005
f,2.158,9.660,8.786,5.869,8.814,1.959,25.173,17.170,22.970,35.176,233.792,83.968,135.269,9.591,22.939,839.343,73.145,13.638,313.296,48.297,651.498,191.557,131.353,841.999,90.081,"02:1,01 a 1,50",2005
m,10.627,2.300,8.475,10.354,6.493,19.971,931,6.220,3.681,30.110,1.849,528,8.652,18.832,7.444,10.352,14.441,51.746,44.301,25.903,13.619,5.889,21.594,152.110,2.380,"11:Mais de 20,00",2005
f,657,220,674,863,731,1.516,79,1.835,566,5.486,314,44,1.302,2.835,687,2.647,3.611,18.341,13.263,4.917,5.679,4.556,15.201,90.181,209,"11:Mais de 20,00",2005
m,15.746,53.994,83.758,33.506,21.650,19.434,105.124,30.597,36.508,58.734,69.603,34.619,224.835,32.289,249.226,761.375,149.614,8.477,432.294,200.959,289.313,44.533,45.386,306.400,236.758,"03:1,51 a 2,00",2005
f,1.380,6.945,15.286,10.791,17.943,4.600,24.186,15.918,21.219,33.943,138.178,42.765,120.579,6.771,16.044,556.947,64.195,15.615,235.160,53.181,299.308,172.089,85.549,543.708,30.727,"03:1,51 a 2,00",2005
m,16.574,12.167,59.096,40.611,14.159,52.874,8.737,25.125,14.098,39.587,14.159,3.493,46.895,31.338,50.499,84.243,34.235,46.545,98.184,99.826,48.361,34.371,39.878,422.040,16.435,"07:5,01 a 7,00",2005
f,1.283,1.354,4.171,4.397,3.196,4.608,1.193,6.175,2.794,9.927,4.755,962,8.879,6.407,5.076,36.102,11.242,51.213,39.821,18.472,42.824,57.134,51.843,467.604,2.163,"07:5,01 a 7,00",2005
m,8.242,4.106,24.352,18.525,8.247,38.498,2.040,12.030,7.188,27.365,3.788,1.293,14.107,33.844,15.740,20.446,16.120,54.331,48.803,33.955,24.385,11.764,30.402,182.984,5.282,"09:10,01 a 15,00",2005
f,1.271,655,2.134,2.398,1.582,3.218,367,3.409,1.418,7.768,1.229,215,3.305,6.463,2.197,7.341,5.723,44.431,23.170,11.789,16.804,18.461,32.545,157.839,879,"09:10,01 a 15,00",2005
m,339,570,1.524,1.041,534,768,536,639,439,1.115,805,476,3.082,598,6.843,8.905,1.955,314,5.594,6.183,16.043,1.125,10.900,13.286,2.201,"00:Até 0,50",2011
f,226,269,583,443,288,232,334,413,278,556,1.283,434,2.643,407,2.658,11.373,1.708,558,9.563,4.358,18.201,3.034,14.042,31.715,2.061,"00:Até 0,50",2011
m,8.664,1.265,5.636,7.985,3.807,16.679,537,3.508,1.862,17.170,934,214,4.612,10.319,11.576,7.773,10.007,28.875,29.960,15.149,11.326,6.564,21.491,89.958,1.464,"10:15,01 a 20,00",2011
f,1.620,244,758,1.026,574,2.038,93,1.337,421,5.658,310,35,1.157,2.256,2.007,2.440,3.631,15.098,12.398,3.890,7.385,7.442,21.287,61.717,278,"10:15,01 a 20,00",2011
m,18.923,13.457,57.907,49.385,13.877,57.721,9.300,20.797,14.545,42.886,12.599,2.528,52.484,24.763,96.655,103.691,44.188,40.182,114.441,116.411,42.341,24.084,41.530,338.006,23.410,"06:4,01 a 5,00",2011
f,1.765,1.724,4.811,5.427,3.371,5.243,1.429,5.895,2.772,9.617,5.789,874,10.337,4.905,9.223,50.097,16.240,52.104,55.963,20.269,37.662,60.220,52.121,427.853,2.195,"06:4,01 a 5,00",2011
m,37.120,79.733,183.564,125.331,50.673,119.199,80.422,64.049,53.429,152.751,74.606,19.120,288.567,56.611,609.576,693.484,213.119,29.855,735.177,600.346,248.716,82.978,88.007,610.228,221.099,"04:2,01 a 3,00",2011
f,2.851,9.230,24.574,27.185,25.360,21.970,12.930,23.769,16.158,45.078,58.693,7.477,74.430,9.165,36.417,365.579,67.872,50.509,244.921,89.941,197.575,237.309,134.689,1.015.371,17.521,"04:2,01 a 3,00",2011
m,3.038,20.223,9.490,4.080,1.779,3.660,11.727,6.871,4.401,8.685,13.646,6.459,35.228,5.134,62.613,177.048,20.682,2.764,74.016,34.360,116.557,7.100,42.716,155.514,118.661,"01:0,51 a 1,00",2011
f,1.048,3.118,3.262,1.896,1.127,1.164,4.185,4.632,3.466,5.337,31.083,9.324,26.949,2.080,11.383,183.337,15.913,5.398,134.964,22.397,181.245,29.608,78.247,264.006,34.162,"01:0,51 a 1,00",2011
m,25.940,29.473,99.973,82.545,24.999,83.211,24.932,34.188,24.024,75.984,29.175,5.312,115.186,34.620,225.238,233.385,87.338,47.762,241.672,290.165,88.165,43.875,56.464,440.401,69.441,"05:3,01 a 4,00",2011
f,2.251,3.232,9.191,10.186,7.272,8.964,3.459,10.013,5.607,16.510,13.703,1.857,21.973,5.888,16.577,115.113,29.834,62.608,101.039,38.556,72.371,106.760,77.143,646.106,4.857,"05:3,01 a 4,00",2011
m,13.944,6.675,34.012,30.639,10.553,50.312,3.167,15.225,9.177,33.074,5.169,1.215,22.801,34.096,49.978,40.787,29.643,55.553,88.215,55.357,33.357,18.453,54.761,296.962,8.036,"08:7,01 a 10,00",2011
f,2.741,1.162,3.686,4.428,2.442,5.399,672,4.925,1.916,11.033,2.472,306,6.002,7.404,8.299,17.509,11.537,53.213,45.429,19.082,26.331,34.671,59.986,272.872,1.500,"08:7,01 a 10,00",2011
m,19.561,116.755,83.058,35.869,19.189,20.696,120.050,43.328,39.958,88.650,139.515,89.706,296.165,36.969,582.863,1.592.391,273.943,15.023,763.410,317.407,674.957,69.044,100.480,566.690,477.959,"02:1,01 a 1,50",2011
f,3.675,18.590,22.921,17.281,23.704,10.484,41.467,34.468,37.554,69.368,382.220,130.096,281.256,15.325,68.085,1.713.090,161.422,38.792,805.027,134.919,1.183.845,344.720,272.254,1.122.855,137.521,"02:1,01 a 1,50",2011
m,18.051,1.806,6.329,9.439,4.262,15.142,672,4.082,2.595,28.018,1.238,227,6.820,13.639,16.601,8.977,16.707,32.664,40.054,20.107,11.966,7.861,25.173,153.492,1.882,"11:Mais de 20,00",2011
f,1.918,223,530,894,447,1.190,68,1.355,433,6.111,296,26,1.168,2.141,1.710,2.228,4.272,11.201,12.694,3.157,4.906,6.752,16.189,90.204,200,"11:Mais de 20,00",2011
m,23.682,88.569,138.752,76.819,40.280,47.872,114.662,49.212,48.221,120.355,77.042,31.662,297.847,54.796,705.362,1.024.836,230.273,13.329,738.934,387.376,367.593,75.457,70.536,424.238,267.487,"03:1,51 a 2,00",2011
f,2.123,13.129,32.917,30.119,37.018,15.773,28.786,28.696,28.307,69.517,134.291,25.677,168.124,10.752,43.639,801.537,104.722,29.611,327.409,101.290,357.380,286.769,127.939,718.196,41.834,"03:1,51 a 2,00",2011
m,19.732,12.077,60.765,49.193,14.463,59.957,7.022,23.796,16.062,44.925,10.610,2.383,42.541,35.067,84.555,86.489,43.894,58.840,120.588,89.007,43.087,25.198,60.176,445.312,16.759,"07:5,01 a 7,00",2011
f,2.671,1.814,4.954,6.003,3.290,5.659,1.213,7.191,3.040,12.757,5.167,642,10.030,7.349,10.666,41.038,17.647,66.207,61.596,25.309,37.862,59.027,69.646,503.335,2.418,"07:5,01 a 7,00",2011
m,13.566,3.635,18.003,20.179,8.962,37.999,1.625,9.561,4.906,30.150,2.622,597,12.520,25.936,29.114,20.692,21.363,53.801,67.785,35.902,29.598,13.666,44.556,200.433,4.339,"09:10,01 a 15,00",2011
f,2.807,775,2.439,3.047,1.749,4.594,318,3.402,1.214,10.139,1.469,125,3.288,5.861,5.733,7.902,8.393,40.349,32.452,11.658,27.370,18.802,45.063,170.912,876,"09:10,01 a 15,00",2011
m,252,562,1.240,1.084,431,899,529,630,410,1.072,699,396,3.068,542,5.118,9.431,1.925,256,5.475,3.545,16.334,986,10.741,12.695,1.827,"00:Até 0,50",2010
f,105,224,499,374,282,303,309,403,270,486,1.194,501,2.314,304,1.884,12.013,1.837,516,10.258,2.494,18.478,2.879,13.763,31.548,1.727,"00:Até 0,50",2010
m,8.017,1.199,5.374,6.808,3.364,15.445,477,3.499,1.786,16.678,819,219,4.346,9.832,9.845,7.004,9.262,28.716,26.888,13.898,8.597,5.750,21.425,84.331,1.248,"10:15,01 a 20,00",2010
f,1.326,213,658,803,499,1.826,67,1.360,398,5.215,247,28,1.007,2.141,1.629,2.337,3.198,14.387,10.776,3.440,5.972,5.992,19.980,56.760,173,"10:15,01 a 20,00",2010
m,16.216,12.202,52.641,44.003,12.052,52.441,8.372,20.427,13.697,39.791,12.132,2.583,46.168,24.600,82.064,90.925,40.313,37.593,100.418,99.479,40.172,22.318,39.222,333.659,19.840,"06:4,01 a 5,00",2010
f,1.516,1.505,4.395,4.800,2.962,4.788,1.223,5.622,2.544,9.194,4.890,860,9.043,4.788,7.477,43.213,14.585,47.137,48.028,18.125,36.951,54.378,48.413,408.005,1.888,"06:4,01 a 5,00",2010
m,35.110,70.553,174.814,115.932,46.158,115.727,73.350,62.523,51.318,146.804,73.299,17.529,258.475,53.174,504.701,607.877,191.474,29.845,641.385,549.473,225.179,75.690,81.803,601.116,196.847,"04:2,01 a 3,00",2010
f,2.538,7.774,20.861,24.068,22.465,19.874,10.964,22.026,14.721,41.831,53.296,7.011,58.318,8.855,30.069,308.652,59.391,49.506,206.433,76.735,173.747,208.140,121.385,972.105,13.168,"04:2,01 a 3,00",2010
m,2.918,21.598,10.034,4.055,1.369,3.549,12.798,7.240,4.727,9.348,16.345,6.749,40.918,5.501,68.997,184.717,21.298,2.525,84.173,34.387,125.488,6.644,41.525,161.070,123.396,"01:0,51 a 1,00",2010
f,837,3.045,3.249,1.811,942,1.023,4.433,4.833,3.577,5.103,34.808,10.017,28.871,1.871,10.983,188.287,15.882,4.944,145.220,17.873,198.107,30.496,77.525,287.934,31.679,"01:0,51 a 1,00",2010
m,23.770,26.123,92.609,75.525,22.215,81.027,22.082,33.186,22.601,71.768,28.203,5.166,99.619,32.933,184.276,205.729,80.075,46.492,215.094,257.865,81.033,39.168,51.643,432.113,61.075,"05:3,01 a 4,00",2010
f,1.917,2.857,8.067,9.013,6.101,8.767,2.956,9.399,5.196,15.821,12.194,1.771,18.903,5.474,13.464,101.159,26.729,59.585,86.032,34.290,68.451,93.707,71.659,628.336,4.013,"05:3,01 a 4,00",2010
m,12.249,6.183,32.124,28.267,9.929,46.975,2.775,15.388,9.117,32.262,4.830,1.210,20.764,32.302,43.021,36.570,27.367,53.415,77.674,50.032,32.186,17.253,49.340,281.148,7.268,"08:7,01 a 10,00",2010
f,2.189,1.074,3.379,3.875,2.205,4.862,602,4.654,1.821,10.468,2.141,290,5.393,6.892,7.166,15.277,10.692,50.142,39.302,16.798,25.613,31.117,52.763,253.099,1.245,"08:7,01 a 10,00",2010
m,20.737,118.131,92.773,39.146,21.747,25.073,133.186,47.274,45.516,97.570,151.503,98.012,328.444,44.962,616.020,1.649.272,288.976,15.988,787.659,326.435,686.130,71.396,98.339,577.610,488.866,"02:1,01 a 1,50",2010
f,3.290,18.271,24.151,16.966,24.904,10.677,43.998,35.472,39.843,71.127,398.554,135.884,293.258,15.472,62.630,1.691.850,163.361,40.467,750.545,121.281,1.100.810,347.729,256.840,1.174.594,126.041,"02:1,01 a 1,50",2010
m,16.114,1.638,5.888,8.065,3.995,14.141,663,4.113,2.422,24.685,1.115,212,6.468,12.770,12.808,8.429,14.404,31.517,36.705,17.721,10.307,5.624,22.549,152.257,1.504,"11:Mais de 20,00",2010
f,1.319,172,481,756,428,1.029,75,1.330,401,5.295,209,24,1.087,1.878,1.488,2.071,3.674,10.351,10.831,2.783,4.024,4.060,13.620,90.453,130,"11:Mais de 20,00",2010
m,21.875,81.955,139.350,75.913,38.291,49.790,107.763,49.793,50.222,122.600,78.341,30.692,286.974,52.037,650.029,947.823,215.611,13.647,691.383,368.353,336.078,69.738,67.163,410.604,251.898,"03:1,51 a 2,00",2010
f,1.848,11.075,29.097,27.545,32.197,14.551,23.760,27.149,26.687,66.992,125.650,21.138,137.204,8.910,37.150,681.411,90.495,29.379,286.708,88.220,304.103,252.439,118.648,722.077,31.467,"03:1,51 a 2,00",2010
m,16.961,10.950,57.511,43.793,12.963,55.439,6.306,23.566,15.428,43.224,10.334,2.321,38.466,34.039,72.897,75.889,40.577,56.534,105.316,80.347,41.708,24.266,54.659,416.873,13.730,"07:5,01 a 7,00",2010
f,2.082,1.560,4.568,5.218,2.939,5.312,1.122,7.039,2.689,11.759,4.502,623,9.170,7.057,8.937,36.270,15.897,62.648,53.052,22.723,37.523,55.362,64.007,452.609,1.842,"07:5,01 a 7,00",2010
m,12.846,3.149,17.017,17.930,7.851,36.596,1.464,9.451,4.691,29.341,2.365,618,11.627,24.304,25.343,19.084,19.602,53.060,59.233,32.061,26.716,12.071,40.204,186.267,3.651,"09:10,01 a 15,00",2010
f,2.285,631,2.237,2.676,1.557,4.095,271,3.140,1.089,9.994,905,126,3.066,5.372,5.028,7.184,7.315,38.373,27.687,10.477,25.037,16.306,40.994,153.465,601,"09:10,01 a 15,00",2010
m,149,293,768,420,173,473,366,562,198,449,410,139,2.265,447,1.210,4.879,659,86,2.918,1.685,10.469,475,3.803,6.690,1.963,"00:Até 0,50",2004
f,47,58,163,85,59,75,141,302,72,141,550,100,870,292,213,4.699,611,146,4.533,681,8.250,1.527,5.603,24.102,1.483,"00:Até 0,50",2004
m,4.220,1.699,9.503,7.725,4.272,17.402,764,5.234,2.800,16.497,1.359,751,5.898,15.312,5.225,7.738,7.254,35.391,25.084,16.220,11.188,4.707,15.967,86.012,2.181,"10:15,01 a 20,00",2004
f,570,280,901,924,805,1.755,94,1.625,518,4.483,358,110,1.199,2.784,789,2.361,2.530,21.627,11.253,4.887,6.584,6.289,15.731,58.502,299,"10:15,01 a 20,00",2004
m,10.181,14.370,48.614,34.978,12.544,43.152,12.820,21.650,12.586,33.910,18.794,3.896,56.310,20.217,57.977,100.785,35.882,22.601,120.626,155.601,48.355,20.198,28.541,349.473,25.389,"06:4,01 a 5,00",2004
f,820,1.482,4.346,4.086,3.874,4.346,1.490,5.986,3.005,8.789,6.953,1.238,9.271,3.092,3.972,44.721,10.705,25.642,37.109,14.935,40.668,48.958,39.598,355.280,2.114,"06:4,01 a 5,00",2004
m,23.485,61.687,129.053,65.995,37.123,48.479,97.134,52.133,52.716,102.186,70.381,31.258,249.255,38.988,333.606,685.638,166.919,12.558,571.736,371.394,272.231,59.794,57.968,459.965,205.639,"04:2,01 a 3,00",2004
f,1.909,8.536,17.824,14.301,28.442,9.228,15.990,21.987,20.079,49.216,92.661,21.252,81.774,6.985,17.338,396.305,55.374,21.052,191.475,64.335,215.262,187.148,100.323,725.216,16.333,"04:2,01 a 3,00",2004
m,2.885,14.106,5.003,1.433,609,1.805,11.480,5.121,2.775,6.275,7.856,2.058,37.971,2.270,18.077,116.164,13.583,1.113,45.273,17.943,81.356,3.788,19.423,124.200,126.245,"01:0,51 a 1,00",2004
f,520,1.879,1.387,487,363,411,2.880,2.743,2.375,2.643,17.557,2.605,15.684,1.042,3.322,100.452,7.331,1.649,49.581,6.723,102.285,20.372,41.410,277.614,28.507,"01:0,51 a 1,00",2004
m,14.059,26.811,74.357,47.227,20.895,47.468,30.606,32.763,23.694,54.571,34.523,9.533,106.356,24.640,118.513,218.963,68.004,18.438,262.781,256.048,96.137,33.405,40.560,345.729,64.141,"05:3,01 a 4,00",2004
f,1.035,2.993,7.600,7.650,8.852,6.589,3.703,10.056,6.545,16.140,19.210,3.489,19.547,3.898,7.436,99.798,20.666,25.515,69.786,26.819,73.125,87.216,58.976,466.264,4.015,"05:3,01 a 4,00",2004
m,9.401,7.922,46.892,28.482,10.604,44.247,5.013,20.374,13.835,32.657,8.223,2.939,28.479,33.987,28.339,48.846,23.213,46.668,69.726,49.631,35.675,18.911,33.622,261.645,9.535,"08:7,01 a 10,00",2004
f,989,1.002,3.120,3.097,2.354,3.765,701,4.950,1.981,8.201,2.904,839,5.704,6.992,3.822,20.849,7.968,48.110,29.701,14.928,29.528,35.076,41.124,282.750,1.696,"08:7,01 a 10,00",2004
m,13.963,64.623,34.765,10.982,6.038,7.657,90.882,24.689,24.470,42.075,77.012,59.463,184.918,21.087,189.962,763.772,121.880,5.578,336.952,104.480,385.033,34.963,44.085,334.619,418.840,"02:1,01 a 1,50",2004
f,2.102,7.978,6.803,4.520,5.552,1.495,23.261,14.165,20.146,28.412,201.481,78.078,112.129,7.268,18.396,680.459,59.686,8.753,239.421,36.336,550.009,163.711,111.745,705.445,85.243,"02:1,01 a 1,50",2004
m,10.153,2.605,10.288,10.695,6.906,22.022,1.051,6.928,3.837,30.761,1.930,856,9.388,20.755,7.200,11.277,14.321,56.592,47.791,27.372,14.717,6.221,24.766,151.642,2.965,"11:Mais de 20,00",2004
f,644,262,818,862,836,1.459,93,2.034,580,5.608,376,67,1.353,3.054,702,2.899,3.579,20.197,14.246,5.731,6.039,4.975,17.631,89.589,276,"11:Mais de 20,00",2004
m,15.193,47.545,76.445,28.819,17.564,16.651,110.304,27.442,33.147,49.602,65.642,37.315,205.011,28.606,210.352,697.938,139.686,7.099,391.865,169.444,276.607,37.745,41.790,270.059,242.155,"03:1,51 a 2,00",2004
f,1.821,6.011,13.865,8.727,14.445,3.623,26.256,14.334,21.132,28.993,139.495,48.669,108.915,6.041,14.016,521.995,58.139,12.107,221.095,48.311,295.890,159.283,81.082,479.517,34.176,"03:1,51 a 2,00",2004
m,15.694,13.075,59.411,42.866,14.108,51.424,9.592,25.675,14.879,41.257,15.522,4.076,52.167,32.043,48.486,87.632,34.450,44.591,104.392,112.878,49.521,31.473,39.604,416.589,17.142,"07:5,01 a 7,00",2004
f,1.210,1.454,4.246,4.252,3.441,4.724,1.278,6.363,2.966,9.887,4.987,1.301,9.248,6.352,4.550,38.375,11.344,49.351,39.649,18.045,44.678,57.574,51.632,474.875,2.278,"07:5,01 a 7,00",2004
m,7.749,4.628,28.576,18.777,8.321,42.495,2.332,13.228,8.760,28.195,4.184,1.682,15.616,33.990,15.163,22.589,16.055,54.695,49.980,35.032,25.795,12.231,31.539,179.545,5.749,"09:10,01 a 15,00",2004
f,1.207,678,2.188,2.395,1.677,3.058,394,3.489,1.444,7.553,1.349,297,3.456,6.688,2.242,7.978,5.671,45.557,22.646,11.502,17.573,19.575,33.953,158.654,1.047,"09:10,01 a 15,00",2004
m,326,584,1.681,1.274,619,974,766,694,450,1.194,958,695,3.888,636,6.979,10.954,2.424,330,6.244,6.289,17.762,1.386,12.374,15.010,2.006,"00:Até 0,50",2012
f,257,369,683,560,412,471,477,460,294,599,1.653,842,2.972,501,3.384,13.478,2.158,636,10.690,4.973,19.010,3.726,16.279,40.818,2.037,"00:Até 0,50",2012
m,10.269,1.275,4.561,7.427,3.449,14.044,475,3.186,1.671,16.276,792,161,4.439,9.879,10.952,8.060,10.387,28.708,29.820,15.141,8.522,6.598,19.983,93.779,1.382,"10:15,01 a 20,00",2012
f,1.959,240,648,863,521,1.905,72,1.202,369,5.042,297,27,1.015,2.181,1.682,2.286,3.739,13.868,12.179,3.640,6.047,7.314,18.173,62.050,264,"10:15,01 a 20,00",2012
m,21.886,12.986,53.577,47.440,13.366,54.232,9.380,20.174,14.976,40.990,11.454,2.466,50.101,24.534,98.197,102.376,44.132,40.706,116.203,108.395,41.618,23.910,44.292,333.375,23.750,"06:4,01 a 5,00",2012
f,2.189,1.681,4.718,5.317,3.171,5.226,1.435,5.735,2.781,9.785,5.434,858,10.107,5.134,10.276,50.696,17.055,52.009,59.519,21.087,36.524,61.038,54.387,445.011,2.187,"06:4,01 a 5,00",2012
m,41.935,79.263,178.238,129.835,51.386,123.123,76.800,62.775,52.225,152.435,69.664,17.051,276.260,60.372,592.047,665.703,216.970,29.134,727.457,618.890,247.874,84.931,93.654,565.429,218.792,"04:2,01 a 3,00",2012
f,3.659,9.264,22.551,27.096,24.707,23.116,12.829,22.071,15.527,44.848,51.302,6.691,66.801,9.355,38.811,362.313,70.341,51.615,255.394,89.433,197.119,242.269,142.361,1.017.084,17.110,"04:2,01 a 3,00",2012
m,3.102,20.925,11.065,4.746,2.144,3.899,12.490,7.565,5.121,8.874,14.454,5.839,35.652,3.771,72.508,188.691,23.272,3.157,77.179,36.767,124.535,7.831,48.001,143.433,108.404,"01:0,51 a 1,00",2012
f,1.394,3.592,4.027,2.321,1.392,1.524,4.615,5.279,4.174,6.130,31.654,8.426,28.508,1.978,13.468,195.750,17.782,5.963,137.944,24.676,194.353,33.459,89.029,242.632,32.542,"01:0,51 a 1,00",2012
m,29.626,29.330,94.527,81.685,24.168,82.315,23.207,32.721,23.680,75.738,26.745,5.085,113.205,36.297,224.668,223.508,87.650,55.201,237.157,279.400,84.985,46.180,61.600,423.591,68.931,"05:3,01 a 4,00",2012
f,2.948,3.435,8.683,9.856,6.615,8.858,3.472,9.496,5.298,16.261,12.336,1.803,21.427,6.130,17.800,114.546,30.194,72.716,104.104,38.108,70.655,112.536,82.244,669.258,4.709,"05:3,01 a 4,00",2012
m,15.641,6.269,29.008,28.794,10.396,47.270,2.824,13.843,7.944,32.237,4.271,1.052,21.077,33.438,49.867,40.616,30.103,55.563,92.326,53.428,31.012,18.434,53.347,288.095,7.568,"08:7,01 a 10,00",2012
f,3.132,1.182,3.431,4.336,2.254,5.467,604,4.579,1.816,11.321,2.153,257,5.736,7.456,8.665,16.568,11.932,52.082,47.353,18.951,24.863,33.896,57.550,279.116,1.519,"08:7,01 a 10,00",2012
m,20.669,126.524,97.212,44.293,22.659,24.916,128.704,49.082,44.224,93.639,147.454,88.929,316.041,39.877,625.773,1.749.396,310.782,16.954,850.127,370.255,717.337,79.135,110.358,524.953,475.803,"02:1,01 a 1,50",2012
f,3.983,20.810,29.053,21.331,28.675,12.663,47.770,39.411,43.646,78.168,404.376,131.106,309.286,20.266,77.768,1.930.412,188.300,43.873,927.664,162.503,1.282.741,396.669,308.009,1.079.164,139.442,"02:1,01 a 1,50",2012
m,20.247,1.696,5.138,8.531,3.716,12.270,644,3.566,2.128,25.351,1.027,197,6.188,13.040,12.319,8.656,16.021,30.405,39.344,18.631,8.437,7.701,19.682,130.237,1.724,"11:Mais de 20,00",2012
f,2.172,211,466,750,392,955,74,1.165,322,5.374,260,24,1.107,2.061,1.272,2.124,4.081,10.144,12.248,2.856,3.225,6.236,11.923,77.490,179,"11:Mais de 20,00",2012
m,24.385,88.991,138.531,83.284,41.198,51.398,110.732,50.487,49.890,127.199,72.481,31.073,296.522,53.627,733.641,1.004.529,231.385,15.033,813.954,414.938,362.446,80.265,75.241,432.956,265.841,"03:1,51 a 2,00",2012
f,2.367,12.961,32.323,33.771,37.723,17.822,27.625,27.538,27.546,73.732,113.776,21.965,155.705,11.013,48.371,770.746,98.203,31.597,345.135,103.080,349.167,308.323,131.760,736.466,39.733,"03:1,51 a 2,00",2012
m,21.906,11.758,54.651,46.933,13.826,56.085,6.860,22.204,15.738,43.025,9.644,2.222,40.008,34.946,84.821,83.648,44.246,60.667,122.257,87.841,41.604,25.635,60.888,442.707,16.509,"07:5,01 a 7,00",2012
f,3.052,1.879,4.781,5.938,3.235,6.033,1.247,6.905,2.969,12.494,4.881,604,9.768,7.536,11.223,40.160,18.037,67.067,64.332,26.456,35.957,59.224,71.818,501.050,2.449,"07:5,01 a 7,00",2012
m,15.453,3.451,15.310,19.326,8.570,31.110,1.521,8.692,4.371,28.960,2.153,530,11.993,24.649,28.218,21.777,21.842,54.585,70.160,33.571,25.212,14.235,47.550,185.689,3.923,"09:10,01 a 15,00",2012
f,3.346,741,2.163,2.910,1.726,4.527,308,3.168,1.076,9.569,994,113,3.259,5.742,5.528,7.599,8.659,39.500,32.991,10.219,24.462,18.890,48.006,167.900,801,"09:10,01 a 15,00",2012
m,321,341,940,602,342,491,408,798,305,720,703,100,2.360,590,2.015,6.194,1.029,146,3.642,2.314,12.420,635,7.418,11.093,2.199,"00:Até 0,50",2006
f,111,135,275,143,152,117,200,482,169,250,883,105,1.296,256,462,6.685,948,288,6.566,1.202,9.904,2.184,9.772,29.469,1.813,"00:Até 0,50",2006
m,6.971,1.347,6.410,6.782,3.844,16.006,664,4.408,2.181,15.157,1.094,369,5.074,11.896,5.036,5.929,7.197,30.630,23.393,14.316,9.018,4.609,17.827,89.034,1.363,"10:15,01 a 20,00",2006
f,1.325,229,705,817,675,1.893,73,1.370,444,4.140,300,33,1.053,2.240,734,1.863,2.563,16.328,9.976,4.066,5.054,4.932,16.309,59.308,163,"10:15,01 a 20,00",2006
m,15.021,11.580,47.869,37.279,12.221,46.175,9.536,20.508,12.288,32.571,14.261,2.834,51.253,21.539,51.224,85.276,32.664,31.252,92.868,108.458,40.242,28.398,33.709,322.012,19.031,"06:4,01 a 5,00",2006
f,1.219,1.271,3.736,3.849,3.263,3.947,1.190,5.427,2.697,8.261,4.860,844,8.559,4.106,4.323,38.567,10.856,37.833,36.783,14.302,34.726,51.277,50.457,389.090,1.842,"06:4,01 a 5,00",2006
m,26.663,57.537,139.216,80.106,41.898,68.114,74.696,58.496,50.259,103.517,67.711,21.031,261.192,38.335,324.204,568.659,156.547,22.007,554.061,412.290,217.857,64.861,71.617,506.297,184.008,"04:2,01 a 3,00",2006
f,1.455,6.770,17.522,16.882,24.467,11.858,10.389,23.181,15.548,40.331,61.928,9.070,63.252,6.263,17.632,286.053,47.631,36.900,170.508,59.368,161.011,185.759,140.360,775.023,11.940,"04:2,01 a 3,00",2006
m,3.049,17.191,6.654,2.697,1.409,2.430,13.052,6.118,3.791,7.802,10.892,3.844,43.305,3.694,37.755,147.377,16.738,1.814,53.169,25.234,101.972,4.859,28.207,152.474,132.039,"01:0,51 a 1,00",2006
f,753,2.459,1.999,956,730,599,3.641,3.594,2.831,3.741,24.101,4.847,22.959,1.031,4.903,133.545,10.466,2.899,65.648,10.541,133.154,24.761,56.721,308.089,33.178,"01:0,51 a 1,00",2006
m,18.032,24.720,77.366,55.641,21.504,59.005,23.927,33.062,21.701,53.438,30.876,5.764,101.771,28.132,113.332,183.599,63.592,30.241,210.561,261.665,78.864,33.818,46.809,391.070,54.925,"05:3,01 a 4,00",2006
f,1.256,2.390,7.119,7.284,6.977,7.075,2.926,9.620,5.543,14.283,12.622,1.894,16.430,4.495,7.706,80.731,20.100,37.291,65.671,25.958,61.616,83.578,78.509,521.327,3.640,"05:3,01 a 4,00",2006
m,9.830,6.351,39.467,27.644,10.550,50.413,3.812,17.873,12.114,29.405,6.229,1.796,24.197,33.255,28.316,37.825,21.386,48.554,67.653,45.795,31.085,18.264,39.263,261.746,7.274,"08:7,01 a 10,00",2006
f,1.330,931,3.127,3.209,2.258,4.049,655,4.706,1.799,8.447,2.319,390,5.238,7.052,4.593,15.833,8.294,47.811,31.134,15.203,25.740,32.696,45.777,255.020,1.192,"08:7,01 a 10,00",2006
m,18.927,86.123,57.697,22.634,12.945,12.786,121.230,36.403,36.470,66.394,115.529,78.841,282.893,32.734,322.740,1.141.194,191.395,10.675,535.302,188.589,532.748,50.984,71.118,457.642,488.777,"02:1,01 a 1,50",2006
f,2.763,11.685,11.835,8.955,12.536,3.120,33.529,22.067,28.377,47.346,283.197,101.578,189.382,8.576,30.678,1.046.686,94.338,20.655,435.180,61.689,766.493,234.066,176.105,924.619,104.869,"02:1,01 a 1,50",2006
m,18.944,1.918,7.537,8.597,5.287,17.512,802,5.577,3.140,22.898,1.521,378,7.820,15.418,6.476,8.349,13.774,40.087,37.058,18.954,11.598,4.589,19.228,144.124,1.768,"11:Mais de 20,00",2006
f,1.780,217,569,669,596,1.356,74,1.548,476,4.288,238,26,1.212,2.353,527,2.048,3.418,13.322,11.829,3.602,4.575,3.464,12.418,85.301,150,"11:Mais de 20,00",2006
m,18.978,59.314,106.555,47.547,29.613,26.411,104.880,36.365,45.306,76.455,73.994,33.248,266.555,38.678,316.377,801.476,166.556,10.202,486.249,257.557,290.866,51.405,55.522,321.020,242.869,"03:1,51 a 2,00",2006
f,1.425,7.641,19.154,13.624,22.602,6.123,21.281,18.959,23.597,44.811,130.365,32.579,126.561,6.695,18.784,560.877,68.089,20.279,233.632,58.849,275.974,185.653,119.143,554.861,28.900,"03:1,51 a 2,00",2006
m,14.745,10.861,56.408,40.926,13.473,51.032,7.374,24.432,15.676,37.890,11.494,2.807,43.951,32.103,45.331,71.423,30.727,48.878,88.641,77.694,44.584,25.541,44.176,394.821,13.115,"07:5,01 a 7,00",2006
f,1.484,1.313,3.999,3.997,2.978,4.417,1.071,6.519,2.694,9.683,4.059,800,8.475,6.394,5.272,32.271,10.979,54.059,39.652,18.214,42.087,52.033,60.057,430.197,1.643,"07:5,01 a 7,00",2006
m,12.005,3.366,20.212,17.705,7.990,33.381,1.706,11.227,6.090,25.787,3.011,1.012,13.493,29.826,13.872,16.624,15.466,54.489,47.164,30.882,20.173,10.653,32.144,167.670,3.877,"09:10,01 a 15,00",2006
f,2.747,614,2.134,2.270,1.548,3.251,321,3.323,1.214,8.077,958,144,3.008,5.642,2.355,5.887,5.618,41.086,22.240,9.756,14.036,15.803,33.035,149.320,551,"09:10,01 a 15,00",2006
m,398,367,869,721,348,525,425,840,389,895,609,154,2.822,374,2.923,6.616,1.304,198,4.464,2.422,13.520,658,8.245,12.733,2.315,"00:Até 0,50",2007
f,127,140,292,200,157,171,197,540,162,359,848,146,1.752,157,631,7.390,1.148,352,7.582,1.443,12.099,1.890,10.569,32.980,1.854,"00:Até 0,50",2007
m,8.267,1.222,6.823,7.024,3.706,16.128,610,4.059,2.016,14.221,1.024,282,5.085,10.994,5.970,6.374,7.846,29.854,22.816,14.640,7.645,4.448,17.920,89.987,1.242,"10:15,01 a 20,00",2007
f,1.567,225,762,832,622,1.801,67,1.323,471,4.058,310,28,1.162,2.193,781,1.947,2.604,16.565,9.850,3.997,4.293,4.498,16.200,61.148,141,"10:15,01 a 20,00",2007
m,15.112,10.912,50.023,41.781,12.689,52.276,8.931,19.904,11.731,31.074,13.624,2.733,51.953,22.512,57.503,83.078,36.074,32.860,90.188,105.410,38.703,29.516,33.162,324.389,19.586,"06:4,01 a 5,00",2007
f,1.117,1.285,3.881,4.042,3.295,4.594,1.206,5.395,2.543,8.045,4.746,827,9.031,4.378,4.531,35.961,11.570,40.907,42.873,15.501,33.043,52.628,46.141,397.595,1.707,"06:4,01 a 5,00",2007
m,28.235,58.962,154.035,97.334,48.199,85.237,73.264,59.167,50.764,106.302,70.938,19.723,275.733,41.284,375.673,565.561,168.939,24.508,573.763,442.138,214.288,65.651,72.417,522.619,190.370,"04:2,01 a 3,00",2007
f,1.673,6.431,18.923,19.033,27.076,13.669,10.364,22.188,16.306,38.295,56.881,8.343,62.925,6.987,18.023,280.226,50.149,41.571,208.426,62.985,159.022,184.865,108.838,826.480,12.286,"04:2,01 a 3,00",2007
m,2.853,18.140,7.191,2.885,1.351,2.456,12.953,5.947,3.738,7.520,11.654,4.464,43.697,6.282,38.657,147.849,16.712,1.923,54.580,24.784,109.100,5.410,33.136,158.854,125.454,"01:0,51 a 1,00",2007
f,611,2.424,2.275,1.045,786,629,3.586,3.815,2.848,3.828,25.427,6.057,24.143,1.453,5.143,139.007,10.899,3.254,76.755,11.660,147.174,24.572,62.751,315.119,31.093,"01:0,51 a 1,00",2007
m,17.622,23.957,83.270,63.662,22.626,68.540,23.056,32.825,21.604,52.419,30.480,5.347,106.186,29.514,134.339,186.666,69.591,36.235,210.472,258.769,77.096,34.112,46.045,413.747,57.396,"05:3,01 a 4,00",2007
f,1.354,2.462,7.372,8.002,6.962,7.938,2.847,9.493,5.543,13.927,12.041,1.813,18.460,4.759,8.588,85.786,21.238,45.369,82.450,27.995,61.894,82.110,67.841,536.463,3.639,"05:3,01 a 4,00",2007
m,9.826,5.962,39.295,29.310,10.605,50.100,3.501,16.794,11.053,28.954,5.877,1.617,24.033,35.735,31.315,37.940,22.826,49.891,67.898,47.614,29.152,17.665,38.636,275.003,7.309,"08:7,01 a 10,00",2007
f,1.518,962,3.342,3.408,2.268,4.494,643,4.705,1.740,8.492,2.288,357,5.340,7.567,4.983,15.533,8.661,48.614,34.608,16.158,22.283,31.414,43.613,263.888,1.218,"08:7,01 a 10,00",2007
m,18.812,95.803,68.038,28.134,14.860,16.641,127.061,38.751,39.300,69.759,130.050,86.354,323.481,37.399,376.089,1.285.612,222.199,12.909,609.277,218.363,581.820,56.356,80.917,504.846,494.276,"02:1,01 a 1,50",2007
f,2.757,13.181,14.268,11.173,15.081,5.037,36.570,25.342,30.492,52.455,316.694,110.534,233.046,9.642,35.139,1.203.985,109.603,27.509,526.140,74.224,854.511,260.633,188.521,1.052.838,112.842,"02:1,01 a 1,50",2007
m,18.507,1.700,7.752,8.381,4.819,16.805,715,5.177,2.947,21.644,1.396,343,7.909,14.893,7.349,8.407,14.115,38.180,33.721,19.467,9.067,4.097,18.100,144.966,1.754,"11:Mais de 20,00",2007
f,1.601,202,576,706,584,1.254,72,1.544,484,4.183,278,23,1.226,2.176,617,2.109,3.633,12.440,10.466,3.379,3.265,3.019,11.907,86.673,166,"11:Mais de 20,00",2007
m,19.622,65.538,121.781,59.323,33.638,34.598,106.349,41.686,47.894,83.685,76.819,31.291,287.056,39.745,376.208,843.694,188.096,11.688,535.191,280.217,307.509,56.560,56.728,352.469,246.541,"03:1,51 a 2,00",2007
f,1.482,8.252,22.588,18.123,27.407,7.961,20.938,21.912,24.459,49.293,131.682,27.779,130.404,6.628,20.841,588.054,75.621,24.499,265.283,64.232,276.334,198.556,104.149,599.980,30.090,"03:1,51 a 2,00",2007
m,14.735,10.718,59.504,45.396,14.185,51.641,6.961,24.428,14.997,36.595,11.389,2.559,44.514,33.909,50.903,72.669,33.866,50.170,90.467,79.012,40.365,23.775,44.308,415.112,13.749,"07:5,01 a 7,00",2007
f,1.715,1.330,4.252,4.375,3.121,4.692,1.052,6.606,2.630,9.904,4.120,713,8.948,6.679,5.864,33.870,12.407,56.095,47.905,19.324,35.686,49.650,55.687,448.500,1.775,"07:5,01 a 7,00",2007
m,11.189,3.137,20.580,18.432,7.721,36.698,1.647,10.776,5.424,24.863,2.773,868,13.787,28.072,15.519,17.498,16.035,52.763,46.621,31.894,18.880,10.337,31.951,169.252,3.845,"09:10,01 a 15,00",2007
f,2.347,566,2.272,2.379,1.559,3.611,302,3.224,1.150,8.421,945,123,3.133,5.783,2.661,6.220,5.896,40.280,23.149,10.182,13.062,14.519,32.409,156.203,571,"09:10,01 a 15,00",2007
m,394,654,1.251,1.241,702,1.368,762,725,504,1.112,1.126,807,4.317,624,7.852,11.632,2.740,357,6.452,5.357,18.356,1.602,12.545,12.130,1.991,"00:Até 0,50",2013
f,224,372,554,590,453,520,493,576,321,755,1.902,898,3.296,566,3.664,14.471,2.600,697,10.855,4.406,19.705,4.136,16.204,34.821,2.021,"00:Até 0,50",2013
m,10.701,1.232,4.372,7.025,3.222,14.475,474,2.928,1.717,15.635,793,164,4.400,9.318,10.947,7.745,10.011,27.821,29.953,15.846,8.307,6.959,20.088,96.488,1.662,"10:15,01 a 20,00",2013
f,2.056,233,598,846,443,1.883,82,1.157,339,5.029,300,32,1.132,2.068,1.608,2.554,3.738,13.929,12.332,3.699,5.928,7.727,18.515,64.058,370,"10:15,01 a 20,00",2013
m,21.568,13.722,53.016,49.598,12.908,56.936,9.404,19.735,15.148,42.743,11.558,2.576,53.357,26.317,106.095,103.161,45.747,40.743,119.808,115.105,43.005,25.012,47.184,353.669,25.434,"06:4,01 a 5,00",2013
f,2.157,1.798,4.804,5.445,3.174,5.592,1.554,5.653,2.795,10.288,5.660,851,10.367,5.359,10.181,55.726,17.972,52.025,61.373,21.893,36.732,64.241,58.343,461.417,2.447,"06:4,01 a 5,00",2013
m,43.978,82.404,180.743,136.415,50.351,128.739,81.343,63.032,54.213,156.091,71.068,17.387,287.029,65.193,626.069,701.207,231.004,30.538,797.460,650.645,262.575,90.378,100.498,579.712,229.310,"04:2,01 a 3,00",2013
f,3.801,9.976,23.624,29.589,23.639,23.713,14.487,22.141,16.561,47.221,53.987,6.952,74.428,10.363,41.114,390.959,75.329,54.726,275.870,95.022,211.341,268.164,153.574,1.034.905,19.196,"04:2,01 a 3,00",2013
m,3.152,20.056,10.508,4.872,2.114,4.280,11.518,6.922,4.771,8.958,14.142,6.030,33.916,4.629,65.572,182.308,23.221,3.187,75.430,37.498,117.553,7.744,48.266,200.826,100.801,"01:0,51 a 1,00",2013
f,1.381,3.605,3.906,2.481,1.599,1.840,4.430,4.864,4.216,6.141,30.858,8.072,28.375,2.464,13.604,195.074,18.356,5.891,139.189,25.767,189.810,32.972,89.318,248.356,31.513,"01:0,51 a 1,00",2013
m,30.939,30.536,93.993,85.919,23.061,85.370,24.233,32.528,24.926,79.321,26.919,5.282,119.543,39.608,241.586,232.329,92.230,54.799,259.132,301.540,88.021,48.773,61.969,438.750,74.254,"05:3,01 a 4,00",2013
f,2.937,3.653,8.882,10.405,6.509,9.338,3.544,9.332,5.702,17.418,13.288,1.950,23.082,6.723,18.515,125.023,32.327,74.533,109.529,39.763,73.982,123.688,84.497,694.966,5.213,"05:3,01 a 4,00",2013
m,15.255,6.367,27.828,28.853,9.782,50.339,2.933,13.302,8.290,32.742,4.340,1.118,22.231,33.467,52.675,38.359,30.212,55.643,93.887,56.730,30.509,19.146,54.977,323.319,8.293,"08:7,01 a 10,00",2013
f,3.151,1.223,3.429,4.441,2.183,5.776,652,4.412,1.805,11.908,2.247,293,6.087,7.446,8.836,17.824,12.350,51.623,48.204,18.165,24.104,35.273,60.953,294.426,1.840,"08:7,01 a 10,00",2013
m,19.537,126.094,94.790,44.601,22.846,25.091,120.210,48.481,43.475,91.573,145.578,83.840,310.400,45.277,608.388,1.760.397,315.712,17.514,816.488,372.002,717.622,78.492,114.477,569.775,468.304,"02:1,01 a 1,50",2013
f,3.879,21.287,28.872,22.778,28.742,13.186,47.183,40.081,43.925,77.135,402.448,125.573,318.214,21.499,79.500,1.983.024,196.191,44.219,964.252,173.856,1.326.443,402.208,327.265,1.135.617,139.589,"02:1,01 a 1,50",2013
m,21.638,1.593,4.681,8.173,3.252,11.218,635,3.138,2.101,26.227,1.046,201,6.363,11.839,12.222,8.582,15.395,30.847,39.955,18.581,8.324,7.954,22.194,127.182,1.889,"11:Mais de 20,00",2013
f,2.321,184,448,787,367,901,65,1.021,328,5.791,288,25,1.220,1.854,1.377,2.276,4.185,10.259,12.806,2.913,3.310,6.477,14.096,75.659,229,"11:Mais de 20,00",2013
m,24.988,90.710,137.965,87.542,41.604,54.814,110.725,50.983,50.279,127.101,72.740,32.283,302.198,56.677,736.777,1.028.745,236.522,15.607,798.978,419.903,377.546,83.528,78.825,455.644,266.026,"03:1,51 a 2,00",2013
f,2.540,13.626,34.076,36.656,40.796,19.636,29.952,28.551,28.752,75.948,117.281,23.508,173.430,12.819,49.033,821.853,103.807,32.249,360.650,109.926,378.555,334.741,140.579,746.753,43.770,"03:1,51 a 2,00",2013
m,20.129,12.134,52.935,47.255,13.603,61.478,7.043,22.160,15.812,44.346,9.726,2.263,42.922,35.616,89.941,84.031,45.616,61.900,125.986,93.634,43.043,26.271,63.389,453.197,18.278,"07:5,01 a 7,00",2013
f,2.852,2.006,4.777,6.106,3.181,6.325,1.334,6.865,3.021,13.196,5.193,620,10.121,7.621,11.171,43.220,18.467,67.961,66.198,27.554,37.478,63.652,73.791,508.766,2.898,"07:5,01 a 7,00",2013
m,15.078,3.553,14.518,19.482,8.138,32.454,1.540,8.230,4.623,29.245,2.141,567,12.256,23.737,29.923,20.823,22.283,54.931,71.793,34.513,25.474,14.940,49.512,206.380,4.408,"09:10,01 a 15,00",2013
f,3.177,732,2.120,2.918,1.592,4.560,295,3.029,1.090,10.079,1.036,123,3.377,5.493,5.289,8.319,8.830,39.749,33.465,10.558,24.752,19.443,50.074,179.729,989,"09:10,01 a 15,00",2013
