;;Sexo Trabalhador;Tipo Vínculo
Capital; Faixa Remun Média (SM); 01:Masculino;01:Masculino;01:Masculino;01:Masculino;01:Masculino;01:Masculino;01:Masculino;01:Masculino;01:Masculino;01:Masculino;01:Masculino;01:Masculino;01:Masculino;01:Masculino;01:Masculino;01:Masculino;01:Masculino;01:Masculino;01:Masculino;01:Masculino;02:Feminino;02:Feminino;02:Feminino;02:Feminino;02:Feminino;02:Feminino;02:Feminino;02:Feminino;02:Feminino;02:Feminino;02:Feminino;02:Feminino;02:Feminino;02:Feminino;02:Feminino;02:Feminino;02:Feminino;02:Feminino;02:Feminino;02:Feminino;Total;Total;Total;Total;Total;Total;Total;Total;Total;Total;Total;Total;Total;Total;Total;Total;Total;Total;Total;Total
;10:CLT U/ PJ Ind;15:CLT U/ PF Ind;20:CLT R/ PJ Ind;25:CLT R/ PF Ind;30:Estatutário;31:Estatutário RGPS;35:Estatutário não Efetivo;40:Avulso;50:Temporário;55:Aprendiz;60:CLT U/ PJ Determinado;65:CLT U/ PF Determinado;70:CLT R/ PJ Determinado;75:CLT R/ PF Determinado;80:Diretor;90:Contrat Prazo Determinado;95:Contrat TMP Determinado;96:Contrat Lei Estadual;97:Contrat Lei Municipal;Total;10:CLT U/ PJ Ind;15:CLT U/ PF Ind;20:CLT R/ PJ Ind;25:CLT R/ PF Ind;30:Estatutário;31:Estatutário RGPS;35:Estatutário não Efetivo;40:Avulso;50:Temporário;55:Aprendiz;60:CLT U/ PJ Determinado;65:CLT U/ PF Determinado;70:CLT R/ PJ Determinado;75:CLT R/ PF Determinado;80:Diretor;90:Contrat Prazo Determinado;95:Contrat TMP Determinado;96:Contrat Lei Estadual;97:Contrat Lei Municipal;Total;10:CLT U/ PJ Ind;15:CLT U/ PF Ind;20:CLT R/ PJ Ind;25:CLT R/ PF Ind;30:Estatutário;31:Estatutário RGPS;35:Estatutário não Efetivo;40:Avulso;50:Temporário;55:Aprendiz;60:CLT U/ PJ Determinado;65:CLT U/ PF Determinado;70:CLT R/ PJ Determinado;75:CLT R/ PF Determinado;80:Diretor;90:Contrat Prazo Determinado;95:Contrat TMP Determinado;96:Contrat Lei Estadual;97:Contrat Lei Municipal;Total
110020:Porto Velho - RO;Total;31.602;387;34;337;23.396;11;2.659;179;0;132;413;18;0;3;132;11;0;1;0;59.315;18.735;241;6;29;30.683;13;2.239;1;1;124;515;6;2;0;44;3;0;0;0;52.642;50.337;628;40;366;54.079;24;4.898;180;1;256;928;24;2;3;176;14;0;1;0;111.957
;00:Até 0,50;32;0;0;1;15;0;4;10;0;24;2;0;0;0;1;0;0;0;0;89;38;0;0;0;10;1;4;0;0;24;4;0;0;0;0;0;0;0;0;81;70;0;0;1;25;1;8;10;0;48;6;0;0;0;1;0;0;0;0;170
;01:0,51 a 1,00;714;51;3;50;147;0;153;42;0;95;11;0;0;0;67;0;0;1;0;1.334;592;43;3;11;62;0;223;1;0;87;23;1;0;0;22;1;0;0;0;1.069;1.306;94;6;61;209;0;376;43;0;182;34;1;0;0;89;1;0;1;0;2.403
;02:1,01 a 1,50;10.787;227;9;129;2.349;2;250;46;0;13;130;17;0;2;10;5;0;0;0;13.976;8.782;168;0;16;5.330;1;340;0;1;11;175;4;0;0;11;0;0;0;0;14.839;19.569;395;9;145;7.679;3;590;46;1;24;305;21;0;2;21;5;0;0;0;28.815
;03:1,51 a 2,00;8.226;72;8;87;1.668;2;207;42;0;0;71;1;0;1;5;4;0;0;0;10.394;3.382;23;1;1;3.187;7;204;0;0;0;136;0;0;0;2;0;0;0;0;6.943;11.608;95;9;88;4.855;9;411;42;0;0;207;1;0;1;7;4;0;0;0;17.337
;04:2,01 a 3,00;4.881;29;7;52;2.471;0;692;25;0;0;63;0;0;0;11;2;0;0;0;8.233;2.672;6;2;1;4.167;0;460;0;0;0;102;0;1;0;0;1;0;0;0;7.412;7.553;35;9;53;6.638;0;1.152;25;0;0;165;0;1;0;11;3;0;0;0;15.645
;05:3,01 a 4,00;2.193;4;3;9;2.663;0;475;6;0;0;31;0;0;0;7;0;0;0;0;5.391;1.069;0;0;0;6.600;1;276;0;0;0;38;0;0;0;1;0;0;0;0;7.985;3.262;4;3;9;9.263;1;751;6;0;0;69;0;0;0;8;0;0;0;0;13.376
;06:4,01 a 5,00;1.226;0;2;3;2.815;1;179;5;0;0;13;0;0;0;7;0;0;0;0;4.251;745;1;0;0;4.552;0;153;0;0;0;7;0;0;0;1;0;0;0;0;5.459;1.971;1;2;3;7.367;1;332;5;0;0;20;0;0;0;8;0;0;0;0;9.710
;07:5,01 a 7,00;1.098;2;1;1;4.477;2;183;0;0;0;39;0;0;0;7;0;0;0;0;5.810;578;0;0;0;2.621;1;168;0;0;0;13;0;0;0;1;1;0;0;0;3.383;1.676;2;1;1;7.098;3;351;0;0;0;52;0;0;0;8;1;0;0;0;9.193
;08:7,01 a 10,00;881;0;1;1;2.700;2;199;1;0;0;34;0;0;0;4;0;0;0;0;3.823;401;0;0;0;1.976;1;209;0;0;0;9;0;1;0;2;0;0;0;0;2.599;1.282;0;1;1;4.676;3;408;1;0;0;43;0;1;0;6;0;0;0;0;6.422
;09:10,01 a 15,00;733;0;0;1;1.405;2;141;0;0;0;12;0;0;0;2;0;0;0;0;2.296;253;0;0;0;889;1;109;0;0;0;6;0;0;0;0;0;0;0;0;1.258;986;0;0;1;2.294;3;250;0;0;0;18;0;0;0;2;0;0;0;0;3.554
;10:15,01 a 20,00;303;0;0;0;1.038;0;104;0;0;0;2;0;0;0;1;0;0;0;0;1.448;83;0;0;0;481;0;62;0;0;0;2;0;0;0;0;0;0;0;0;628;386;0;0;0;1.519;0;166;0;0;0;4;0;0;0;1;0;0;0;0;2.076
;11:Mais de 20,00;293;0;0;0;1.632;0;70;0;0;0;1;0;0;0;9;0;0;0;0;2.005;56;0;0;0;790;0;29;0;0;0;0;0;0;0;3;0;0;0;0;878;349;0;0;0;2.422;0;99;0;0;0;1;0;0;0;12;0;0;0;0;2.883
;{ñ class};235;2;0;3;16;0;2;2;0;0;4;0;0;0;1;0;0;0;0;265;84;0;0;0;18;0;2;0;0;2;0;1;0;0;1;0;0;0;0;108;319;2;0;3;34;0;4;2;0;2;4;1;0;0;2;0;0;0;0;373
120040:Rio Branco - AC;Total;22.329;476;96;245;10.717;9;2.878;1;10;94;286;41;0;3;25;12;0;0;311;37.533;12.274;128;22;19;15.276;5;4.142;0;1;80;192;5;0;0;5;9;0;0;100;32.258;34.603;604;118;264;25.993;14;7.020;1;11;174;478;46;0;3;30;21;0;0;411;69.791
;00:Até 0,50;19;0;0;0;1;0;6;0;0;44;2;0;0;0;0;0;0;0;0;72;10;0;0;0;0;0;6;0;0;40;2;0;0;0;0;0;0;0;0;58;29;0;0;0;1;0;12;0;0;84;4;0;0;0;0;0;0;0;0;130
;01:0,51 a 1,00;576;137;14;62;5;0;13;0;9;45;11;20;0;1;1;0;0;0;0;894;431;27;3;11;1;1;20;0;0;38;6;2;0;0;0;1;0;0;2;543;1.007;164;17;73;6;1;33;0;9;83;17;22;0;1;1;1;0;0;2;1.437
;02:1,01 a 1,50;10.001;213;43;96;175;2;475;0;1;2;179;16;0;1;0;7;0;0;40;11.251;6.522;83;18;4;781;0;445;0;1;2;138;3;0;0;1;4;0;0;37;8.039;16.523;296;61;100;956;2;920;0;2;4;317;19;0;1;1;11;0;0;77;19.290
;03:1,51 a 2,00;4.511;71;19;57;768;0;511;0;0;0;47;1;0;1;0;2;0;0;198;6.186;1.573;8;0;2;1.780;0;1.058;0;0;0;9;0;0;0;0;1;0;0;5;4.436;6.084;79;19;59;2.548;0;1.569;0;0;0;56;1;0;1;0;3;0;0;203;10.622
;04:2,01 a 3,00;3.030;44;7;19;1.622;1;714;1;0;0;30;4;0;0;0;2;0;0;21;5.495;1.241;7;1;0;3.849;1;957;0;0;0;16;0;0;0;0;2;0;0;8;6.082;4.271;51;8;19;5.471;2;1.671;1;0;0;46;4;0;0;0;4;0;0;29;11.577
;05:3,01 a 4,00;1.569;10;6;6;1.215;0;291;0;0;0;3;0;0;0;2;0;0;0;32;3.134;746;3;0;2;2.119;0;540;0;0;0;7;0;0;0;0;1;0;0;32;3.450;2.315;13;6;8;3.334;0;831;0;0;0;10;0;0;0;2;1;0;0;64;6.584
;06:4,01 a 5,00;605;0;1;0;2.238;0;212;0;0;0;6;0;0;0;3;0;0;0;3;3.068;515;0;0;0;1.950;0;266;0;0;0;6;0;0;0;0;0;0;0;3;2.740;1.120;0;1;0;4.188;0;478;0;0;0;12;0;0;0;3;0;0;0;6;5.808
;07:5,01 a 7,00;699;0;2;1;1.986;4;261;0;0;0;4;0;0;0;4;0;0;0;3;2.964;621;0;0;0;2.238;3;365;0;0;0;6;0;0;0;2;0;0;0;5;3.240;1.320;0;2;1;4.224;7;626;0;0;0;10;0;0;0;6;0;0;0;8;6.204
;08:7,01 a 10,00;451;1;2;1;982;1;156;0;0;0;2;0;0;0;2;1;0;0;10;1.609;313;0;0;0;1.129;0;232;0;0;0;0;0;0;0;0;0;0;0;7;1.681;764;1;2;1;2.111;1;388;0;0;0;2;0;0;0;2;1;0;0;17;3.290
;09:10,01 a 15,00;372;0;1;0;671;0;98;0;0;0;0;0;0;0;6;0;0;0;4;1.152;172;0;0;0;901;0;175;0;0;0;0;0;0;0;0;0;0;0;1;1.249;544;0;1;0;1.572;0;273;0;0;0;0;0;0;0;6;0;0;0;5;2.401
;10:15,01 a 20,00;140;0;0;0;395;0;31;0;0;0;0;0;0;0;0;0;0;0;0;566;43;0;0;0;221;0;39;0;0;0;0;0;0;0;0;0;0;0;0;303;183;0;0;0;616;0;70;0;0;0;0;0;0;0;0;0;0;0;0;869
;11:Mais de 20,00;109;0;0;0;659;1;90;0;0;0;0;0;0;0;5;0;0;0;0;864;18;0;0;0;307;0;37;0;0;0;1;0;0;0;2;0;0;0;0;365;127;0;0;0;966;1;127;0;0;0;1;0;0;0;7;0;0;0;0;1.229
;{ñ class};247;0;1;3;0;0;20;0;0;3;2;0;0;0;2;0;0;0;0;278;69;0;0;0;0;0;2;0;0;0;1;0;0;0;0;0;0;0;0;72;316;0;1;3;0;0;22;0;0;3;3;0;0;0;2;0;0;0;0;350
130260:Manaus - AM;Total;171.136;149;199;533;37.422;2;6.142;375;1.911;1.010;1.969;34;33;14;141;710;38;23;8;221.849;92.912;521;46;146;53.711;3;9.757;1;1.025;658;612;13;11;1;45;230;31;7;1;159.731;264.048;670;245;679;91.133;5;15.899;376;2.936;1.668;2.581;47;44;15;186;940;69;30;9;381.580
;00:Até 0,50;172;0;0;0;24;0;4;0;0;196;0;0;0;0;0;23;0;0;0;419;160;0;0;1;26;0;13;0;1;192;1;0;0;0;0;2;0;0;0;396;332;0;0;1;50;0;17;0;1;388;1;0;0;0;0;25;0;0;0;815
;01:0,51 a 1,00;2.463;31;12;43;695;0;46;2;40;589;20;0;20;3;9;6;0;0;0;3.979;2.511;80;3;19;353;0;35;0;62;361;9;3;6;0;8;1;1;0;0;3.452;4.974;111;15;62;1.048;0;81;2;102;950;29;3;26;3;17;7;1;0;0;7.431
;02:1,01 a 1,50;44.600;73;60;274;1.087;2;100;2;882;219;231;8;3;9;13;244;7;3;0;47.817;38.980;356;24;100;1.411;0;156;1;537;100;212;9;0;1;7;126;2;6;1;42.029;83.580;429;84;374;2.498;2;256;3;1.419;319;443;17;3;10;20;370;9;9;1;89.846
;03:1,51 a 2,00;34.762;28;36;151;3.231;0;177;7;601;4;502;19;3;2;5;147;1;15;0;39.691;18.131;56;7;22;6.595;2;324;0;289;2;109;1;0;0;4;29;1;0;0;25.572;52.893;84;43;173;9.826;2;501;7;890;6;611;20;3;2;9;176;2;15;0;65.263
;04:2,01 a 3,00;38.033;9;54;39;6.895;0;1.999;7;224;1;817;3;6;0;10;239;10;3;2;48.351;14.723;18;3;2;13.921;0;3.759;0;98;1;150;0;1;0;5;46;5;0;0;32.732;52.756;27;57;41;20.816;0;5.758;7;322;2;967;3;7;0;15;285;15;3;2;81.083
;05:3,01 a 4,00;17.924;3;20;17;5.871;0;760;27;72;0;173;1;0;0;9;31;17;1;0;24.926;6.085;10;5;1;11.216;0;1.630;0;16;0;50;0;0;0;2;14;19;0;0;19.048;24.009;13;25;18;17.087;0;2.390;27;88;0;223;1;0;0;11;45;36;1;0;43.974
;06:4,01 a 5,00;9.634;3;7;5;3.791;0;449;65;36;0;52;1;0;0;16;4;2;0;0;14.065;3.296;1;1;1;4.202;0;528;0;12;0;15;0;0;0;5;7;3;1;0;8.072;12.930;4;8;6;7.993;0;977;65;48;0;67;1;0;0;21;11;5;1;0;22.137
;07:5,01 a 7,00;8.509;0;6;2;4.925;0;724;59;33;0;46;1;0;0;13;6;1;1;0;14.326;3.425;0;1;0;7.028;0;1.133;0;3;0;33;0;4;0;4;5;0;0;0;11.636;11.934;0;7;2;11.953;0;1.857;59;36;0;79;1;4;0;17;11;1;1;0;25.962
;08:7,01 a 10,00;5.805;1;0;1;4.870;0;874;66;12;0;51;1;0;0;10;4;0;0;0;11.695;2.555;0;0;0;4.762;0;1.397;0;4;0;13;0;0;0;4;0;0;0;0;8.735;8.360;1;0;1;9.632;0;2.271;66;16;0;64;1;0;0;14;4;0;0;0;20.430
;09:10,01 a 15,00;4.058;0;2;1;2.541;0;423;45;3;0;35;0;0;0;9;1;0;0;2;7.120;1.658;0;2;0;1.848;1;417;0;1;0;16;0;0;0;3;0;0;0;0;3.946;5.716;0;4;1;4.389;1;840;45;4;0;51;0;0;0;12;1;0;0;2;11.066
;10:15,01 a 20,00;1.836;0;0;0;1.360;0;278;20;1;0;15;0;1;0;4;1;0;0;0;3.516;512;0;0;0;953;0;181;0;1;0;1;0;0;0;0;0;0;0;0;1.648;2.348;0;0;0;2.313;0;459;20;2;0;16;0;1;0;4;1;0;0;0;5.164
;11:Mais de 20,00;2.283;0;0;0;2.116;0;305;75;0;0;20;0;0;0;41;2;0;0;4;4.846;341;0;0;0;1.379;0;178;0;0;0;3;0;0;0;2;0;0;0;0;1.903;2.624;0;0;0;3.495;0;483;75;0;0;23;0;0;0;43;2;0;0;4;6.749
;{ñ class};1.057;1;2;0;16;0;3;0;7;1;7;0;0;0;2;2;0;0;0;1.098;535;0;0;0;17;0;6;0;1;2;0;0;0;0;1;0;0;0;0;562;1.592;1;2;0;33;0;9;0;8;3;7;0;0;0;3;2;0;0;0;1.660
140010:Boa Vista - RR;Total;12.678;173;34;103;5.498;34;502;0;65;28;9;1;2;1;17;35;1;0;68;19.249;8.943;86;4;12;5.377;21;674;0;41;32;17;3;0;0;2;15;1;0;13;15.241;21.621;259;38;115;10.875;55;1.176;0;106;60;26;4;2;1;19;50;2;0;81;34.490
;00:Até 0,50;9;0;0;0;0;0;0;0;0;7;0;0;0;0;0;0;0;0;0;16;18;0;0;0;1;0;0;0;0;6;0;0;0;0;0;0;0;0;0;25;27;0;0;0;1;0;0;0;0;13;0;0;0;0;0;0;0;0;0;41
;01:0,51 a 1,00;608;39;2;43;4;1;37;0;3;10;0;0;0;0;0;0;0;0;0;747;750;26;0;4;1;0;73;0;2;6;2;1;0;0;0;11;0;0;0;876;1.358;65;2;47;5;1;110;0;5;16;2;1;0;0;0;11;0;0;0;1.623
;02:1,01 a 1,50;6.048;67;20;34;13;2;72;0;36;10;1;1;2;1;3;32;1;0;0;6.343;5.408;56;3;6;23;0;146;0;32;20;2;2;0;0;0;1;1;0;0;5.700;11.456;123;23;40;36;2;218;0;68;30;3;3;2;1;3;33;2;0;0;12.043
;03:1,51 a 2,00;2.117;13;9;11;24;0;29;0;4;1;0;0;0;0;2;2;0;0;40;2.252;989;1;0;1;29;0;37;0;5;0;1;0;0;0;1;2;0;0;8;1.074;3.106;14;9;12;53;0;66;0;9;1;1;0;0;0;3;4;0;0;48;3.326
;04:2,01 a 3,00;1.848;46;2;13;283;1;92;0;17;0;2;0;0;0;3;0;0;0;0;2.307;785;3;0;0;122;0;82;0;1;0;8;0;0;0;0;0;0;0;0;1.001;2.633;49;2;13;405;1;174;0;18;0;10;0;0;0;3;0;0;0;0;3.308
;05:3,01 a 4,00;737;4;1;2;542;1;41;0;3;0;2;0;0;0;3;0;0;0;12;1.348;278;0;0;1;708;0;57;0;0;0;1;0;0;0;0;1;0;0;3;1.049;1.015;4;1;3;1.250;1;98;0;3;0;3;0;0;0;3;1;0;0;15;2.397
;06:4,01 a 5,00;363;2;0;0;1.277;1;61;0;2;0;1;0;0;0;1;0;0;0;12;1.720;224;0;0;0;1.585;2;60;0;1;0;3;0;0;0;0;0;0;0;1;1.876;587;2;0;0;2.862;3;121;0;3;0;4;0;0;0;1;0;0;0;13;3.596
;07:5,01 a 7,00;361;1;0;0;1.350;2;64;0;0;0;1;0;0;0;0;0;0;0;0;1.779;197;0;1;0;1.606;1;81;0;0;0;0;0;0;0;0;0;0;0;0;1.886;558;1;1;0;2.956;3;145;0;0;0;1;0;0;0;0;0;0;0;0;3.665
;08:7,01 a 10,00;213;0;0;0;899;0;30;0;0;0;1;0;0;0;2;0;0;0;2;1.147;140;0;0;0;847;2;52;0;0;0;0;0;0;0;1;0;0;0;1;1.043;353;0;0;0;1.746;2;82;0;0;0;1;0;0;0;3;0;0;0;3;2.190
;09:10,01 a 15,00;141;0;0;0;488;1;29;0;0;0;1;0;0;0;1;0;0;0;1;662;85;0;0;0;183;0;41;0;0;0;0;0;0;0;0;0;0;0;0;309;226;0;0;0;671;1;70;0;0;0;1;0;0;0;1;0;0;0;1;971
;10:15,01 a 20,00;74;0;0;0;234;1;21;0;0;0;0;0;0;0;0;0;0;0;0;330;29;0;0;0;89;0;33;0;0;0;0;0;0;0;0;0;0;0;0;151;103;0;0;0;323;1;54;0;0;0;0;0;0;0;0;0;0;0;0;481
;11:Mais de 20,00;102;0;0;0;383;24;26;0;0;0;0;0;0;0;2;0;0;0;1;538;19;0;0;0;182;16;12;0;0;0;0;0;0;0;0;0;0;0;0;229;121;0;0;0;565;40;38;0;0;0;0;0;0;0;2;0;0;0;1;767
;{ñ class};57;1;0;0;1;0;0;0;0;0;0;0;0;0;0;1;0;0;0;60;21;0;0;0;1;0;0;0;0;0;0;0;0;0;0;0;0;0;0;22;78;1;0;0;2;0;0;0;0;0;0;0;0;0;0;1;0;0;0;82
150140:Belém - PA;Total;116.970;836;354;452;50.982;644;12.555;1.616;573;548;323;31;6;1;156;118;6;4;0;186.175;63.617;1.000;55;19;46.499;462;16.989;2;112;441;105;13;1;0;74;23;11;3;0;129.426;180.587;1.836;409;471;97.481;1.106;29.544;1.618;685;989;428;44;7;1;230;141;17;7;0;315.601
;00:Até 0,50;369;0;2;0;4;0;16;224;0;327;2;0;0;0;0;5;0;0;0;949;265;4;0;0;8;0;17;0;0;286;0;0;0;0;0;0;0;0;0;580;634;4;2;0;12;0;33;224;0;613;2;0;0;0;0;5;0;0;0;1.529
;01:0,51 a 1,00;5.579;105;75;190;657;0;954;376;3;201;24;12;0;0;16;6;0;0;0;8.198;3.307;135;0;7;275;0;3.450;0;3;143;12;5;0;0;9;0;0;0;0;7.346;8.886;240;75;197;932;0;4.404;376;6;344;36;17;0;0;25;6;0;0;0;15.544
;02:1,01 a 1,50;43.700;456;178;197;3.717;2;2.576;139;195;15;126;8;4;0;3;19;4;0;0;51.339;29.567;670;37;10;8.493;1;2.659;2;59;6;45;8;0;0;2;5;3;0;0;41.567;73.267;1.126;215;207;12.210;3;5.235;141;254;21;171;16;4;0;5;24;7;0;0;92.906
;03:1,51 a 2,00;25.410;183;61;40;3.271;4;1.388;100;120;0;46;8;0;0;1;25;2;0;0;30.659;10.596;131;5;2;3.772;1;1.800;0;19;0;11;0;1;0;3;3;5;0;0;16.349;36.006;314;66;42;7.043;5;3.188;100;139;0;57;8;1;0;4;28;7;0;0;47.008
;04:2,01 a 3,00;19.523;77;25;20;7.155;1;3.982;74;152;0;46;3;1;1;9;16;0;0;0;31.085;8.319;50;9;0;5.507;1;4.135;0;17;0;11;0;0;0;1;7;3;0;0;18.060;27.842;127;34;20;12.662;2;8.117;74;169;0;57;3;1;1;10;23;3;0;0;49.145
;05:3,01 a 4,00;6.971;7;6;3;11.396;1;948;79;59;1;23;0;0;0;14;7;0;0;0;19.515;3.292;6;1;0;7.452;1;1.341;0;7;0;9;0;0;0;10;1;0;0;0;12.120;10.263;13;7;3;18.848;2;2.289;79;66;1;32;0;0;0;24;8;0;0;0;31.635
;06:4,01 a 5,00;3.992;5;3;1;5.986;4;1.384;56;31;0;4;0;1;0;5;4;0;0;0;11.476;2.068;2;1;0;5.199;4;1.790;0;3;0;2;0;0;0;1;3;0;0;0;9.073;6.060;7;4;1;11.185;8;3.174;56;34;0;6;0;1;0;6;7;0;0;0;20.549
;07:5,01 a 7,00;3.721;1;1;0;7.383;10;707;87;9;0;7;0;0;0;18;6;0;1;0;11.951;2.164;1;1;0;7.068;2;1.026;0;2;0;5;0;0;0;16;3;0;1;0;10.289;5.885;2;2;0;14.451;12;1.733;87;11;0;12;0;0;0;34;9;0;2;0;22.240
;08:7,01 a 10,00;2.772;1;1;0;4.772;82;241;79;4;0;30;0;0;0;29;11;0;1;0;8.023;1.659;0;0;0;4.242;71;394;0;1;0;2;0;0;0;8;0;0;0;0;6.377;4.431;1;1;0;9.014;153;635;79;5;0;32;0;0;0;37;11;0;1;0;14.400
;09:10,01 a 15,00;1.985;0;0;0;2.909;162;218;127;0;0;9;0;0;0;37;13;0;1;0;5.461;1.150;0;0;0;2.005;86;234;0;0;0;2;0;0;0;12;0;0;0;0;3.489;3.135;0;0;0;4.914;248;452;127;0;0;11;0;0;0;49;13;0;1;0;8.950
;10:15,01 a 20,00;816;0;0;0;1.714;90;71;78;0;0;0;0;0;0;4;1;0;0;0;2.774;440;0;0;0;1.041;58;71;0;0;0;1;0;0;0;7;0;0;0;0;1.618;1.256;0;0;0;2.755;148;142;78;0;0;1;0;0;0;11;1;0;0;0;4.392
;11:Mais de 20,00;888;0;0;0;2.005;288;66;27;0;0;0;0;0;0;20;4;0;1;0;3.299;244;0;0;0;1.424;237;69;0;0;0;0;0;0;0;5;0;0;2;0;1.981;1.132;0;0;0;3.429;525;135;27;0;0;0;0;0;0;25;4;0;3;0;5.280
;{ñ class};1.244;1;2;1;13;0;4;170;0;4;6;0;0;0;0;1;0;0;0;1.446;546;1;1;0;13;0;3;0;1;6;5;0;0;0;0;1;0;0;0;577;1.790;2;3;1;26;0;7;170;1;10;11;0;0;0;0;2;0;0;0;2.023
160030:Macapá - AP;Total;21.128;153;226;87;12.748;4;1.511;219;2;84;227;6;0;0;18;3;4;0;0;36.420;13.183;88;84;4;15.069;3;1.151;15;3;81;169;2;0;0;11;2;15;0;0;29.880;34.311;241;310;91;27.817;7;2.662;234;5;165;396;8;0;0;29;5;19;0;0;66.300
;00:Até 0,50;50;0;12;0;0;0;0;1;0;44;0;0;0;0;0;0;0;0;0;107;36;0;3;0;0;0;0;0;0;44;0;0;0;0;0;0;0;0;0;83;86;0;15;0;0;0;0;1;0;88;0;0;0;0;0;0;0;0;0;190
;01:0,51 a 1,00;1.713;18;10;42;8;0;89;73;0;35;9;0;0;0;5;0;0;0;0;2.002;1.358;31;3;3;28;0;65;1;0;35;14;1;0;0;5;0;0;0;0;1.544;3.071;49;13;45;36;0;154;74;0;70;23;1;0;0;10;0;0;0;0;3.546
;02:1,01 a 1,50;7.747;90;122;40;352;0;317;116;1;5;45;1;0;0;2;2;0;0;0;8.840;6.493;47;32;1;687;0;260;7;1;2;39;1;0;0;1;1;9;0;0;7.581;14.240;137;154;41;1.039;0;577;123;2;7;84;2;0;0;3;3;9;0;0;16.421
;03:1,51 a 2,00;4.259;38;28;5;241;0;141;13;1;0;32;5;0;0;1;1;0;0;0;4.765;2.312;9;22;0;310;0;83;7;1;0;20;0;0;0;3;1;3;0;0;2.771;6.571;47;50;5;551;0;224;20;2;0;52;5;0;0;4;2;3;0;0;7.536
;04:2,01 a 3,00;3.978;6;14;0;761;0;203;13;0;0;41;0;0;0;3;0;0;0;0;5.019;1.412;1;10;0;803;0;153;0;1;0;21;0;0;0;1;0;3;0;0;2.405;5.390;7;24;0;1.564;0;356;13;1;0;62;0;0;0;4;0;3;0;0;7.424
;05:3,01 a 4,00;1.279;0;6;0;1.307;1;134;3;0;0;16;0;0;0;1;0;4;0;0;2.751;507;0;2;0;1.499;0;115;0;0;0;15;0;0;0;0;0;0;0;0;2.138;1.786;0;8;0;2.806;1;249;3;0;0;31;0;0;0;1;0;4;0;0;4.889
;06:4,01 a 5,00;575;0;8;0;1.577;1;104;0;0;0;13;0;0;0;0;0;0;0;0;2.278;334;0;1;0;2.318;0;88;0;0;0;9;0;0;0;0;0;0;0;0;2.750;909;0;9;0;3.895;1;192;0;0;0;22;0;0;0;0;0;0;0;0;5.028
;07:5,01 a 7,00;611;1;9;0;3.673;0;208;0;0;0;17;0;0;0;2;0;0;0;0;4.521;309;0;6;0;4.423;0;166;0;0;0;16;0;0;0;0;0;0;0;0;4.920;920;1;15;0;8.096;0;374;0;0;0;33;0;0;0;2;0;0;0;0;9.441
;08:7,01 a 10,00;378;0;8;0;2.264;1;112;0;0;0;21;0;0;0;2;0;0;0;0;2.786;210;0;4;0;2.726;1;74;0;0;0;13;0;0;0;1;0;0;0;0;3.029;588;0;12;0;4.990;2;186;0;0;0;34;0;0;0;3;0;0;0;0;5.815
;09:10,01 a 15,00;249;0;4;0;1.278;1;96;0;0;0;18;0;0;0;0;0;0;0;0;1.646;115;0;1;0;1.584;1;94;0;0;0;9;0;0;0;0;0;0;0;0;1.804;364;0;5;0;2.862;2;190;0;0;0;27;0;0;0;0;0;0;0;0;3.450
;10:15,01 a 20,00;82;0;3;0;492;0;41;0;0;0;11;0;0;0;0;0;0;0;0;629;32;0;0;0;297;0;31;0;0;0;12;0;0;0;0;0;0;0;0;372;114;0;3;0;789;0;72;0;0;0;23;0;0;0;0;0;0;0;0;1.001
;11:Mais de 20,00;99;0;0;0;776;0;66;0;0;0;3;0;0;0;1;0;0;0;0;945;12;0;0;0;374;1;22;0;0;0;0;0;0;0;0;0;0;0;0;409;111;0;0;0;1.150;1;88;0;0;0;3;0;0;0;1;0;0;0;0;1.354
;{ñ class};108;0;2;0;19;0;0;0;0;0;1;0;0;0;1;0;0;0;0;131;53;0;0;0;20;0;0;0;0;0;1;0;0;0;0;0;0;0;0;74;161;0;2;0;39;0;0;0;0;0;2;0;0;0;1;0;0;0;0;205
172100:Palmas - TO;Total;16.935;236;10;117;17.517;127;9.942;0;10;42;54;2;0;0;19;14;1;0;0;45.026;8.139;234;8;15;23.311;163;12.830;0;15;19;27;1;0;1;9;20;1;0;0;44.793;25.074;470;18;132;40.828;290;22.772;0;25;61;81;3;0;1;28;34;2;0;0;89.819
;00:Até 0,50;17;0;0;0;2;0;0;0;0;5;0;0;0;0;1;0;0;0;0;25;19;0;0;1;6;0;4;0;0;4;0;0;0;0;0;0;0;0;0;34;36;0;0;1;8;0;4;0;0;9;0;0;0;0;1;0;0;0;0;59
;01:0,51 a 1,00;931;37;3;43;14;0;67;0;0;21;9;0;0;0;4;1;0;0;0;1.130;819;80;0;7;27;0;207;0;0;12;1;1;0;0;1;2;1;0;0;1.158;1.750;117;3;50;41;0;274;0;0;33;10;1;0;0;5;3;1;0;0;2.288
;02:1,01 a 1,50;5.566;117;5;46;1.125;1;3.816;0;6;15;15;2;0;0;3;4;1;0;0;10.722;3.849;114;8;6;3.171;8;4.793;0;6;3;17;0;0;1;0;10;0;0;0;11.986;9.415;231;13;52;4.296;9;8.609;0;12;18;32;2;0;1;3;14;1;0;0;22.708
;03:1,51 a 2,00;3.461;49;2;22;774;22;1.554;0;0;1;11;0;0;0;0;1;0;0;0;5.897;1.185;27;0;1;1.282;38;2.056;0;4;0;3;0;0;0;0;2;0;0;0;4.598;4.646;76;2;23;2.056;60;3.610;0;4;1;14;0;0;0;0;3;0;0;0;10.495
;04:2,01 a 3,00;3.514;25;0;6;2.803;12;1.523;0;1;0;8;0;0;0;2;2;0;0;0;7.896;905;9;0;0;4.689;18;2.009;0;2;0;1;0;0;0;0;2;0;0;0;7.635;4.419;34;0;6;7.492;30;3.532;0;3;0;9;0;0;0;2;4;0;0;0;15.531
;05:3,01 a 4,00;1.285;4;0;0;1.572;26;1.221;0;0;0;4;0;0;0;0;1;0;0;0;4.113;367;3;0;0;2.224;34;1.963;0;0;0;3;0;0;0;2;1;0;0;0;4.597;1.652;7;0;0;3.796;60;3.184;0;0;0;7;0;0;0;2;2;0;0;0;8.710
;06:4,01 a 5,00;633;2;0;0;3.176;31;549;0;2;0;2;0;0;0;2;2;0;0;0;4.399;265;0;0;0;2.122;35;802;0;1;0;0;0;0;0;1;1;0;0;0;3.227;898;2;0;0;5.298;66;1.351;0;3;0;2;0;0;0;3;3;0;0;0;7.626
;07:5,01 a 7,00;556;0;0;0;3.771;13;513;0;0;0;2;0;0;0;2;1;0;0;0;4.858;239;0;0;0;6.811;19;522;0;2;0;2;0;0;0;0;0;0;0;0;7.595;795;0;0;0;10.582;32;1.035;0;2;0;4;0;0;0;2;1;0;0;0;12.453
;08:7,01 a 10,00;371;1;0;0;1.780;1;333;0;1;0;2;0;0;0;1;0;0;0;0;2.490;236;0;0;0;1.671;0;276;0;0;0;0;0;0;0;0;0;0;0;0;2.183;607;1;0;0;3.451;1;609;0;1;0;2;0;0;0;1;0;0;0;0;4.673
;09:10,01 a 15,00;270;0;0;0;1.122;9;227;0;0;0;1;0;0;0;1;0;0;0;0;1.630;161;0;0;0;772;3;153;0;0;0;0;0;0;0;0;0;0;0;0;1.089;431;0;0;0;1.894;12;380;0;0;0;1;0;0;0;1;0;0;0;0;2.719
;10:15,01 a 20,00;135;0;0;0;662;11;60;0;0;0;0;0;0;0;0;0;0;0;0;868;54;0;0;0;263;7;24;0;0;0;0;0;0;0;0;0;0;0;0;348;189;0;0;0;925;18;84;0;0;0;0;0;0;0;0;0;0;0;0;1.216
;11:Mais de 20,00;102;0;0;0;712;1;79;0;0;0;0;0;0;0;2;2;0;0;0;898;20;0;0;0;270;1;20;0;0;0;0;0;0;0;0;2;0;0;0;313;122;0;0;0;982;2;99;0;0;0;0;0;0;0;2;4;0;0;0;1.211
;{ñ class};94;1;0;0;4;0;0;0;0;0;0;0;0;0;1;0;0;0;0;100;20;1;0;0;3;0;1;0;0;0;0;0;0;0;5;0;0;0;0;30;114;2;0;0;7;0;1;0;0;0;0;0;0;0;6;0;0;0;0;130
211130:São Luiz - MA;Total;88.104;186;68;13;31.786;4;1.278;971;272;172;438;80;1;1;48;302;3;4;0;123.731;46.268;297;26;6;45.653;2;1.146;16;227;144;154;4;0;1;20;29;7;2;0;94.002;134.372;483;94;19;77.439;6;2.424;987;499;316;592;84;1;2;68;331;10;6;0;217.733
;00:Até 0,50;119;0;0;0;3;0;3;318;1;29;2;0;0;0;0;0;0;0;0;475;105;0;0;0;2;0;3;0;0;18;1;0;0;0;0;0;0;0;0;129;224;0;0;0;5;0;6;318;1;47;3;0;0;0;0;0;0;0;0;604
;01:0,51 a 1,00;2.674;37;5;10;58;0;21;168;5;88;22;0;0;0;8;7;0;1;0;3.104;2.190;83;1;0;62;0;17;1;3;83;4;1;0;0;8;1;0;0;0;2.454;4.864;120;6;10;120;0;38;169;8;171;26;1;0;0;16;8;0;1;0;5.558
;02:1,01 a 1,50;36.800;88;45;2;4.068;0;196;80;45;55;188;43;1;1;2;61;2;1;0;41.678;25.642;170;15;6;9.527;0;84;7;36;42;34;1;0;1;3;24;7;1;0;35.600;62.442;258;60;8;13.595;0;280;87;81;97;222;44;1;2;5;85;9;2;0;77.278
;03:1,51 a 2,00;18.652;55;7;1;1.885;0;63;49;23;0;100;34;0;0;2;71;1;0;0;20.943;6.469;32;0;0;4.285;0;62;2;13;1;27;1;0;0;0;2;0;0;0;10.894;25.121;87;7;1;6.170;0;125;51;36;1;127;35;0;0;2;73;1;0;0;31.837
;04:2,01 a 3,00;12.119;4;3;0;5.162;0;80;40;16;0;60;1;0;0;8;154;0;1;0;17.648;3.677;8;4;0;13.081;0;73;0;29;0;28;1;0;0;3;0;0;1;0;16.905;15.796;12;7;0;18.243;0;153;40;45;0;88;2;0;0;11;154;0;2;0;34.553
;05:3,01 a 4,00;4.955;0;4;0;3.893;0;540;98;48;0;28;1;0;0;4;5;0;1;0;9.577;2.741;3;3;0;3.941;0;554;3;29;0;16;0;0;0;0;2;0;0;0;7.292;7.696;3;7;0;7.834;0;1.094;101;77;0;44;1;0;0;4;7;0;1;0;16.869
;06:4,01 a 5,00;2.797;0;3;0;6.349;0;167;97;19;0;14;0;0;0;0;3;0;0;0;9.449;1.541;1;2;0;5.886;0;162;0;19;0;25;0;0;0;2;0;0;0;0;7.638;4.338;1;5;0;12.235;0;329;97;38;0;39;0;0;0;2;3;0;0;0;17.087
;07:5,01 a 7,00;3.069;1;1;0;5.038;0;80;39;60;0;11;1;0;0;0;0;0;0;0;8.300;1.548;0;1;0;4.766;1;78;2;40;0;10;0;0;0;0;0;0;0;0;6.446;4.617;1;2;0;9.804;1;158;41;100;0;21;1;0;0;0;0;0;0;0;14.746
;08:7,01 a 10,00;2.651;0;0;0;1.318;3;50;45;18;0;7;0;0;0;9;1;0;0;0;4.102;1.002;0;0;0;1.626;0;41;1;23;0;2;0;0;0;1;0;0;0;0;2.696;3.653;0;0;0;2.944;3;91;46;41;0;9;0;0;0;10;1;0;0;0;6.798
;09:10,01 a 15,00;2.040;0;0;0;1.412;0;41;11;16;0;6;0;0;0;1;0;0;0;0;3.527;669;0;0;0;1.110;0;60;0;19;0;6;0;0;0;1;0;0;0;0;1.865;2.709;0;0;0;2.522;0;101;11;35;0;12;0;0;0;2;0;0;0;0;5.392
;10:15,01 a 20,00;715;0;0;0;1.113;1;20;10;3;0;0;0;0;0;2;0;0;0;0;1.864;249;0;0;0;619;1;8;0;7;0;0;0;0;0;0;0;0;0;0;884;964;0;0;0;1.732;2;28;10;10;0;0;0;0;0;2;0;0;0;0;2.748
;11:Mais de 20,00;657;0;0;0;1.487;0;17;10;18;0;0;0;0;0;12;0;0;0;0;2.201;156;0;0;0;748;0;4;0;9;0;1;0;0;0;2;0;0;0;0;920;813;0;0;0;2.235;0;21;10;27;0;1;0;0;0;14;0;0;0;0;3.121
;{ñ class};856;1;0;0;0;0;0;6;0;0;0;0;0;0;0;0;0;0;0;863;279;0;0;0;0;0;0;0;0;0;0;0;0;0;0;0;0;0;0;279;1.135;1;0;0;0;0;0;6;0;0;0;0;0;0;0;0;0;0;0;1.142
221100:Terezina - PI;Total;91.950;603;135;237;9.585;36;1.105;414;9;190;967;22;0;1;52;170;28;0;1;105.505;76.953;389;9;7;10.008;15;1.373;1;18;140;330;20;0;0;17;79;0;0;0;89.359;168.903;992;144;244;19.593;51;2.478;415;27;330;1.297;42;0;1;69;249;28;0;1;194.864
;00:Até 0,50;248;4;0;0;4;12;44;128;0;72;8;1;0;0;0;4;0;0;0;525;264;7;0;0;2;6;10;0;0;59;2;0;0;0;0;0;0;0;0;350;512;11;0;0;6;18;54;128;0;131;10;1;0;0;0;4;0;0;0;875
;01:0,51 a 1,00;4.914;105;39;53;17;10;147;219;0;104;97;0;0;1;7;45;1;0;0;5.759;3.351;91;4;2;10;2;128;0;0;74;29;3;0;0;3;8;0;0;0;3.705;8.265;196;43;55;27;12;275;219;0;178;126;3;0;1;10;53;1;0;0;9.464
;02:1,01 a 1,50;40.168;430;88;145;1.028;3;311;17;9;13;680;20;0;0;2;80;0;0;1;42.995;29.579;276;4;3;1.404;1;508;0;17;7;238;14;0;0;2;43;0;0;0;32.096;69.747;706;92;148;2.432;4;819;17;26;20;918;34;0;0;4;123;0;0;1;75.091
;03:1,51 a 2,00;12.547;44;4;29;1.030;0;134;4;0;0;95;1;0;0;0;21;0;0;0;13.909;8.107;12;0;1;834;0;190;1;1;0;34;1;0;0;2;13;0;0;0;9.196;20.654;56;4;30;1.864;0;324;5;1;0;129;2;0;0;2;34;0;0;0;23.105
;04:2,01 a 3,00;13.791;15;3;5;1.232;0;148;17;0;0;31;0;0;0;2;12;1;0;0;15.257;11.356;2;0;1;1.603;0;181;0;0;0;11;2;0;0;2;9;0;0;0;13.167;25.147;17;3;6;2.835;0;329;17;0;0;42;2;0;0;4;21;1;0;0;28.424
;05:3,01 a 4,00;7.794;1;1;2;765;2;84;2;0;0;23;0;0;0;1;3;0;0;0;8.678;17.554;1;0;0;1.496;0;118;0;0;0;4;0;0;0;0;1;0;0;0;19.174;25.348;2;1;2;2.261;2;202;2;0;0;27;0;0;0;1;4;0;0;0;27.852
;06:4,01 a 5,00;2.681;1;0;2;1.226;2;81;5;0;0;5;0;0;0;3;2;19;0;0;4.027;2.247;0;1;0;1.269;1;77;0;0;0;3;0;0;0;0;5;0;0;0;3.603;4.928;1;1;2;2.495;3;158;5;0;0;8;0;0;0;3;7;19;0;0;7.630
;07:5,01 a 7,00;3.796;1;0;0;1.225;1;51;0;0;0;16;0;0;0;8;1;7;0;0;5.106;2.018;0;0;0;1.155;0;60;0;0;0;3;0;0;0;2;0;0;0;0;3.238;5.814;1;0;0;2.380;1;111;0;0;0;19;0;0;0;10;1;7;0;0;8.344
;08:7,01 a 10,00;2.577;0;0;0;991;2;36;0;0;0;8;0;0;0;3;0;0;0;0;3.617;1.062;0;0;0;879;0;49;0;0;0;2;0;0;0;2;0;0;0;0;1.994;3.639;0;0;0;1.870;2;85;0;0;0;10;0;0;0;5;0;0;0;0;5.611
;09:10,01 a 15,00;1.684;0;0;0;627;1;46;1;0;0;3;0;0;0;8;0;0;0;0;2.370;779;0;0;0;571;0;38;0;0;0;3;0;0;0;1;0;0;0;0;1.392;2.463;0;0;0;1.198;1;84;1;0;0;6;0;0;0;9;0;0;0;0;3.762
;10:15,01 a 20,00;652;0;0;0;624;0;21;0;0;0;0;0;0;0;8;0;0;0;0;1.305;278;0;0;0;369;1;5;0;0;0;0;0;0;0;0;0;0;0;0;653;930;0;0;0;993;1;26;0;0;0;0;0;0;0;8;0;0;0;0;1.958
;11:Mais de 20,00;649;0;0;0;816;3;0;0;0;0;0;0;0;0;10;0;0;0;0;1.478;202;0;0;0;416;4;4;0;0;0;0;0;0;0;3;0;0;0;0;629;851;0;0;0;1.232;7;4;0;0;0;0;0;0;0;13;0;0;0;0;2.107
;{ñ class};449;2;0;1;0;0;2;21;0;1;1;0;0;0;0;2;0;0;0;479;156;0;0;0;0;0;5;0;0;0;1;0;0;0;0;0;0;0;0;162;605;2;0;1;0;0;7;21;0;1;2;0;0;0;0;2;0;0;0;641
230440:Fortaleza - CE;Total;236.573;648;308;37;54.750;14;3.070;1.177;976;648;1.395;23;8;1;316;151;5;0;3;300.103;147.601;1.828;100;10;66.581;25;3.145;12;786;594;1.600;23;8;1;234;136;6;0;1;222.691;384.174;2.476;408;47;121.331;39;6.215;1.189;1.762;1.242;2.995;46;16;2;550;287;11;0;4;522.794
;00:Até 0,50;870;3;0;0;21;0;16;63;2;125;38;0;1;0;3;0;0;0;0;1.142;828;3;0;0;35;0;4;0;1;103;7;1;0;0;4;1;0;0;0;987;1.698;6;0;0;56;0;20;63;3;228;45;1;1;0;7;1;0;0;0;2.129
;01:0,51 a 1,00;16.540;87;25;23;129;0;66;165;7;472;137;2;1;1;20;60;1;0;3;17.739;12.029;167;9;2;93;0;54;2;19;461;142;4;0;0;14;73;2;0;1;13.072;28.569;254;34;25;222;0;120;167;26;933;279;6;1;1;34;133;3;0;4;30.811
;02:1,01 a 1,50;122.527;414;133;12;5.433;2;373;210;643;50;554;12;1;0;10;56;1;0;0;130.431;87.743;1.476;43;4;12.491;1;223;7;661;29;449;16;4;1;20;44;3;0;0;103.215;210.270;1.890;176;16;17.924;3;596;217;1.304;79;1.003;28;5;1;30;100;4;0;0;233.646
;03:1,51 a 2,00;40.930;115;30;2;3.849;4;284;177;254;1;256;9;0;0;12;6;3;0;0;45.932;17.278;110;3;2;7.179;2;195;2;75;1;321;0;1;0;7;5;1;0;0;25.182;58.208;225;33;4;11.028;6;479;179;329;2;577;9;1;0;19;11;4;0;0;71.114
;04:2,01 a 3,00;22.426;16;19;0;4.501;3;363;238;59;0;199;0;0;0;18;6;0;0;0;27.848;11.178;50;3;2;11.291;5;466;0;17;0;305;2;1;0;51;6;0;0;0;23.377;33.604;66;22;2;15.792;8;829;238;76;0;504;2;1;0;69;12;0;0;0;51.225
;05:3,01 a 4,00;10.265;9;5;0;12.753;1;600;129;6;0;100;0;2;0;35;1;0;0;0;23.906;5.517;12;2;0;8.267;6;721;0;6;0;39;0;1;0;26;4;0;0;0;14.601;15.782;21;7;0;21.020;7;1.321;129;12;0;139;0;3;0;61;5;0;0;0;38.507
;06:4,01 a 5,00;4.618;1;7;0;6.304;1;359;57;1;0;42;0;1;0;24;1;0;0;0;11.416;3.053;5;9;0;4.736;6;381;0;6;0;313;0;0;0;22;0;0;0;0;8.531;7.671;6;16;0;11.040;7;740;57;7;0;355;0;1;0;46;1;0;0;0;19.947
;07:5,01 a 7,00;5.209;0;5;0;7.969;2;318;19;2;0;20;0;1;0;49;14;0;0;0;13.608;3.500;1;10;0;10.818;2;411;0;1;0;12;0;1;0;39;1;0;0;0;14.796;8.709;1;15;0;18.787;4;729;19;3;0;32;0;2;0;88;15;0;0;0;28.404
;08:7,01 a 10,00;4.496;0;26;0;4.800;0;425;19;0;0;31;0;1;0;50;6;0;0;0;9.854;2.511;0;9;0;5.785;2;426;1;0;0;9;0;0;0;30;1;0;0;0;8.774;7.007;0;35;0;10.585;2;851;20;0;0;40;0;1;0;80;7;0;0;0;18.628
;09:10,01 a 15,00;3.662;0;30;0;3.101;0;115;12;0;0;2;0;0;0;40;1;0;0;0;6.963;1.957;1;5;0;2.125;0;142;0;0;0;0;0;0;0;11;1;0;0;0;4.242;5.619;1;35;0;5.226;0;257;12;0;0;2;0;0;0;51;2;0;0;0;11.205
;10:15,01 a 20,00;1.735;0;12;0;1.918;0;80;0;0;0;3;0;0;0;13;0;0;0;0;3.761;789;0;3;0;1.178;0;63;0;0;0;0;0;0;0;4;0;0;0;0;2.037;2.524;0;15;0;3.096;0;143;0;0;0;3;0;0;0;17;0;0;0;0;5.798
;11:Mais de 20,00;1.765;0;14;0;3.962;1;70;1;0;0;0;0;0;0;39;0;0;0;0;5.852;473;0;3;0;2.562;1;58;0;0;0;0;0;0;0;5;0;0;0;0;3.102;2.238;0;17;0;6.524;2;128;1;0;0;0;0;0;0;44;0;0;0;0;8.954
;{ñ class};1.530;3;2;0;10;0;1;87;2;0;13;0;0;0;3;0;0;0;0;1.651;745;3;1;0;21;0;1;0;0;0;3;0;0;0;1;0;0;0;0;775;2.275;6;3;0;31;0;2;87;2;0;16;0;0;0;4;0;0;0;0;2.426
240810:Natal - RN;Total;90.989;808;110;127;39.892;2;4.091;242;78;602;974;32;0;5;63;153;32;0;0;138.200;58.283;769;46;4;50.307;0;1.719;2;116;580;344;12;0;1;35;133;30;0;1;112.382;149.272;1.577;156;131;90.199;2;5.810;244;194;1.182;1.318;44;0;6;98;286;62;0;1;250.582
;00:Até 0,50;191;0;0;0;20;0;11;4;1;234;1;0;0;0;0;2;0;0;0;464;187;2;0;0;37;0;14;0;9;164;1;0;0;0;0;3;0;0;0;417;378;2;0;0;57;0;25;4;10;398;2;0;0;0;0;5;0;0;0;881
;01:0,51 a 1,00;3.314;85;14;61;1.527;0;61;15;63;350;57;1;0;3;19;56;0;0;0;5.626;4.335;107;5;1;446;0;54;0;95;400;27;2;0;0;11;72;0;0;0;5.555;7.649;192;19;62;1.973;0;115;15;158;750;84;3;0;3;30;128;0;0;0;11.181
;02:1,01 a 1,50;48.339;579;38;56;3.946;1;1.389;13;12;17;458;31;0;2;2;60;28;0;0;54.971;35.916;573;6;3;9.522;0;322;2;9;15;166;10;0;1;4;15;29;0;1;46.594;84.255;1.152;44;59;13.468;1;1.711;15;21;32;624;41;0;3;6;75;57;0;1;101.565
;03:1,51 a 2,00;15.241;104;22;7;3.592;0;560;19;1;0;166;0;0;0;2;15;2;0;0;19.731;6.735;53;9;0;5.051;0;144;0;3;0;57;0;0;0;3;4;0;0;0;12.059;21.976;157;31;7;8.643;0;704;19;4;0;223;0;0;0;5;19;2;0;0;31.790
;04:2,01 a 3,00;10.363;28;17;3;9.587;1;730;51;0;0;197;0;0;0;5;13;0;0;0;20.995;4.411;27;8;0;13.239;0;251;0;0;0;48;0;0;0;3;20;0;0;0;18.007;14.774;55;25;3;22.826;1;981;51;0;0;245;0;0;0;8;33;0;0;0;39.002
;05:3,01 a 4,00;4.638;6;6;0;7.108;0;436;56;0;0;36;0;0;0;1;1;2;0;0;12.290;2.071;4;6;0;8.730;0;308;0;0;0;16;0;0;0;0;0;0;0;0;11.135;6.709;10;12;0;15.838;0;744;56;0;0;52;0;0;0;1;1;2;0;0;23.425
;06:4,01 a 5,00;1.906;0;1;0;3.656;0;187;26;0;0;16;0;0;0;0;0;0;0;0;5.792;1.194;0;4;0;5.017;0;84;0;0;0;11;0;0;0;2;8;1;0;0;6.321;3.100;0;5;0;8.673;0;271;26;0;0;27;0;0;0;2;8;1;0;0;12.113
;07:5,01 a 7,00;2.214;1;3;0;2.554;0;229;25;0;0;14;0;0;0;1;4;0;0;0;5.045;1.260;0;2;0;2.721;0;137;0;0;0;8;0;0;0;3;10;0;0;0;4.141;3.474;1;5;0;5.275;0;366;25;0;0;22;0;0;0;4;14;0;0;0;9.186
;08:7,01 a 10,00;1.594;0;5;0;2.325;0;163;21;0;0;12;0;0;0;1;1;0;0;0;4.122;901;1;3;0;2.008;0;125;0;0;0;6;0;0;0;2;0;0;0;0;3.046;2.495;1;8;0;4.333;0;288;21;0;0;18;0;0;0;3;1;0;0;0;7.168
;09:10,01 a 15,00;1.284;0;3;0;2.239;0;143;5;0;0;9;0;0;0;5;0;0;0;0;3.688;659;1;2;0;1.607;0;122;0;0;0;2;0;0;0;2;0;0;0;0;2.395;1.943;1;5;0;3.846;0;265;5;0;0;11;0;0;0;7;0;0;0;0;6.083
;10:15,01 a 20,00;592;0;1;0;1.140;0;63;3;0;0;4;0;0;0;3;1;0;0;0;1.807;228;0;1;0;746;0;43;0;0;0;2;0;0;0;0;0;0;0;0;1.020;820;0;2;0;1.886;0;106;3;0;0;6;0;0;0;3;1;0;0;0;2.827
;11:Mais de 20,00;787;0;0;0;2.072;0;91;1;0;0;1;0;0;0;23;0;0;0;0;2.975;128;0;0;0;1.063;0;88;0;0;0;0;0;0;0;0;0;0;0;0;1.279;915;0;0;0;3.135;0;179;1;0;0;1;0;0;0;23;0;0;0;0;4.254
;{ñ class};526;5;0;0;126;0;28;3;1;1;3;0;0;0;1;0;0;0;0;694;258;1;0;0;120;0;27;0;0;1;0;0;0;0;5;1;0;0;0;413;784;6;0;0;246;0;55;3;1;2;3;0;0;0;6;1;0;0;0;1.107
250750:João Pessoa - PB;Total;67.850;595;52;153;32.676;3;13.019;177;228;155;242;33;14;3;76;277;0;0;207;115.760;33.949;730;11;13;39.224;9;19.656;11;58;149;208;18;0;1;18;72;0;0;105;94.232;101.799;1.325;63;166;71.900;12;32.675;188;286;304;450;51;14;4;94;349;0;0;312;209.992
;00:Até 0,50;234;4;0;0;12;0;4;0;1;0;0;0;0;0;2;1;0;0;0;258;188;7;0;0;9;0;9;0;0;0;0;0;0;0;0;0;0;0;0;213;422;11;0;0;21;0;13;0;1;0;0;0;0;0;2;1;0;0;0;471
;01:0,51 a 1,00;3.755;181;7;31;150;0;4.472;140;5;133;10;25;0;0;12;24;0;0;0;8.945;1.688;113;1;6;82;0;8.335;7;2;121;2;2;0;0;5;11;0;0;3;10.378;5.443;294;8;37;232;0;12.807;147;7;254;12;27;0;0;17;35;0;0;3;19.323
;02:1,01 a 1,50;33.804;347;39;103;4.969;0;3.280;35;205;20;53;6;14;3;4;181;0;0;112;43.175;20.112;573;6;4;8.940;0;6.098;1;42;28;34;16;0;1;3;40;0;0;36;35.934;53.916;920;45;107;13.909;0;9.378;36;247;48;87;22;14;4;7;221;0;0;148;79.109
;03:1,51 a 2,00;13.187;42;2;7;2.862;1;2.164;2;13;2;25;1;0;0;2;39;0;0;61;18.410;4.598;24;1;0;5.705;2;2.221;1;8;0;18;0;0;0;0;7;0;0;37;12.622;17.785;66;3;7;8.567;3;4.385;3;21;2;43;1;0;0;2;46;0;0;98;31.032
;04:2,01 a 3,00;8.050;14;2;4;9.961;0;1.315;0;4;0;94;1;0;0;5;23;0;0;29;19.502;2.976;7;2;2;11.634;2;1.524;1;5;0;93;0;0;0;4;3;0;0;28;16.281;11.026;21;4;6;21.595;2;2.839;1;9;0;187;1;0;0;9;26;0;0;57;35.783
;05:3,01 a 4,00;2.788;5;0;0;3.608;0;717;0;0;0;29;0;0;0;9;6;0;0;4;7.166;1.490;4;0;0;4.448;2;677;0;0;0;56;0;0;0;3;2;0;0;1;6.683;4.278;9;0;0;8.056;2;1.394;0;0;0;85;0;0;0;12;8;0;0;5;13.849
;06:4,01 a 5,00;1.304;0;0;0;1.993;0;314;0;0;0;1;0;0;0;0;0;0;0;1;3.613;647;0;0;0;1.882;1;227;0;1;0;2;0;0;0;0;4;0;0;0;2.764;1.951;0;0;0;3.875;1;541;0;1;0;3;0;0;0;0;4;0;0;1;6.377
;07:5,01 a 7,00;1.576;0;0;0;2.745;0;382;0;0;0;13;0;0;0;0;0;0;0;0;4.716;895;0;0;0;2.222;0;345;1;0;0;1;0;0;0;0;2;0;0;0;3.466;2.471;0;0;0;4.967;0;727;1;0;0;14;0;0;0;0;2;0;0;0;8.182
;08:7,01 a 10,00;1.244;0;1;0;1.945;0;213;0;0;0;6;0;0;0;4;0;0;0;0;3.413;616;0;0;0;1.656;0;144;0;0;0;2;0;0;0;1;2;0;0;0;2.421;1.860;0;1;0;3.601;0;357;0;0;0;8;0;0;0;5;2;0;0;0;5.834
;09:10,01 a 15,00;838;0;0;0;1.195;0;68;0;0;0;4;0;0;0;6;1;0;0;0;2.112;412;1;0;0;966;1;54;0;0;0;0;0;0;0;1;1;0;0;0;1.436;1.250;1;0;0;2.161;1;122;0;0;0;4;0;0;0;7;2;0;0;0;3.548
;10:15,01 a 20,00;383;0;0;0;1.121;1;28;0;0;0;2;0;0;0;2;0;0;0;0;1.537;115;0;0;0;629;1;5;0;0;0;0;0;0;0;0;0;0;0;0;750;498;0;0;0;1.750;2;33;0;0;0;2;0;0;0;2;0;0;0;0;2.287
;11:Mais de 20,00;301;0;0;0;2.094;1;55;0;0;0;1;0;0;0;19;2;0;0;0;2.473;47;0;0;0;1.042;0;13;0;0;0;0;0;0;0;1;0;0;0;0;1.103;348;0;0;0;3.136;1;68;0;0;0;1;0;0;0;20;2;0;0;0;3.576
;{ñ class};386;2;1;8;21;0;7;0;0;0;4;0;0;0;11;0;0;0;0;440;165;1;1;1;9;0;4;0;0;0;0;0;0;0;0;0;0;0;0;181;551;3;2;9;30;0;11;0;0;0;4;0;0;0;11;0;0;0;0;621
261160:Recife - PE;Total;208.932;843;369;87;64.294;94;4.190;3.387;5.917;298;2.288;26;6;12;115;198;15;30;0;291.101;124.144;1.390;92;15;71.063;109;4.674;10;11.605;353;1.355;31;2;0;33;79;3;12;0;214.970;333.076;2.233;461;102;135.357;203;8.864;3.397;17.522;651;3.643;57;8;12;148;277;18;42;0;506.071
;00:Até 0,50;228;2;0;0;134;0;61;152;20;34;0;0;0;0;1;1;0;0;0;633;221;4;0;0;548;0;67;0;9;35;0;0;0;0;0;0;0;0;0;884;449;6;0;0;682;0;128;152;29;69;0;0;0;0;1;1;0;0;0;1.517
;01:0,51 a 1,00;5.849;64;36;38;920;1;352;322;568;254;30;5;0;10;6;33;1;1;0;8.490;5.645;102;5;4;732;0;537;0;3.008;310;12;3;0;0;8;19;0;1;0;10.386;11.494;166;41;42;1.652;1;889;322;3.576;564;42;8;0;10;14;52;1;2;0;18.876
;02:1,01 a 1,50;89.716;546;218;46;5.727;0;1.301;454;2.916;9;767;18;5;2;17;43;8;2;0;101.795;59.884;1.081;68;7;9.808;0;1.282;2;6.163;7;591;24;1;0;10;18;0;0;0;78.946;149.600;1.627;286;53;15.535;0;2.583;456;9.079;16;1.358;42;6;2;27;61;8;2;0;180.741
;03:1,51 a 2,00;39.731;137;49;1;4.079;5;286;245;598;1;284;1;0;0;7;34;1;0;0;45.459;18.535;119;6;3;9.532;0;348;0;774;0;232;1;1;0;1;5;3;1;0;29.561;58.266;256;55;4;13.611;5;634;245;1.372;1;516;2;1;0;8;39;4;1;0;75.020
;04:2,01 a 3,00;30.293;59;32;1;7.693;7;530;152;982;0;456;0;1;0;5;25;2;6;0;40.244;15.706;54;4;0;13.671;8;734;4;767;1;200;3;0;0;4;17;0;1;0;31.174;45.999;113;36;1;21.364;15;1.264;156;1.749;1;656;3;1;0;9;42;2;7;0;71.418
;05:3,01 a 4,00;13.375;19;17;1;15.801;16;285;71;319;0;274;1;0;0;6;49;3;0;0;30.237;7.001;7;2;0;11.779;16;394;1;75;0;87;0;0;0;4;11;0;1;0;19.378;20.376;26;19;1;27.580;32;679;72;394;0;361;1;0;0;10;60;3;1;0;49.615
;06:4,01 a 5,00;6.497;7;5;0;7.369;10;253;54;93;0;136;0;0;0;4;8;0;6;0;14.442;4.402;2;3;0;7.333;12;338;1;135;0;54;0;0;0;2;5;0;1;0;12.288;10.899;9;8;0;14.702;22;591;55;228;0;190;0;0;0;6;13;0;7;0;26.730
;07:5,01 a 7,00;7.231;2;3;0;7.874;18;553;79;158;0;94;0;0;0;16;2;0;10;0;16.040;4.797;5;3;0;6.730;17;515;0;163;0;62;0;0;0;1;4;0;3;0;12.300;12.028;7;6;0;14.604;35;1.068;79;321;0;156;0;0;0;17;6;0;13;0;28.340
;08:7,01 a 10,00;5.805;1;3;0;5.123;23;252;65;110;0;63;0;0;0;13;2;0;2;0;11.462;3.621;6;1;1;4.930;30;218;1;126;0;59;0;0;0;1;0;0;2;0;8.996;9.426;7;4;1;10.053;53;470;66;236;0;122;0;0;0;14;2;0;4;0;20.458
;09:10,01 a 15,00;4.579;3;1;0;3.486;10;157;9;115;0;75;0;0;0;16;0;0;0;0;8.451;2.338;2;0;0;2.084;19;118;1;359;0;37;0;0;0;0;0;0;0;0;4.958;6.917;5;1;0;5.570;29;275;10;474;0;112;0;0;0;16;0;0;0;0;13.409
;10:15,01 a 20,00;1.990;0;1;0;2.252;4;80;0;16;0;54;0;0;0;7;0;0;1;0;4.405;862;2;0;0;1.440;6;78;0;9;0;15;0;0;0;1;0;0;1;0;2.414;2.852;2;1;0;3.692;10;158;0;25;0;69;0;0;0;8;0;0;2;0;6.819
;11:Mais de 20,00;2.351;0;0;0;3.729;0;47;1;13;0;49;0;0;0;17;1;0;2;0;6.210;578;2;0;0;2.254;1;13;0;10;0;5;0;0;0;1;0;0;1;0;2.865;2.929;2;0;0;5.983;1;60;1;23;0;54;0;0;0;18;1;0;3;0;9.075
;{ñ class};1.287;3;4;0;107;0;33;1.783;9;0;6;1;0;0;0;0;0;0;0;3.233;554;4;0;0;222;0;32;0;7;0;1;0;0;0;0;0;0;0;0;820;1.841;7;4;0;329;0;65;1.783;16;0;7;1;0;0;0;0;0;0;0;4.053
270430:Maceió - AL;Total;72.682;615;3.765;386;28.748;1;1.803;1.482;35;168;1.518;13;8;9;109;1.111;1;0;0;112.454;40.610;735;29;38;31.145;0;1.575;7;27;118;369;10;0;0;56;79;1;0;0;74.799;113.292;1.350;3.794;424;59.893;1;3.378;1.489;62;286;1.887;23;8;9;165;1.190;2;0;0;187.253
;00:Até 0,50;165;1;68;0;22;0;3;126;0;34;5;0;0;0;0;5;0;0;0;429;98;6;0;0;15;0;2;0;0;19;0;0;0;0;0;9;0;0;0;149;263;7;68;0;37;0;5;126;0;53;5;0;0;0;0;14;0;0;0;578
;01:0,51 a 1,00;3.090;57;593;52;40;0;5;276;0;117;36;5;0;0;30;10;1;0;0;4.312;2.818;111;1;2;51;0;9;0;2;87;16;4;0;0;33;8;1;0;0;3.143;5.908;168;594;54;91;0;14;276;2;204;52;9;0;0;63;18;2;0;0;7.455
;02:1,01 a 1,50;34.968;362;1.986;295;3.307;0;119;209;23;17;705;7;0;8;10;347;0;0;0;42.363;22.083;444;25;16;5.855;0;116;2;14;12;143;5;0;0;5;33;0;0;0;28.753;57.051;806;2.011;311;9.162;0;235;211;37;29;848;12;0;8;15;380;0;0;0;71.116
;03:1,51 a 2,00;13.288;104;809;17;3.436;0;313;129;10;0;418;1;0;0;9;440;0;0;0;18.974;5.678;119;2;6;4.289;0;246;0;7;0;36;1;0;0;5;16;0;0;0;10.405;18.966;223;811;23;7.725;0;559;129;17;0;454;2;0;0;14;456;0;0;0;29.379
;04:2,01 a 3,00;9.813;58;182;9;3.876;0;206;195;0;0;181;0;2;1;13;245;0;0;0;14.781;4.039;21;0;3;5.906;0;187;1;1;0;38;0;0;0;4;8;0;0;0;10.208;13.852;79;182;12;9.782;0;393;196;1;0;219;0;2;1;17;253;0;0;0;24.989
;05:3,01 a 4,00;3.288;15;11;6;6.147;0;428;88;2;0;47;0;4;0;10;40;0;0;0;10.086;1.720;18;0;4;3.694;0;416;0;1;0;28;0;0;0;0;3;0;0;0;5.884;5.008;33;11;10;9.841;0;844;88;3;0;75;0;4;0;10;43;0;0;0;15.970
;06:4,01 a 5,00;1.685;2;6;4;2.905;0;95;50;0;0;35;0;0;0;2;8;0;0;0;4.792;1.051;4;0;3;4.109;0;97;0;2;0;32;0;0;0;3;0;0;0;0;5.301;2.736;6;6;7;7.014;0;192;50;2;0;67;0;0;0;5;8;0;0;0;10.093
;07:5,01 a 7,00;2.164;2;8;0;3.145;0;327;63;0;0;42;0;2;0;6;6;0;0;0;5.765;1.256;2;0;3;3.033;0;322;0;0;0;35;0;0;0;0;0;0;0;0;4.651;3.420;4;8;3;6.178;0;649;63;0;0;77;0;2;0;6;6;0;0;0;10.416
;08:7,01 a 10,00;1.607;5;7;0;1.935;0;139;58;0;0;20;0;0;0;6;4;0;0;0;3.781;895;6;1;0;1.846;0;93;0;0;0;31;0;0;0;3;1;0;0;0;2.876;2.502;11;8;0;3.781;0;232;58;0;0;51;0;0;0;9;5;0;0;0;6.657
;09:10,01 a 15,00;1.187;2;2;2;1.288;0;87;8;0;0;16;0;0;0;7;2;0;0;0;2.601;514;0;0;1;1.234;0;46;0;0;0;10;0;0;0;1;1;0;0;0;1.807;1.701;2;2;3;2.522;0;133;8;0;0;26;0;0;0;8;3;0;0;0;4.408
;10:15,01 a 20,00;509;1;0;0;950;1;14;1;0;0;3;0;0;0;6;0;0;0;0;1.485;151;1;0;0;430;0;3;0;0;0;0;0;0;0;1;0;0;0;0;586;660;2;0;0;1.380;1;17;1;0;0;3;0;0;0;7;0;0;0;0;2.071
;11:Mais de 20,00;446;0;0;0;1.644;0;49;10;0;0;2;0;0;0;8;1;0;0;0;2.160;67;0;0;0;654;0;9;4;0;0;0;0;0;0;1;0;0;0;0;735;513;0;0;0;2.298;0;58;14;0;0;2;0;0;0;9;1;0;0;0;2.895
;{ñ class};472;6;93;1;53;0;18;269;0;0;8;0;0;0;2;3;0;0;0;925;240;3;0;0;29;0;29;0;0;0;0;0;0;0;0;0;0;0;0;301;712;9;93;1;82;0;47;269;0;0;8;0;0;0;2;3;0;0;0;1.226
280030:Aracaju - SE;Total;67.772;648;115;543;25.708;2;3.799;304;5;129;293;311;3;23;57;2.605;0;2;0;102.319;38.163;739;7;27;30.657;3;3.010;1;1;133;166;25;2;5;20;3.819;1;4;0;76.783;105.935;1.387;122;570;56.365;5;6.809;305;6;262;459;336;5;28;77;6.424;1;6;0;179.102
;00:Até 0,50;282;6;1;4;9;0;17;38;0;77;2;0;0;0;0;3;0;0;0;439;324;13;0;1;4;0;22;1;0;91;2;0;0;0;0;2;0;0;0;460;606;19;1;5;13;0;39;39;0;168;4;0;0;0;0;5;0;0;0;899
;01:0,51 a 1,00;5.573;279;4;205;69;0;107;154;0;47;24;68;3;18;12;509;0;1;0;7.073;3.951;196;1;14;75;0;131;0;0;38;16;4;2;0;8;682;0;4;0;5.122;9.524;475;5;219;144;0;238;154;0;85;40;72;5;18;20;1.191;0;5;0;12.195
;02:1,01 a 1,50;31.479;288;78;300;1.862;0;576;28;2;5;70;183;0;5;5;641;0;1;0;35.523;20.933;436;5;10;3.095;2;415;0;1;4;63;14;0;5;2;725;1;0;0;25.711;52.412;724;83;310;4.957;2;991;28;3;9;133;197;0;10;7;1.366;1;1;0;61.234
;03:1,51 a 2,00;11.697;54;19;17;2.078;0;458;18;2;0;43;53;0;0;2;639;0;0;0;15.080;4.529;60;1;0;3.312;1;300;0;0;0;23;7;0;0;2;805;0;0;0;9.040;16.226;114;20;17;5.390;1;758;18;2;0;66;60;0;0;4;1.444;0;0;0;24.120
;04:2,01 a 3,00;7.801;16;8;14;3.470;0;586;2;1;0;48;1;0;0;2;339;0;0;0;12.288;3.033;29;0;0;5.874;0;414;0;0;0;29;0;0;0;0;522;0;0;0;9.901;10.834;45;8;14;9.344;0;1.000;2;1;0;77;1;0;0;2;861;0;0;0;22.189
;05:3,01 a 4,00;2.734;2;2;2;6.042;1;504;2;0;0;54;2;0;0;1;173;0;0;0;9.519;1.376;2;0;0;4.862;0;453;0;0;0;15;0;0;0;2;329;0;0;0;7.039;4.110;4;2;2;10.904;1;957;2;0;0;69;2;0;0;3;502;0;0;0;16.558
;06:4,01 a 5,00;1.457;1;0;0;3.720;0;335;0;0;0;9;2;0;0;4;95;0;0;0;5.623;882;1;0;1;3.691;0;324;0;0;0;8;0;0;0;1;189;0;0;0;5.097;2.339;2;0;1;7.411;0;659;0;0;0;17;2;0;0;5;284;0;0;0;10.720
;07:5,01 a 7,00;1.803;0;2;0;2.784;0;386;1;0;0;12;0;0;0;1;88;0;0;0;5.077;1.071;0;0;1;4.228;0;319;0;0;0;4;0;0;0;0;240;0;0;0;5.863;2.874;0;2;1;7.012;0;705;1;0;0;16;0;0;0;1;328;0;0;0;10.940
;08:7,01 a 10,00;1.471;1;1;0;2.186;0;261;0;0;0;10;2;0;0;7;39;0;0;0;3.978;772;0;0;0;2.743;0;224;0;0;0;3;0;0;0;0;88;0;0;0;3.830;2.243;1;1;0;4.929;0;485;0;0;0;13;2;0;0;7;127;0;0;0;7.808
;09:10,01 a 15,00;1.288;0;0;0;1.159;0;228;0;0;0;10;0;0;0;3;22;0;0;0;2.710;675;0;0;0;1.344;0;209;0;0;0;2;0;0;0;3;46;0;0;0;2.279;1.963;0;0;0;2.503;0;437;0;0;0;12;0;0;0;6;68;0;0;0;4.989
;10:15,01 a 20,00;766;0;0;0;717;0;150;0;0;0;9;0;0;0;2;25;0;0;0;1.669;220;0;0;0;468;0;109;0;0;0;0;0;0;0;0;76;0;0;0;873;986;0;0;0;1.185;0;259;0;0;0;9;0;0;0;2;101;0;0;0;2.542
;11:Mais de 20,00;960;0;0;0;1.602;1;171;0;0;0;1;0;0;0;17;32;0;0;0;2.784;154;0;0;0;951;0;70;0;0;0;0;0;0;0;1;112;0;0;0;1.288;1.114;0;0;0;2.553;1;241;0;0;0;1;0;0;0;18;144;0;0;0;4.072
;{ñ class};461;1;0;1;10;0;20;61;0;0;1;0;0;0;1;0;0;0;0;556;243;2;0;0;10;0;20;0;0;0;1;0;0;0;1;3;0;0;0;280;704;3;0;1;20;0;40;61;0;0;2;0;0;0;2;3;0;0;0;836
292740:Salvador - BA;Total;265.168;1.104;238;573;78.715;3;11.288;1.264;1.138;822;2.027;113;6;12;198;419;33;193;0;363.314;169.134;1.114;36;32;100.134;1;20.529;9;1.034;730;1.154;14;1;4;53;594;12;246;0;294.831;434.302;2.218;274;605;178.849;4;31.817;1.273;2.172;1.552;3.181;127;7;16;251;1.013;45;439;0;658.145
;00:Até 0,50;442;3;0;0;69;0;6;62;4;487;10;0;0;0;5;17;0;0;0;1.105;372;1;0;0;28;0;11;0;2;420;6;0;0;0;0;19;0;0;0;859;814;4;0;0;97;0;17;62;6;907;16;0;0;0;5;36;0;0;0;1.964
;01:0,51 a 1,00;8.604;132;45;266;496;0;423;213;183;293;75;4;1;4;13;22;0;0;0;10.774;8.498;98;2;17;91;0;1.027;1;436;277;48;4;0;1;7;15;0;0;0;10.522;17.102;230;47;283;587;0;1.450;214;619;570;123;8;1;5;20;37;0;0;0;21.296
;02:1,01 a 1,50;99.622;617;124;226;2.349;0;2.742;311;630;41;810;61;3;6;35;80;26;1;0;107.684;73.773;658;16;13;5.634;0;7.959;1;458;29;530;8;0;2;18;72;11;0;0;89.182;173.395;1.275;140;239;7.983;0;10.701;312;1.088;70;1.340;69;3;8;53;152;37;1;0;196.866
;03:1,51 a 2,00;50.772;230;25;47;3.419;0;1.981;76;129;0;408;40;0;1;15;119;1;2;0;57.265;26.105;259;1;1;6.422;0;3.198;2;35;0;137;1;0;1;3;129;1;3;0;36.298;76.877;489;26;48;9.841;0;5.179;78;164;0;545;41;0;2;18;248;2;5;0;93.563
;04:2,01 a 3,00;42.295;82;20;19;10.045;1;2.258;122;78;1;312;3;0;1;23;69;1;109;0;55.439;21.717;70;11;1;19.132;1;2.746;2;60;4;146;1;0;0;6;166;0;118;0;44.181;64.012;152;31;20;29.177;2;5.004;124;138;5;458;4;0;1;29;235;1;227;0;99.620
;05:3,01 a 4,00;20.512;22;9;5;8.092;1;1.368;94;30;0;156;0;0;0;12;31;2;24;0;30.358;10.034;11;3;0;14.581;0;2.121;1;6;0;105;0;0;0;6;37;0;41;0;26.946;30.546;33;12;5;22.673;1;3.489;95;36;0;261;0;0;0;18;68;2;65;0;57.304
;06:4,01 a 5,00;9.817;7;3;2;25.690;1;382;117;6;0;77;5;0;0;3;12;0;26;0;36.148;6.104;7;1;0;16.573;0;646;0;4;0;50;0;0;0;1;22;0;41;0;23.449;15.921;14;4;2;42.263;1;1.028;117;10;0;127;5;0;0;4;34;0;67;0;59.597
;07:5,01 a 7,00;10.198;3;7;1;11.651;0;770;89;10;0;51;0;0;0;7;19;1;23;0;22.830;7.592;3;0;0;18.789;0;1.421;0;10;0;44;0;1;0;2;58;0;31;0;27.951;17.790;6;7;1;30.440;0;2.191;89;20;0;95;0;1;0;9;77;1;54;0;50.781
;08:7,01 a 10,00;7.668;1;0;2;5.574;0;643;73;4;0;44;0;1;0;11;36;0;8;0;14.065;6.294;4;1;0;8.994;0;751;0;5;0;42;0;0;0;3;66;0;12;0;16.172;13.962;5;1;2;14.568;0;1.394;73;9;0;86;0;1;0;14;102;0;20;0;30.237
;09:10,01 a 15,00;5.663;2;2;0;4.521;0;550;57;3;0;36;0;0;0;8;10;1;0;0;10.853;4.229;0;1;0;4.401;0;514;0;1;0;21;0;0;0;2;8;0;0;0;9.177;9.892;2;3;0;8.922;0;1.064;57;4;0;57;0;0;0;10;18;1;0;0;20.030
;10:15,01 a 20,00;2.571;1;0;0;2.966;0;97;2;8;0;13;0;0;0;22;4;0;0;0;5.684;1.483;0;0;0;2.220;0;74;0;0;0;7;0;0;0;2;0;0;0;0;3.786;4.054;1;0;0;5.186;0;171;2;8;0;20;0;0;0;24;4;0;0;0;9.470
;11:Mais de 20,00;3.128;0;2;0;3.798;0;67;0;41;0;13;0;0;0;44;0;0;0;0;7.093;985;0;0;0;3.242;0;56;0;14;0;4;0;0;0;3;1;0;0;0;4.305;4.113;0;2;0;7.040;0;123;0;55;0;17;0;0;0;47;1;0;0;0;11.398
;{ñ class};3.876;4;1;5;45;0;1;48;12;0;22;0;1;0;0;0;1;0;0;4.016;1.948;3;0;0;27;0;5;2;3;0;14;0;0;0;0;1;0;0;0;2.003;5.824;7;1;5;72;0;6;50;15;0;36;0;1;0;0;1;1;0;0;6.019
310620:Belo Horizonte - MG;Total;461.168;2.735;598;560;113.827;66;10.570;33;3.245;1.396;3.646;99;7;25;640;806;164;0;1.318;600.903;284.462;4.437;146;68;159.588;72;22.512;15;2.512;795;1.703;48;1;9;249;776;116;1;831;478.341;745.630;7.172;744;628;273.415;138;33.082;48;5.757;2.191;5.349;147;8;34;889;1.582;280;1;2.149;1.079.244
;00:Até 0,50;832;13;0;1;15;0;280;0;1;499;5;1;1;0;0;25;0;0;0;1.673;1.943;50;2;2;14;0;562;1;4;263;19;0;0;0;0;17;0;0;1;2.878;2.775;63;2;3;29;0;842;1;5;762;24;1;1;0;0;42;0;0;1;4.551
;01:0,51 a 1,00;12.576;191;101;153;98;0;301;1;148;823;125;5;0;21;197;10;0;0;2;14.752;16.154;371;34;30;291;0;806;1;182;483;177;10;0;8;94;6;0;0;3;18.650;28.730;562;135;183;389;0;1.107;2;330;1.306;302;15;0;29;291;16;0;0;5;33.402
;02:1,01 a 1,50;136.376;1.329;262;242;1.125;2;568;8;1.840;73;1.368;50;2;3;33;463;123;0;27;143.894;128.137;2.578;65;22;8.386;0;1.278;5;1.807;47;879;32;1;1;24;627;82;1;92;144.064;264.513;3.907;327;264;9.511;2;1.846;13;3.647;120;2.247;82;3;4;57;1.090;205;1;119;287.958
;03:1,51 a 2,00;98.521;887;109;98;5.019;1;1.108;7;540;1;604;33;1;1;38;88;2;0;862;107.920;43.531;973;18;10;16.460;3;2.689;1;284;0;209;5;0;0;16;58;2;0;216;64.475;142.052;1.860;127;108;21.479;4;3.797;8;824;1;813;38;1;1;54;146;4;0;1.078;172.395
;04:2,01 a 3,00;81.825;185;63;58;9.404;18;2.511;7;496;0;495;5;0;0;42;178;4;0;203;95.494;36.209;333;6;0;39.720;6;7.313;3;131;2;154;1;0;0;22;31;3;0;130;84.064;118.034;518;69;58;49.124;24;9.824;10;627;2;649;6;0;0;64;209;7;0;333;179.558
;05:3,01 a 4,00;40.155;52;18;1;17.059;20;1.609;3;128;0;387;4;2;0;20;14;1;0;20;59.493;15.696;62;6;1;25.105;18;4.631;0;40;0;89;0;0;0;6;9;1;0;49;45.713;55.851;114;24;2;42.164;38;6.240;3;168;0;476;4;2;0;26;23;2;0;69;105.206
;06:4,01 a 5,00;19.230;23;7;1;14.578;6;1.103;1;20;0;186;1;1;0;15;9;0;0;42;35.223;8.737;22;1;0;18.558;17;1.995;1;21;0;50;0;0;0;10;9;1;0;74;29.496;27.967;45;8;1;33.136;23;3.098;2;41;0;236;1;1;0;25;18;1;0;116;64.719
;07:5,01 a 7,00;21.214;12;9;1;29.331;10;953;1;25;0;167;0;0;0;31;7;4;0;35;51.800;10.762;17;3;1;20.625;24;1.403;0;15;0;48;0;0;0;16;7;3;0;100;33.024;31.976;29;12;2;49.956;34;2.356;1;40;0;215;0;0;0;47;14;7;0;135;84.824
;08:7,01 a 10,00;15.981;7;7;1;15.115;5;982;1;15;0;129;0;0;0;30;2;23;0;56;32.354;8.730;3;5;2;12.311;4;964;0;10;0;28;0;0;0;11;5;24;0;79;22.176;24.711;10;12;3;27.426;9;1.946;1;25;0;157;0;0;0;41;7;47;0;135;54.530
;09:10,01 a 15,00;14.226;2;2;0;8.734;4;602;1;7;0;64;0;0;0;33;2;7;0;39;23.723;5.979;4;1;0;8.108;0;397;2;1;0;26;0;0;0;2;5;0;0;39;14.564;20.205;6;3;0;16.842;4;999;3;8;0;90;0;0;0;35;7;7;0;78;38.287
;10:15,01 a 20,00;5.704;0;0;0;5.084;0;239;0;0;0;25;0;0;0;16;0;0;0;23;11.091;2.158;0;0;0;4.085;0;231;0;0;0;5;0;0;0;9;0;0;0;30;6.518;7.862;0;0;0;9.169;0;470;0;0;0;30;0;0;0;25;0;0;0;53;17.609
;11:Mais de 20,00;6.861;2;0;0;8.244;0;230;1;0;0;58;0;0;0;137;3;0;0;1;15.537;1.798;0;0;0;5.911;0;157;0;1;0;3;0;0;0;18;0;0;0;3;7.891;8.659;2;0;0;14.155;0;387;1;1;0;61;0;0;0;155;3;0;0;4;23.428
;{ñ class};7.667;32;20;4;21;0;84;2;25;0;33;0;0;0;48;5;0;0;8;7.949;4.628;24;5;0;14;0;86;1;16;0;16;0;0;0;21;2;0;0;15;4.828;12.295;56;25;4;35;0;170;3;41;0;49;0;0;0;69;7;0;0;23;12.777
320530:Vitória - ES;Total;73.331;273;41;137;21.551;17;6.818;4.406;499;933;336;6;0;1;78;22;2;0;2;108.453;50.566;1.202;28;14;27.757;21;12.219;618;397;564;87;10;0;0;19;21;2;0;6;93.531;123.897;1.475;69;151;49.308;38;19.037;5.024;896;1.497;423;16;0;1;97;43;4;0;8;201.984
;00:Até 0,50;201;0;0;0;10;0;93;290;0;268;3;0;0;0;8;0;0;0;0;873;203;6;2;0;9;0;102;111;0;171;0;0;0;0;0;1;0;0;0;605;404;6;2;0;19;0;195;401;0;439;3;0;0;0;8;1;0;0;0;1.478
;01:0,51 a 1,00;1.211;17;1;18;41;0;175;960;16;645;7;2;0;0;7;3;0;0;0;3.103;1.575;65;1;2;50;0;806;199;12;367;1;1;0;0;0;6;0;0;0;3.085;2.786;82;2;20;91;0;981;1.159;28;1.012;8;3;0;0;7;9;0;0;0;6.188
;02:1,01 a 1,50;22.026;146;15;88;299;2;795;540;414;15;214;3;0;0;1;8;1;0;1;24.568;22.962;778;14;8;1.399;0;2.781;64;367;23;36;9;0;0;1;7;2;0;0;28.451;44.988;924;29;96;1.698;2;3.576;604;781;38;250;12;0;0;2;15;3;0;1;53.019
;03:1,51 a 2,00;14.115;60;4;17;1.107;4;883;288;57;1;65;1;0;1;3;5;0;0;1;16.612;8.349;256;4;4;2.672;4;1.226;14;11;0;15;0;0;0;2;3;0;0;0;12.560;22.464;316;8;21;3.779;8;2.109;302;68;1;80;1;0;1;5;8;0;0;1;29.172
;04:2,01 a 3,00;11.718;29;13;4;2.450;1;1.636;188;9;0;9;0;0;0;1;0;1;0;0;16.059;6.441;77;4;0;6.611;5;3.022;6;2;0;13;0;0;0;1;1;0;0;5;16.188;18.159;106;17;4;9.061;6;4.658;194;11;0;22;0;0;0;2;1;1;0;5;32.247
;05:3,01 a 4,00;5.624;5;2;8;4.635;0;545;48;0;0;8;0;0;0;2;0;0;0;0;10.877;2.960;11;1;0;4.715;1;689;0;4;0;2;0;0;0;1;0;0;0;0;8.384;8.584;16;3;8;9.350;1;1.234;48;4;0;10;0;0;0;3;0;0;0;0;19.261
;06:4,01 a 5,00;3.683;4;1;2;1.339;0;429;36;1;0;8;0;0;0;3;1;0;0;0;5.507;1.763;4;0;0;2.379;5;610;2;1;0;7;0;0;0;0;0;0;0;1;4.772;5.446;8;1;2;3.718;5;1.039;38;2;0;15;0;0;0;3;1;0;0;1;10.279
;07:5,01 a 7,00;4.620;2;1;0;2.959;5;971;130;2;0;7;0;0;0;2;0;0;0;0;8.699;2.229;4;1;0;3.206;2;1.532;0;0;0;6;0;0;0;2;0;0;0;0;6.982;6.849;6;2;0;6.165;7;2.503;130;2;0;13;0;0;0;4;0;0;0;0;15.681
;08:7,01 a 10,00;3.991;5;3;0;2.390;2;559;175;0;0;4;0;0;0;15;0;0;0;0;7.144;1.662;1;0;0;2.424;3;719;0;0;0;2;0;0;0;6;1;0;0;0;4.818;5.653;6;3;0;4.814;5;1.278;175;0;0;6;0;0;0;21;1;0;0;0;11.962
;09:10,01 a 15,00;2.872;0;0;0;2.757;2;477;327;0;0;1;0;0;0;6;3;0;0;0;6.445;1.325;0;0;0;1.985;1;472;0;0;0;3;0;0;0;2;2;0;0;0;3.790;4.197;0;0;0;4.742;3;949;327;0;0;4;0;0;0;8;5;0;0;0;10.235
;10:15,01 a 20,00;1.154;0;1;0;1.429;0;122;250;0;0;2;0;0;0;3;1;0;0;0;2.962;396;0;0;0;958;0;138;0;0;0;1;0;0;0;2;0;0;0;0;1.495;1.550;0;1;0;2.387;0;260;250;0;0;3;0;0;0;5;1;0;0;0;4.457
;11:Mais de 20,00;1.295;0;0;0;2.132;1;89;453;0;0;3;0;0;0;26;1;0;0;0;4.000;241;0;0;0;1.336;0;76;0;0;0;1;0;0;0;2;0;0;0;0;1.656;1.536;0;0;0;3.468;1;165;453;0;0;4;0;0;0;28;1;0;0;0;5.656
;{ñ class};821;5;0;0;3;0;44;721;0;4;5;0;0;0;1;0;0;0;0;1.604;460;0;1;0;13;0;46;222;0;3;0;0;0;0;0;0;0;0;0;745;1.281;5;1;0;16;0;90;943;0;7;5;0;0;0;1;0;0;0;0;2.349
330455:Rio de Janeiro - RJ;Total;931.502;5.013;504;795;155.266;2.145;48.773;2.688;8.205;4.324;5.612;64;8;5;678;643;117;3;2;1.166.347;547.565;6.666;199;51;209.754;6.713;12.585;134;5.115;2.518;3.538;63;2;4;160;555;44;1;0;795.667;1.479.067;11.679;703;846;365.020;8.858;61.358;2.822;13.320;6.842;9.150;127;10;9;838;1.198;161;4;2;1.962.014
;00:Até 0,50;1.298;2;0;0;64;4;43;74;15;532;6;0;0;0;6;3;0;0;0;2.047;1.302;10;0;0;56;12;69;7;20;209;5;0;0;0;1;107;0;0;0;1.798;2.600;12;0;0;120;16;112;81;35;741;11;0;0;0;7;110;0;0;0;3.845
;01:0,51 a 1,00;15.767;76;9;30;776;56;386;188;458;2.335;35;1;1;1;25;41;2;0;0;20.187;13.440;134;4;4;221;191;419;1;339;1.211;43;2;0;0;6;37;0;0;0;16.052;29.207;210;13;34;997;247;805;189;797;3.546;78;3;1;1;31;78;2;0;0;36.239
;02:1,01 a 1,50;230.823;2.020;214;129;1.751;204;2.373;245;3.042;1.364;1.016;8;3;4;35;211;25;1;2;243.470;206.145;4.399;96;29;4.337;1.307;1.228;71;2.643;1.013;911;38;0;2;27;113;7;0;0;222.366;436.968;6.419;310;158;6.088;1.511;3.601;316;5.685;2.377;1.927;46;3;6;62;324;32;1;2;465.836
;03:1,51 a 2,00;179.852;1.325;117;379;9.344;1.597;2.126;191;1.852;46;884;30;1;0;24;92;5;1;0;197.866;92.560;1.152;38;7;28.859;4.668;1.455;29;832;58;501;14;0;2;12;76;3;0;0;130.266;272.412;2.477;155;386;38.203;6.265;3.581;220;2.684;104;1.385;44;1;2;36;168;8;1;0;328.132
;04:2,01 a 3,00;188.826;1.045;95;86;16.899;246;11.252;310;1.315;3;1.102;18;2;0;29;80;53;1;0;221.362;78.107;679;38;4;20.517;503;1.781;6;538;5;480;7;1;0;30;66;11;0;0;102.773;266.933;1.724;133;90;37.416;749;13.033;316;1.853;8;1.582;25;3;0;59;146;64;1;0;324.135
;05:3,01 a 4,00;90.450;270;32;109;11.554;11;12.616;303;523;0;737;1;0;0;25;45;7;0;0;116.683;37.719;146;11;5;27.731;11;2.020;8;206;0;333;1;1;0;9;31;0;0;0;68.232;128.169;416;43;114;39.285;22;14.636;311;729;0;1.070;2;1;0;34;76;7;0;0;184.915
;06:4,01 a 5,00;43.354;99;14;25;24.863;6;5.240;212;362;0;350;1;0;0;36;48;1;0;0;74.611;22.873;48;6;1;45.471;4;1.697;1;119;0;251;0;0;0;7;25;1;1;0;70.505;66.227;147;20;26;70.334;10;6.937;213;481;0;601;1;0;0;43;73;2;1;0;145.116
;07:5,01 a 7,00;49.252;79;8;11;30.126;6;9.824;296;284;0;384;3;0;0;23;55;0;0;0;90.351;28.393;42;4;0;35.580;7;1.761;2;142;0;286;0;0;0;15;39;0;0;0;66.271;77.645;121;12;11;65.706;13;11.585;298;426;0;670;3;0;0;38;94;0;0;0;156.622
;08:7,01 a 10,00;40.332;43;7;16;25.195;5;2.710;340;96;0;286;1;0;0;62;33;1;0;0;69.127;23.502;26;2;0;20.606;5;1.210;4;88;0;252;0;0;0;18;39;4;0;0;45.756;63.834;69;9;16;45.801;10;3.920;344;184;0;538;1;0;0;80;72;5;0;0;114.883
;09:10,01 a 15,00;32.770;14;2;2;13.625;5;1.310;311;116;0;263;0;0;0;42;24;4;0;0;48.488;18.602;6;0;0;10.890;2;595;0;116;0;170;0;0;0;8;16;10;0;0;30.415;51.372;20;2;2;24.515;7;1.905;311;232;0;433;0;0;0;50;40;14;0;0;78.903
;10:15,01 a 20,00;16.643;5;0;0;7.332;1;530;72;26;0;140;1;0;0;28;3;19;0;0;24.800;8.149;4;0;0;5.905;1;202;0;10;0;109;0;0;0;7;2;8;0;0;14.397;24.792;9;0;0;13.237;2;732;72;36;0;249;1;0;0;35;5;27;0;0;39.197
;11:Mais de 20,00;30.745;7;2;0;13.716;0;319;59;16;0;328;0;1;0;302;7;0;0;0;45.502;9.594;2;0;0;9.560;0;81;0;2;0;138;0;0;0;17;2;0;0;0;19.396;40.339;9;2;0;23.276;0;400;59;18;0;466;0;1;0;319;9;0;0;0;64.898
;{ñ class};11.390;28;4;8;21;4;44;87;100;44;81;0;0;0;41;1;0;0;0;11.853;7.179;18;0;1;21;2;67;5;60;22;59;1;0;0;3;2;0;0;0;7.440;18.569;46;4;9;42;6;111;92;160;66;140;1;0;0;44;3;0;0;0;19.293
355030:São Paulo - SP;Total;1.792.052;4.120;2.341;727;261.650;2.673;56.080;741;19.476;4.823;7.812;51;21;0;1.644;1.069;67;1.146;193;2.156.686;1.210.145;9.301;1.113;146;332.886;1.995;161.035;70;18.344;3.545;6.255;62;11;4;326;1.057;25;1.899;196;1.748.415;3.002.197;13.421;3.454;873;594.536;4.668;217.115;811;37.820;8.368;14.067;113;32;4;1.970;2.126;92;3.045;389;3.905.101
;00:Até 0,50;1.856;2;2;0;2.176;0;1.935;24;39;145;6;0;0;0;6;26;0;128;0;6.345;2.412;9;1;3;3.635;0;5.372;1;50;48;6;0;0;0;4;9;1;264;0;11.815;4.268;11;3;3;5.811;0;7.307;25;89;193;12;0;0;0;10;35;1;392;0;18.160
;01:0,51 a 1,00;16.387;156;17;100;3.837;0;5.985;67;702;3.251;272;4;0;0;73;134;1;149;0;31.135;25.219;376;16;38;12.001;0;25.106;0;1.078;2.694;733;4;0;0;25;114;0;419;0;67.823;41.606;532;33;138;15.838;0;31.091;67;1.780;5.945;1.005;8;0;0;98;248;1;568;0;98.958
;02:1,01 a 1,50;135.824;803;360;422;1.835;831;3.872;155;5.499;1.154;396;6;5;0;59;96;4;85;0;151.406;178.339;3.275;234;80;1.785;235;13.565;22;6.340;717;601;27;3;1;49;109;7;88;0;205.477;314.163;4.078;594;502;3.620;1.066;17.437;177;11.839;1.871;997;33;8;1;108;205;11;173;0;356.883
;03:1,51 a 2,00;371.579;1.245;510;105;4.988;261;3.784;199;6.372;190;1.125;13;2;0;72;324;13;151;6;390.939;319.060;3.692;387;14;8.850;158;10.924;18;6.432;59;1.284;21;4;1;45;564;10;157;20;351.700;690.639;4.937;897;119;13.838;419;14.708;217;12.804;249;2.409;34;6;1;117;888;23;308;26;742.639
;04:2,01 a 3,00;477.089;1.183;551;70;26.735;339;8.235;139;4.376;71;1.931;23;8;0;106;130;23;188;10;521.207;244.360;1.265;211;5;56.530;479;24.907;19;2.698;23;1.539;8;2;0;33;150;4;364;44;332.641;721.449;2.448;762;75;83.265;818;33.142;158;7.074;94;3.470;31;10;0;139;280;27;552;54;853.848
;05:3,01 a 4,00;219.454;383;333;16;52.108;152;5.664;41;1.280;5;1.189;5;5;0;46;90;21;50;5;280.847;106.459;351;83;4;48.182;130;21.545;0;792;4;479;1;1;2;26;35;1;245;3;178.343;325.913;734;416;20;100.290;282;27.209;41;2.072;9;1.668;6;6;2;72;125;22;295;8;459.190
;06:4,01 a 5,00;125.854;141;192;1;44.444;24;5.621;35;433;2;651;0;0;0;41;60;4;40;9;177.552;69.897;114;45;0;48.989;27;20.949;2;344;0;408;0;0;0;12;18;1;65;4;140.875;195.751;255;237;1;93.433;51;26.570;37;777;2;1.059;0;0;0;53;78;5;105;13;318.427
;07:5,01 a 7,00;130.279;97;165;6;52.957;43;10.402;3;357;1;826;0;1;0;37;132;0;145;82;195.533;85.142;87;48;0;70.170;39;21.699;2;283;0;452;0;0;0;16;20;0;127;71;178.156;215.421;184;213;6;123.127;82;32.101;5;640;1;1.278;0;1;0;53;152;0;272;153;373.689
;08:7,01 a 10,00;103.042;42;66;3;28.194;561;4.619;1;235;2;685;0;0;0;132;34;0;116;74;137.806;68.375;49;31;0;40.803;588;6.768;4;167;0;413;0;1;0;26;17;0;93;51;117.386;171.417;91;97;3;68.997;1.149;11.387;5;402;2;1.098;0;1;0;158;51;0;209;125;255.192
;09:10,01 a 15,00;77.910;18;53;1;16.001;324;2.773;5;65;0;333;0;0;0;92;22;0;44;7;97.648;50.668;14;19;0;21.057;292;4.577;0;55;0;211;0;0;0;16;6;1;28;3;76.947;128.578;32;72;1;37.058;616;7.350;5;120;0;544;0;0;0;108;28;1;72;10;174.595
;10:15,01 a 20,00;39.978;8;20;0;9.459;124;1.142;0;20;0;113;0;0;0;51;2;0;7;0;50.924;21.816;4;15;0;9.442;43;1.344;0;14;0;64;0;0;0;7;3;0;4;0;32.756;61.794;12;35;0;18.901;167;2.486;0;34;0;177;0;0;0;58;5;0;11;0;83.680
;11:Mais de 20,00;71.517;11;36;0;18.770;14;1.135;0;8;0;216;0;0;0;792;7;1;5;0;92.512;25.353;4;9;0;11.233;4;800;0;5;0;44;0;0;0;60;1;0;4;0;37.517;96.870;15;45;0;30.003;18;1.935;0;13;0;260;0;0;0;852;8;1;9;0;130.029
;{ñ class};21.283;31;36;3;146;0;913;72;90;2;69;0;0;0;137;12;0;38;0;22.832;13.045;61;14;2;209;0;3.479;2;86;0;21;1;0;0;7;11;0;41;0;16.979;34.328;92;50;5;355;0;4.392;74;176;2;90;1;0;0;144;23;0;79;0;39.811
410690:Curitiba - PR;Total;291.881;1.276;473;331;65.707;4;2.354;990;3.438;1.346;3.408;50;1;3;307;607;4;4.684;0;376.864;212.979;2.897;179;45;98.910;2;2.156;10;2.234;1.001;6.168;18;3;0;105;534;16;12.397;1;339.655;504.860;4.173;652;376;164.617;6;4.510;1.000;5.672;2.347;9.576;68;4;3;412;1.141;20;17.081;1;716.519
;00:Até 0,50;368;5;1;0;60;0;2;62;10;156;2;0;0;0;1;12;0;11;0;690;658;6;1;0;41;0;4;0;30;34;2;0;0;0;4;4;0;17;0;801;1.026;11;2;0;101;0;6;62;40;190;4;0;0;0;5;16;0;28;0;1.491
;01:0,51 a 1,00;4.020;39;4;13;311;0;38;214;82;808;28;2;0;0;37;12;1;72;0;5.681;8.038;107;7;1;87;0;109;2;122;695;87;2;0;0;18;11;3;200;1;9.490;12.058;146;11;14;398;0;147;216;204;1.503;115;4;0;0;55;23;4;272;1;15.171
;02:1,01 a 1,50;49.705;380;220;137;563;0;47;202;970;312;590;7;0;1;24;54;2;232;0;53.446;77.211;1.747;96;29;1.873;0;74;2;898;251;827;11;0;0;30;407;10;1.124;0;84.590;126.916;2.127;316;166;2.436;0;121;204;1.868;563;1.417;18;0;1;54;461;12;1.356;0;138.036
;03:1,51 a 2,00;53.003;320;100;70;1.508;0;16;137;1.159;15;1.031;19;0;1;7;48;0;949;0;58.383;43.030;620;28;8;7.873;0;19;2;578;5;4.795;4;1;0;2;29;1;3.411;0;60.406;96.033;940;128;78;9.381;0;35;139;1.737;20;5.826;23;1;1;9;77;1;4.360;0;118.789
;04:2,01 a 3,00;70.563;434;78;56;6.544;0;110;181;857;15;748;17;1;1;61;278;0;1.157;0;81.101;33.132;277;23;3;25.735;0;161;2;412;2;282;1;0;0;7;38;2;3.287;0;63.364;103.695;711;101;59;32.279;0;271;183;1.269;17;1.030;18;1;1;68;316;2;4.444;0;144.465
;05:3,01 a 4,00;33.718;58;34;25;8.596;0;435;41;189;26;486;3;0;0;12;150;0;1.395;0;45.168;14.355;68;8;2;20.770;0;373;1;95;9;59;0;1;0;10;30;0;3.420;0;39.201;48.073;126;42;27;29.366;0;808;42;284;35;545;3;1;0;22;180;0;4.815;0;84.369
;06:4,01 a 5,00;19.756;18;8;11;13.259;0;362;8;67;12;260;0;0;0;11;17;1;410;0;34.200;9.097;38;4;1;13.366;0;247;0;34;5;22;0;0;0;6;5;0;699;0;23.524;28.853;56;12;12;26.625;0;609;8;101;17;282;0;0;0;17;22;1;1.109;0;57.724
;07:5,01 a 7,00;19.331;11;11;9;14.540;0;404;0;47;2;128;2;0;0;8;21;0;376;0;34.890;9.848;16;5;0;12.215;0;455;1;29;0;63;0;1;0;1;2;0;178;0;22.814;29.179;27;16;9;26.755;0;859;1;76;2;191;2;1;0;9;23;0;554;0;57.704
;08:7,01 a 10,00;14.576;4;6;3;6.368;0;218;0;14;0;82;0;0;0;18;2;0;80;0;21.371;7.029;4;2;1;7.819;0;226;0;3;0;19;0;0;0;7;2;0;57;0;15.169;21.605;8;8;4;14.187;0;444;0;17;0;101;0;0;0;25;4;0;137;0;36.540
;09:10,01 a 15,00;11.700;1;1;3;4.708;1;487;0;3;0;24;0;0;0;23;9;0;1;0;16.961;4.504;0;1;0;3.798;0;386;0;1;0;5;0;0;0;3;0;0;0;0;8.698;16.204;1;2;3;8.506;1;873;0;4;0;29;0;0;0;26;9;0;1;0;25.659
;10:15,01 a 20,00;5.268;1;1;0;3.712;2;85;0;0;0;13;0;0;0;6;0;0;0;0;9.088;1.569;0;0;0;2.417;0;60;0;0;0;1;0;0;0;4;0;0;0;0;4.051;6.837;1;1;0;6.129;2;145;0;0;0;14;0;0;0;10;0;0;0;0;13.139
;11:Mais de 20,00;6.500;0;2;0;5.398;1;148;0;1;0;4;0;0;0;96;1;0;1;0;12.152;1.337;0;0;0;2.836;2;40;0;1;0;2;0;0;0;8;0;0;0;0;4.226;7.837;0;2;0;8.234;3;188;0;2;0;6;0;0;0;104;1;0;1;0;16.378
;{ñ class};3.373;5;7;4;140;0;2;145;39;0;12;0;0;0;3;3;0;0;0;3.733;3.171;14;4;0;80;0;2;0;31;0;4;0;0;0;5;6;0;4;0;3.321;6.544;19;11;4;220;0;4;145;70;0;16;0;0;0;8;9;0;4;0;7.054
420540:Florianópolis - SC;Total;69.454;202;15;28;42.343;179;3.383;2;515;198;365;4;0;1;74;21;14;0;0;116.798;57.326;527;5;9;43.889;233;6.438;0;429;197;648;6;1;0;19;31;34;5;2;109.799;126.780;729;20;37;86.232;412;9.821;2;944;395;1.013;10;1;1;93;52;48;5;2;226.597
;00:Até 0,50;153;2;0;0;5;0;2;0;4;130;1;0;0;0;0;0;0;0;0;297;221;4;0;0;4;0;14;0;14;136;2;0;0;0;0;0;0;1;0;396;374;6;0;0;9;0;16;0;18;266;3;0;0;0;0;0;0;1;0;693
;01:0,51 a 1,00;1.366;13;0;3;217;0;166;0;12;60;2;1;0;0;8;3;7;0;0;1.858;2.712;50;1;2;448;0;342;0;24;52;4;3;0;0;6;0;7;1;0;3.652;4.078;63;1;5;665;0;508;0;36;112;6;4;0;0;14;3;14;1;0;5.510
;02:1,01 a 1,50;10.202;72;5;9;646;0;248;0;120;6;19;0;0;0;4;1;5;0;0;11.337;14.451;179;1;2;650;0;628;0;151;9;16;1;1;0;4;8;22;3;1;16.127;24.653;251;6;11;1.296;0;876;0;271;15;35;1;1;0;8;9;27;3;1;27.464
;03:1,51 a 2,00;15.700;63;4;6;412;0;349;1;182;1;45;3;0;0;4;3;1;0;0;16.774;15.540;193;2;2;2.009;0;989;0;125;0;48;1;0;0;4;10;3;0;1;18.927;31.240;256;6;8;2.421;0;1.338;1;307;1;93;4;0;0;8;13;4;0;1;35.701
;04:2,01 a 3,00;17.266;35;1;9;1.517;0;527;0;165;1;52;0;0;0;4;7;1;0;0;19.585;11.471;89;1;2;5.039;0;1.364;0;86;0;59;1;0;0;3;4;1;0;0;18.120;28.737;124;2;11;6.556;0;1.891;0;251;1;111;1;0;0;7;11;2;0;0;37.705
;05:3,01 a 4,00;6.896;12;0;1;2.510;80;471;0;21;0;49;0;0;1;5;4;0;0;0;10.050;3.809;7;0;1;5.967;117;1.144;0;10;0;190;0;0;0;1;5;1;0;0;11.252;10.705;19;0;2;8.477;197;1.615;0;31;0;239;0;0;1;6;9;1;0;0;21.302
;06:4,01 a 5,00;3.879;0;0;0;8.826;0;286;0;1;0;39;0;0;0;1;0;0;0;0;13.032;2.092;2;0;0;7.547;3;417;0;3;0;144;0;0;0;0;2;0;0;0;10.210;5.971;2;0;0;16.373;3;703;0;4;0;183;0;0;0;1;2;0;0;0;23.242
;07:5,01 a 7,00;3.679;1;3;0;11.835;44;415;0;2;0;39;0;0;0;2;0;0;0;0;16.020;2.305;0;0;0;11.077;81;435;0;2;0;127;0;0;0;0;1;0;0;0;14.028;5.984;1;3;0;22.912;125;850;0;4;0;166;0;0;0;2;1;0;0;0;30.048
;08:7,01 a 10,00;3.295;0;2;0;5.283;16;336;1;4;0;33;0;0;0;5;3;0;0;0;8.978;1.770;0;0;0;4.588;8;216;0;7;0;26;0;0;0;1;1;0;0;0;6.617;5.065;0;2;0;9.871;24;552;1;11;0;59;0;0;0;6;4;0;0;0;15.595
;09:10,01 a 15,00;2.658;1;0;0;3.563;19;239;0;1;0;40;0;0;0;5;0;0;0;0;6.526;1.169;0;0;0;2.755;12;167;0;2;0;13;0;0;0;0;0;0;0;0;4.118;3.827;1;0;0;6.318;31;406;0;3;0;53;0;0;0;5;0;0;0;0;10.644
;10:15,01 a 20,00;1.428;0;0;0;3.138;19;151;0;0;0;33;0;0;0;6;0;0;0;0;4.775;409;0;0;0;1.600;11;69;0;1;0;7;0;0;0;0;0;0;0;0;2.097;1.837;0;0;0;4.738;30;220;0;1;0;40;0;0;0;6;0;0;0;0;6.872
;11:Mais de 20,00;1.756;0;0;0;4.041;1;30;0;0;0;5;0;0;0;28;0;0;0;0;5.861;216;0;0;0;1.779;0;11;0;1;0;1;0;0;0;0;0;0;0;0;2.008;1.972;0;0;0;5.820;1;41;0;1;0;6;0;0;0;28;0;0;0;0;7.869
;{ñ class};1.176;3;0;0;350;0;163;0;3;0;8;0;0;0;2;0;0;0;0;1.705;1.161;3;0;0;426;1;642;0;3;0;11;0;0;0;0;0;0;0;0;2.247;2.337;6;0;0;776;1;805;0;6;0;19;0;0;0;2;0;0;0;0;3.952
431490:Porto Alegre - RS;Total;229.082;862;316;370;73.545;1.018;6.166;910;2.277;830;3.700;17;3;1;465;120;3;0;0;319.685;177.718;2.936;155;51;120.602;709;10.877;12;1.455;325;1.266;16;6;0;77;53;3;0;0;316.261;406.800;3.798;471;421;194.147;1.727;17.043;922;3.732;1.155;4.966;33;9;1;542;173;6;0;0;635.946
;00:Até 0,50;772;1;1;0;2;0;3;69;2;351;20;0;1;0;0;0;0;0;0;1.222;1.175;57;0;1;4;0;0;1;5;137;1;3;2;0;0;1;0;0;0;1.387;1.947;58;1;1;6;0;3;70;7;488;21;3;3;0;0;1;0;0;0;2.609
;01:0,51 a 1,00;4.007;38;2;7;47;0;349;80;59;386;263;1;0;0;27;2;0;0;0;5.268;7.406;311;6;2;86;0;130;3;48;134;213;2;0;0;13;1;0;0;0;8.355;11.413;349;8;9;133;0;479;83;107;520;476;3;0;0;40;3;0;0;0;13.623
;02:1,01 a 1,50;34.828;309;91;143;1.493;0;1.645;33;602;91;799;3;0;1;17;37;3;0;0;40.095;42.084;1.303;36;36;7.740;0;1.819;1;574;53;349;6;3;0;8;17;1;0;0;54.030;76.912;1.612;127;179;9.233;0;3.464;34;1.176;144;1.148;9;3;1;25;54;4;0;0;94.125
;03:1,51 a 2,00;43.590;196;59;97;4.197;1;1.441;58;645;1;732;3;2;0;31;13;0;0;0;51.066;36.170;691;24;7;20.835;1;2.005;2;497;0;271;4;1;0;6;14;0;0;0;60.528;79.760;887;83;104;25.032;2;3.446;60;1.142;1;1.003;7;3;0;37;27;0;0;0;111.594
;04:2,01 a 3,00;51.680;170;74;76;11.586;58;1.030;77;730;0;1.344;7;0;0;15;28;0;0;0;66.875;28.864;376;37;5;36.749;45;3.176;2;240;0;256;1;0;0;7;3;0;0;0;69.761;80.544;546;111;81;48.335;103;4.206;79;970;0;1.600;8;0;0;22;31;0;0;0;136.636
;05:3,01 a 4,00;25.882;65;38;33;10.042;24;956;49;120;0;270;1;0;0;51;5;0;0;0;37.536;14.991;100;32;0;13.294;10;2.605;0;43;0;75;0;0;0;4;2;0;0;0;31.156;40.873;165;70;33;23.336;34;3.561;49;163;0;345;1;0;0;55;7;0;0;0;68.692
;06:4,01 a 5,00;15.360;24;8;4;7.688;44;208;36;57;0;65;2;0;0;8;2;0;0;0;23.506;10.179;36;5;0;8.512;29;439;0;11;0;37;0;0;0;5;0;1;0;0;19.254;25.539;60;13;4;16.200;73;647;36;68;0;102;2;0;0;13;2;1;0;0;42.760
;07:5,01 a 7,00;15.572;14;11;4;10.553;160;54;28;23;0;53;0;0;0;17;5;0;0;0;26.494;12.053;25;8;0;10.754;101;60;1;14;0;28;0;0;0;9;3;0;0;0;23.056;27.625;39;19;4;21.307;261;114;29;37;0;81;0;0;0;26;8;0;0;0;49.550
;08:7,01 a 10,00;12.259;11;9;3;9.134;224;121;6;8;0;38;0;0;0;32;4;0;0;0;21.849;10.026;9;4;0;8.065;167;164;0;7;0;10;0;0;0;6;6;1;0;0;18.465;22.285;20;13;3;17.199;391;285;6;15;0;48;0;0;0;38;10;1;0;0;40.314
;09:10,01 a 15,00;10.529;11;7;1;6.768;297;56;12;8;0;16;0;0;0;68;3;0;0;0;17.776;7.567;5;0;0;5.649;253;78;0;3;0;8;0;0;0;8;0;0;0;0;13.571;18.096;16;7;1;12.417;550;134;12;11;0;24;0;0;0;76;3;0;0;0;31.347
;10:15,01 a 20,00;5.240;6;5;0;4.354;77;133;3;3;0;15;0;0;0;31;10;0;0;0;9.877;2.769;2;0;0;3.557;47;88;0;0;0;0;0;0;0;4;2;0;0;0;6.469;8.009;8;5;0;7.911;124;221;3;3;0;15;0;0;0;35;12;0;0;0;16.346
;11:Mais de 20,00;6.592;5;4;0;7.667;133;167;1;0;0;54;0;0;0;155;10;0;0;0;14.788;2.216;2;0;0;5.330;56;278;0;0;0;3;0;0;0;6;3;0;0;0;7.894;8.808;7;4;0;12.997;189;445;1;0;0;57;0;0;0;161;13;0;0;0;22.682
;{ñ class};2.771;12;7;2;14;0;3;458;20;1;31;0;0;0;13;1;0;0;0;3.333;2.218;19;3;0;27;0;35;2;13;1;15;0;0;0;1;1;0;0;0;2.335;4.989;31;10;2;41;0;38;460;33;2;46;0;0;0;14;2;0;0;0;5.668
500270:Campo Grande - MS;Total;77.563;921;251;2.700;26.012;340;4.544;354;412;348;324;11;0;33;34;44;0;0;0;113.891;46.777;1.273;55;462;32.347;355;9.195;2;176;264;126;7;0;1;11;118;0;0;0;91.169;124.340;2.194;306;3.162;58.359;695;13.739;356;588;612;450;18;0;34;45;162;0;0;0;205.060
;00:Até 0,50;94;0;1;0;7;0;40;17;2;37;0;0;0;0;0;0;0;0;0;198;107;7;1;5;5;1;115;0;1;34;0;0;0;0;0;1;0;0;0;277;201;7;2;5;12;1;155;17;3;71;0;0;0;0;0;1;0;0;0;475
;01:0,51 a 1,00;2.120;61;4;36;13;1;187;90;9;266;10;1;0;1;6;8;0;0;0;2.813;2.091;103;3;39;4;0;441;0;4;206;8;0;0;0;1;10;0;0;0;2.910;4.211;164;7;75;17;1;628;90;13;472;18;1;0;1;7;18;0;0;0;5.723
;02:1,01 a 1,50;24.931;567;103;1.411;759;36;324;76;238;41;205;7;0;4;4;12;0;0;0;28.718;21.652;938;27;321;2.546;32;826;2;80;23;40;6;0;0;3;87;0;0;0;26.583;46.583;1.505;130;1.732;3.305;68;1.150;78;318;64;245;13;0;4;7;99;0;0;0;55.301
;03:1,51 a 2,00;18.617;156;69;674;1.181;24;554;50;63;4;72;2;0;15;1;7;0;0;0;21.489;9.200;109;12;39;4.464;23;1.155;0;34;1;53;1;0;1;1;2;0;0;0;15.095;27.817;265;81;713;5.645;47;1.709;50;97;5;125;3;0;16;2;9;0;0;0;36.584
;04:2,01 a 3,00;15.262;78;49;402;2.659;38;1.231;30;56;0;15;1;0;10;3;17;0;0;0;19.851;6.118;76;6;27;5.920;37;3.073;0;22;0;14;0;0;0;4;4;0;0;0;15.301;21.380;154;55;429;8.579;75;4.304;30;78;0;29;1;0;10;7;21;0;0;0;35.152
;05:3,01 a 4,00;6.085;26;14;83;2.223;37;644;17;16;0;8;0;0;1;7;0;0;0;0;9.161;2.316;18;3;12;4.074;21;1.380;0;18;0;5;0;0;0;0;6;0;0;0;7.853;8.401;44;17;95;6.297;58;2.024;17;34;0;13;0;0;1;7;6;0;0;0;17.014
;06:4,01 a 5,00;2.883;10;3;19;3.790;31;647;17;15;0;1;0;0;0;2;0;0;0;0;7.418;1.398;8;0;7;3.391;28;1.299;0;10;0;1;0;0;0;0;0;0;0;0;6.142;4.281;18;3;26;7.181;59;1.946;17;25;0;2;0;0;0;2;0;0;0;0;13.560
;07:5,01 a 7,00;2.828;8;3;24;4.766;31;461;4;11;0;7;0;0;1;2;0;0;0;0;8.146;1.427;5;2;4;4.269;49;443;0;6;0;2;0;0;0;1;0;0;0;0;6.208;4.255;13;5;28;9.035;80;904;4;17;0;9;0;0;1;3;0;0;0;0;14.354
;08:7,01 a 10,00;1.830;3;1;15;4.037;58;195;5;2;0;1;0;0;1;1;0;0;0;0;6.149;989;4;1;4;4.202;101;218;0;1;0;2;0;0;0;0;0;0;0;0;5.522;2.819;7;2;19;8.239;159;413;5;3;0;3;0;0;1;1;0;0;0;0;11.671
;09:10,01 a 15,00;1.297;3;0;12;2.356;48;104;0;0;0;2;0;0;0;0;0;0;0;0;3.822;662;0;0;1;1.691;48;78;0;0;0;1;0;0;0;0;0;0;0;0;2.481;1.959;3;0;13;4.047;96;182;0;0;0;3;0;0;0;0;0;0;0;0;6.303
;10:15,01 a 20,00;525;1;1;3;1.438;15;67;0;0;0;1;0;0;0;0;0;0;0;0;2.051;243;0;0;0;743;7;43;0;0;0;0;0;0;0;0;0;0;0;0;1.036;768;1;1;3;2.181;22;110;0;0;0;1;0;0;0;0;0;0;0;0;3.087
;11:Mais de 20,00;449;1;0;1;2.776;21;56;1;0;0;1;0;0;0;6;0;0;0;0;3.312;136;0;0;0;1.012;8;11;0;0;0;0;0;0;0;1;0;0;0;0;1.168;585;1;0;1;3.788;29;67;1;0;0;1;0;0;0;7;0;0;0;0;4.480
;{ñ class};642;7;3;20;7;0;34;47;0;0;1;0;0;0;2;0;0;0;0;763;438;5;0;3;26;0;113;0;0;0;0;0;0;0;0;8;0;0;0;593;1.080;12;3;23;33;0;147;47;0;0;1;0;0;0;2;8;0;0;0;1.356
510340:Cuiabá - MT;Total;64.180;517;239;522;7.215;23.566;2.540;55;9;291;1.018;24;1;12;156;47;49;1;0;100.442;39.390;779;47;64;9.509;32.394;3.208;21;8;243;267;7;0;1;57;43;39;0;0;86.077;103.570;1.296;286;586;16.724;55.960;5.748;76;17;534;1.285;31;1;13;213;90;88;1;0;186.519
;00:Até 0,50;38;0;0;0;2;386;0;2;0;62;0;0;0;0;0;1;0;0;0;491;58;0;1;0;1;742;0;0;0;66;1;0;0;0;0;1;0;0;0;870;96;0;1;0;3;1.128;0;2;0;128;1;0;0;0;0;2;0;0;0;1.361
;01:0,51 a 1,00;1.278;51;11;123;34;703;38;4;0;192;8;1;0;1;2;5;1;0;0;2.452;1.037;59;3;23;6;1.602;28;6;2;147;3;2;0;0;2;5;0;0;0;2.925;2.315;110;14;146;40;2.305;66;10;2;339;11;3;0;1;4;10;1;0;0;5.377
;02:1,01 a 1,50;21.455;258;51;177;629;2.033;573;14;6;37;198;17;1;4;13;21;15;0;0;25.502;18.031;472;20;35;1.631;3.712;1.128;6;5;30;138;5;0;1;7;22;26;0;0;25.269;39.486;730;71;212;2.260;5.745;1.701;20;11;67;336;22;1;5;20;43;41;0;0;50.771
;03:1,51 a 2,00;14.715;147;91;108;504;988;267;8;1;0;399;5;0;5;1;10;15;0;0;17.264;7.407;200;9;4;878;1.537;445;3;0;0;46;0;0;0;7;5;3;0;0;10.544;22.122;347;100;112;1.382;2.525;712;11;1;0;445;5;0;5;8;15;18;0;0;27.808
;04:2,01 a 3,00;12.042;42;54;76;558;2.870;382;14;0;0;289;1;0;1;7;4;13;1;0;16.354;5.797;39;14;1;1.003;5.159;554;3;0;0;37;0;0;0;7;8;7;0;0;12.629;17.839;81;68;77;1.561;8.029;936;17;0;0;326;1;0;1;14;12;20;1;0;28.983
;05:3,01 a 4,00;5.193;11;17;16;530;2.768;307;6;0;0;65;0;0;0;109;0;1;0;0;9.023;2.256;6;0;0;972;4.062;258;2;0;0;16;0;0;0;29;1;0;0;0;7.602;7.449;17;17;16;1.502;6.830;565;8;0;0;81;0;0;0;138;1;1;0;0;16.625
;06:4,01 a 5,00;2.422;2;5;9;487;3.926;166;0;0;0;14;0;0;0;10;1;1;0;0;7.043;1.341;0;0;1;647;4.684;118;1;0;0;9;0;0;0;4;0;0;0;0;6.805;3.763;2;5;10;1.134;8.610;284;1;0;0;23;0;0;0;14;1;1;0;0;13.848
;07:5,01 a 7,00;2.436;1;4;7;812;4.533;232;0;1;0;11;0;0;0;0;1;2;0;0;8.040;1.448;1;0;0;1.193;6.757;265;0;0;0;8;0;0;0;0;0;1;0;0;9.673;3.884;2;4;7;2.005;11.290;497;0;1;0;19;0;0;0;0;1;3;0;0;17.713
;08:7,01 a 10,00;1.667;2;3;5;940;2.426;276;1;0;0;12;0;0;0;4;0;0;0;0;5.336;797;0;0;0;1.208;2.026;163;0;1;0;6;0;0;0;1;0;1;0;0;4.203;2.464;2;3;5;2.148;4.452;439;1;1;0;18;0;0;0;5;0;1;0;0;9.539
;09:10,01 a 15,00;1.346;1;1;0;1.026;1.355;126;0;0;0;3;0;0;0;1;1;0;0;0;3.860;601;0;0;0;836;1.122;109;0;0;0;2;0;0;0;0;0;0;0;0;2.670;1.947;1;1;0;1.862;2.477;235;0;0;0;5;0;0;0;1;1;0;0;0;6.530
;10:15,01 a 20,00;517;0;0;0;797;454;124;0;0;0;0;0;0;0;7;0;0;0;0;1.899;200;0;0;0;463;336;109;0;0;0;0;0;0;0;0;1;0;0;0;1.109;717;0;0;0;1.260;790;233;0;0;0;0;0;0;0;7;1;0;0;0;3.008
;11:Mais de 20,00;453;0;0;0;895;937;46;1;0;0;0;0;0;0;2;0;0;0;0;2.334;121;0;0;0;669;287;29;0;0;0;0;0;0;0;0;0;0;0;0;1.106;574;0;0;0;1.564;1.224;75;1;0;0;0;0;0;0;2;0;0;0;0;3.440
;{ñ class};618;2;2;1;1;187;3;5;1;0;19;0;0;1;0;3;1;0;0;844;296;2;0;0;2;368;2;0;0;0;1;0;0;0;0;0;1;0;0;672;914;4;2;1;3;555;5;5;1;0;20;0;0;1;0;3;2;0;0;1.516
520870:Goiânia - GO;Total;169.007;1.952;651;1.450;45.005;3.420;8.742;294;1.419;2.805;918;67;13;11;71;106;8;5.161;0;241.100;103.591;2.215;313;178;70.260;2.164;10.857;5;667;2.241;705;28;2;1;21;34;0;7.950;0;201.232;272.598;4.167;964;1.628;115.265;5.584;19.599;299;2.086;5.046;1.623;95;15;12;92;140;8;13.111;0;442.332
;00:Até 0,50;173;2;0;1;8;0;128;23;0;1.494;0;0;0;0;0;0;0;0;0;1.829;172;2;0;0;1;0;26;0;1;1.273;2;0;0;0;0;0;0;0;0;1.477;345;4;0;1;9;0;154;23;1;2.767;2;0;0;0;0;0;0;0;0;3.306
;01:0,51 a 1,00;7.533;133;32;210;38;28;250;74;7;1.215;37;1;0;2;14;12;1;816;0;10.403;6.201;189;31;67;102;15;129;0;14;934;13;2;0;0;11;9;0;1.376;0;9.093;13.734;322;63;277;140;43;379;74;21;2.149;50;3;0;2;25;21;1;2.192;0;19.496
;02:1,01 a 1,50;57.279;951;293;558;1.658;1.417;1.583;76;204;91;313;36;9;4;10;39;3;969;0;65.493;49.932;1.668;161;86;6.857;1.361;2.721;2;125;33;178;20;1;1;4;17;0;1.964;0;65.131;107.211;2.619;454;644;8.515;2.778;4.304;78;329;124;491;56;10;5;14;56;3;2.933;0;130.624
;03:1,51 a 2,00;34.721;539;141;383;3.110;678;1.300;62;664;2;124;24;1;3;2;19;3;1.372;0;43.148;17.340;234;58;18;7.078;391;1.880;1;302;0;72;5;0;0;0;3;0;1.611;0;28.993;52.061;773;199;401;10.188;1.069;3.180;63;966;2;196;29;1;3;2;22;3;2.983;0;72.141
;04:2,01 a 3,00;29.897;232;107;238;3.152;635;1.698;42;392;1;137;4;2;2;7;6;0;1.431;0;37.983;12.480;87;30;3;10.186;176;2.027;0;111;0;96;0;1;0;0;4;0;2.100;0;27.301;42.377;319;137;241;13.338;811;3.725;42;503;1;233;4;3;2;7;10;0;3.531;0;65.284
;05:3,01 a 4,00;13.469;41;37;29;3.661;240;941;2;30;0;125;2;0;0;4;1;1;228;0;18.811;5.223;21;14;0;10.423;72;1.256;1;31;0;100;1;0;0;1;0;0;487;0;17.630;18.692;62;51;29;14.084;312;2.197;3;61;0;225;3;0;0;5;1;1;715;0;36.441
;06:4,01 a 5,00;6.315;22;19;10;9.828;111;652;3;15;0;64;0;0;0;3;1;0;221;0;17.264;2.904;6;5;1;11.289;46;859;0;27;0;91;0;0;0;1;0;0;251;0;15.480;9.219;28;24;11;21.117;157;1.511;3;42;0;155;0;0;0;4;1;0;472;0;32.744
;07:5,01 a 7,00;6.691;9;14;8;12.184;111;811;5;28;0;69;0;1;0;6;0;0;70;0;20.007;3.318;2;4;0;13.846;44;926;1;13;0;115;0;0;0;1;0;0;119;0;18.389;10.009;11;18;8;26.030;155;1.737;6;41;0;184;0;1;0;7;0;0;189;0;38.396
;08:7,01 a 10,00;4.980;1;4;6;4.262;82;675;0;26;0;24;0;0;0;6;7;0;39;0;10.112;2.622;1;8;2;5.656;27;602;0;12;0;29;0;0;0;1;1;0;36;0;8.997;7.602;2;12;8;9.918;109;1.277;0;38;0;53;0;0;0;7;8;0;75;0;19.109
;09:10,01 a 15,00;3.322;0;0;0;2.495;65;337;0;6;0;14;0;0;0;0;8;0;15;0;6.262;1.583;0;1;0;2.321;17;311;0;8;0;6;0;0;0;1;0;0;6;0;4.254;4.905;0;1;0;4.816;82;648;0;14;0;20;0;0;0;1;8;0;21;0;10.516
;10:15,01 a 20,00;1.544;0;1;1;1.748;30;127;0;44;0;2;0;0;0;0;3;0;0;0;3.500;643;0;0;0;1.093;11;42;0;22;0;1;0;0;0;0;0;0;0;0;1.812;2.187;0;1;1;2.841;41;169;0;66;0;3;0;0;0;0;3;0;0;0;5.312
;11:Mais de 20,00;1.668;0;0;0;2.854;22;238;0;2;0;1;0;0;0;19;9;0;0;0;4.813;474;0;0;0;1.401;4;77;0;1;0;0;0;0;0;0;0;0;0;0;1.957;2.142;0;0;0;4.255;26;315;0;3;0;1;0;0;0;19;9;0;0;0;6.770
;{ñ class};1.415;22;3;6;7;1;2;7;1;2;8;0;0;0;0;1;0;0;0;1.475;699;5;1;1;7;0;1;0;0;1;2;0;0;0;1;0;0;0;0;718;2.114;27;4;7;14;1;3;7;1;3;10;0;0;0;1;1;0;0;0;2.193
530010:Brasília - DF;Total;316.415;1.892;1.560;2.751;246.760;23;15.437;16;591;1.766;1.700;14;1;2;172;97;52;1;0;589.250;198.506;1.486;608;386;108.832;28;15.567;4;447;1.269;404;13;2;0;55;43;29;0;0;327.679;514.921;3.378;2.168;3.137;355.592;51;31.004;20;1.038;3.035;2.104;27;3;2;227;140;81;1;0;916.929
;00:Até 0,50;340;1;0;1;78;0;169;0;4;68;0;0;0;0;2;1;0;0;0;664;397;1;0;1;34;0;224;0;7;68;2;0;0;0;0;0;0;0;0;734;737;2;0;2;112;0;393;0;11;136;2;0;0;0;2;1;0;0;0;1.398
;01:0,51 a 1,00;4.126;123;31;447;3.900;0;528;0;21;1.362;42;0;0;0;17;1;1;0;0;10.599;3.691;104;17;88;104;0;672;0;22;979;2;1;0;0;11;1;0;0;0;5.692;7.817;227;48;535;4.004;0;1.200;0;43;2.341;44;1;0;0;28;2;1;0;0;16.291
;02:1,01 a 1,50;96.258;912;703;1.204;2.855;1;1.295;0;259;331;481;7;0;1;19;65;13;1;0;104.405;72.007;954;307;230;396;0;1.175;2;166;219;66;9;1;0;27;10;7;0;0;75.576;168.265;1.866;1.010;1.434;3.251;1;2.470;2;425;550;547;16;1;1;46;75;20;1;0;179.981
;03:1,51 a 2,00;61.091;480;334;644;1.373;0;955;3;131;0;421;7;0;1;20;9;13;0;0;65.482;37.848;231;114;41;490;1;1.371;0;73;1;67;3;1;0;2;7;13;0;0;40.263;98.939;711;448;685;1.863;1;2.326;3;204;1;488;10;1;1;22;16;26;0;0;105.745
;04:2,01 a 3,00;52.821;212;257;316;35.534;0;1.578;6;108;1;291;0;0;0;11;5;10;0;0;91.150;28.581;85;99;9;1.018;1;1.774;0;114;0;75;0;0;0;1;8;5;0;0;31.770;81.402;297;356;325;36.552;1;3.352;6;222;1;366;0;0;0;12;13;15;0;0;122.920
;05:3,01 a 4,00;29.662;36;108;63;16.452;1;1.755;1;18;0;172;0;0;0;11;5;2;0;0;48.286;13.629;23;30;7;2.397;2;1.677;1;17;0;54;0;0;0;1;2;3;0;0;17.843;43.291;59;138;70;18.849;3;3.432;2;35;0;226;0;0;0;12;7;5;0;0;66.129
;06:4,01 a 5,00;13.280;32;44;24;18.041;2;1.362;0;8;0;74;0;0;0;2;4;6;0;0;32.879;7.910;21;12;3;8.730;1;1.682;0;12;0;38;0;0;0;1;1;0;0;0;18.411;21.190;53;56;27;26.771;3;3.044;0;20;0;112;0;0;0;3;5;6;0;0;51.290
;07:5,01 a 7,00;13.932;26;35;11;41.041;3;1.365;2;17;1;70;0;0;0;7;4;5;0;0;56.519;9.133;14;11;2;16.690;5;1.493;0;12;0;40;0;0;0;4;6;0;0;0;27.410;23.065;40;46;13;57.731;8;2.858;2;29;1;110;0;0;0;11;10;5;0;0;83.929
;08:7,01 a 10,00;12.038;20;19;3;45.086;4;1.966;2;10;0;60;0;0;0;12;1;0;0;0;59.221;8.092;19;7;2;23.137;2;1.693;0;9;0;31;0;0;0;4;5;1;0;0;33.002;20.130;39;26;5;68.223;6;3.659;2;19;0;91;0;0;0;16;6;1;0;0;92.223
;09:10,01 a 15,00;11.647;14;11;0;32.392;0;2.041;0;4;0;26;0;1;0;3;2;2;0;0;46.143;7.112;15;7;1;28.742;3;1.981;1;2;0;16;0;0;0;1;2;0;0;0;37.883;18.759;29;18;1;61.134;3;4.022;1;6;0;42;0;1;0;4;4;2;0;0;84.026
;10:15,01 a 20,00;6.532;4;4;1;14.386;2;1.321;0;0;0;17;0;0;0;3;0;0;0;0;22.270;3.691;13;0;0;7.049;3;1.062;0;0;0;7;0;0;0;0;1;0;0;0;11.826;10.223;17;4;1;21.435;5;2.383;0;0;0;24;0;0;0;3;1;0;0;0;34.096
;11:Mais de 20,00;10.834;13;4;0;35.581;10;1.093;0;1;0;18;0;0;0;61;0;0;0;0;47.615;4.051;2;0;0;20.019;10;755;0;0;0;3;0;0;0;3;0;0;0;0;24.843;14.885;15;4;0;55.600;20;1.848;0;1;0;21;0;0;0;64;0;0;0;0;72.458
;{ñ class};3.854;19;10;37;41;0;9;2;10;3;28;0;0;0;4;0;0;0;0;4.017;2.364;4;4;2;26;0;8;0;13;2;3;0;0;0;0;0;0;0;0;2.426;6.218;23;14;39;67;0;17;2;23;5;31;0;0;0;4;0;0;0;0;6.443
{ñ class};Total;9.930.183;143.751;315.733;685.490;814.342;149.433;294.771;61.856;73.056;28.166;97.946;4.589;39.118;20.816;7.817;22.377;1.644;1.240;24.744;12.717.072;5.480.814;96.382;51.376;96.902;1.400.167;278.031;385.056;3.595;43.814;15.839;41.999;970;4.601;4.002;3.118;15.740;923;1.863;38.666;7.963.858;15.410.997;240.133;367.109;782.392;2.214.509;427.464;679.827;65.451;116.870;44.005;139.945;5.559;43.719;24.818;10.935;38.117;2.567;3.103;63.410;20.680.930
;00:Até 0,50;16.431;428;1.484;944;1.748;1.037;1.079;3.465;228;6.676;219;8;347;125;40;183;1;1;206;34.650;22.731;1.269;568;981;6.712;4.380;2.969;352;410;3.353;147;13;47;51;28;99;1;6;1.007;45.124;39.162;1.697;2.052;1.925;8.460;5.417;4.048;3.817;638;10.029;366;21;394;176;68;282;2;7;1.213;79.774
;01:0,51 a 1,00;328.216;16.422;35.034;87.689;58.488;14.577;33.656;12.400;2.731;16.196;4.659;350;6.750;2.987;1.825;1.994;120;94;5.021;629.209;340.177;17.733;8.054;19.539;123.338;33.368;56.113;1.092;3.628;10.202;3.524;332;1.037;821;1.154;1.279;164;55;8.484;630.094;668.393;34.155;43.088;107.228;181.826;47.945;89.769;13.492;6.359;26.398;8.183;682;7.787;3.808;2.979;3.273;284;149;13.505;1.259.303
;02:1,01 a 1,50;2.418.240;56.699;122.613;309.271;190.592;49.274;84.021;7.983;17.964;4.142;25.576;1.150;14.741;7.889;689;7.662;600;346;10.081;3.329.533;2.252.167;53.462;26.322;55.507;413.146;102.854;136.171;744;17.076;1.976;17.828;435;2.234;2.021;573;5.244;471;367;16.290;3.104.888;4.670.407;110.161;148.935;364.778;603.738;152.128;220.192;8.727;35.040;6.118;43.404;1.585;16.975;9.910;1.262;12.906;1.071;713;26.371;6.434.421
;03:1,51 a 2,00;2.104.449;32.501;76.518;141.216;126.820;25.391;42.422;6.363;22.237;744;21.309;1.149;7.813;4.258;494;3.911;278;210;3.425;2.621.508;1.210.172;14.967;9.975;12.374;216.972;44.084;53.448;239;11.482;139;7.201;114;761;723;308;1.869;112;430;4.331;1.589.701;3.314.621;47.468;86.493;153.590;343.792;69.475;95.870;6.602;33.719;883;28.510;1.263;8.574;4.981;802;5.780;390;640;7.756;4.211.209
;04:2,01 a 3,00;2.181.397;23.439;53.262;100.548;151.521;26.350;43.928;8.286;19.350;242;23.578;1.093;5.769;3.749;634;5.535;316;201;2.572;2.651.770;788.276;5.931;3.688;4.568;246.754;43.978;50.806;156;7.585;114;6.543;38;308;269;264;5.326;69;301;3.687;1.168.661;2.969.673;29.370;56.950;105.116;398.275;70.328;94.734;8.442;26.935;356;30.121;1.131;6.077;4.018;898;10.861;385;502;6.259;3.820.431
;05:3,01 a 4,00;986.640;7.053;12.462;24.568;80.275;12.215;24.406;3.751;5.316;31;10.625;492;2.433;1.217;419;1.340;177;164;901;1.174.485;287.829;1.365;694;1.142;138.531;20.733;26.977;77;1.377;10;2.590;15;108;23;142;652;31;335;1.682;484.313;1.274.469;8.418;13.156;25.710;218.806;32.948;51.383;3.828;6.693;41;13.215;507;2.541;1.240;561;1.992;208;499;2.583;1.658.798
;06:4,01 a 5,00;515.776;2.786;4.099;7.262;52.175;6.454;16.005;2.039;2.025;6;4.156;247;511;212;287;488;107;86;554;615.275;156.710;486;305;467;81.208;9.748;16.998;47;733;1;1.328;7;5;4;111;412;24;207;821;269.622;672.486;3.272;4.404;7.729;133.383;16.202;33.003;2.086;2.758;7;5.484;254;516;216;398;900;131;293;1.375;884.897
;07:5,01 a 7,00;499.236;1.673;2.828;4.278;55.523;6.041;19.780;2.815;1.385;4;3.493;56;201;52;396;431;14;87;615;598.908;156.722;353;252;341;83.781;8.537;18.978;48;585;2;1.319;2;5;0;92;350;19;116;1.033;272.535;655.958;2.026;3.080;4.619;139.304;14.578;38.758;2.863;1.970;6;4.812;58;206;52;488;781;33;203;1.648;871.443
;08:7,01 a 10,00;340.471;800;1.395;2.055;40.957;4.265;14.214;2.459;727;2;1.842;11;66;19;566;297;14;39;484;410.683;101.558;171;156;243;46.619;6.265;12.782;21;467;0;763;1;6;6;152;254;15;40;721;170.240;442.029;971;1.551;2.298;87.576;10.530;26.996;2.480;1.194;2;2.605;12;72;25;718;551;29;79;1.205;580.923
;09:10,01 a 15,00;215.957;326;771;652;26.110;1.918;8.874;2.046;298;1;879;3;17;6;432;203;1;8;427;258.929;60.765;67;90;59;23.034;2.092;5.827;7;114;0;322;0;1;1;65;108;9;6;285;92.852;276.722;393;861;711;49.144;4.010;14.701;2.053;412;1;1.201;3;18;7;497;311;10;14;712;351.781
;10:15,01 a 20,00;92.503;110;249;150;14.474;964;3.443;684;98;0;325;1;7;1;263;104;5;2;287;113.670;22.645;10;26;16;9.541;663;1.707;7;43;0;77;0;0;0;27;50;5;0;139;34.956;115.148;120;275;166;24.015;1.627;5.150;691;141;0;402;1;7;1;290;154;10;2;426;148.626
;11:Mais de 20,00;108.749;73;288;93;13.708;585;2.050;602;52;1;327;1;10;1;1.560;77;8;0;122;128.307;16.036;6;8;7;6.606;405;750;2;10;0;59;0;0;0;130;18;2;0;51;24.090;124.785;79;296;100;20.314;990;2.800;604;62;1;386;1;10;1;1.690;95;10;0;173;152.397
;{ñ class};122.118;1.441;4.730;6.764;1.951;362;893;8.963;645;121;958;28;453;300;212;152;3;2;49;150.145;65.026;562;1.238;1.658;3.925;924;1.530;803;304;42;298;13;89;83;72;79;1;0;135;76.782;187.144;2.003;5.968;8.422;5.876;1.286;2.423;9.766;949;163;1.256;41;542;383;284;231;4;2;184;226.927
Total;Total;15.988.616;171.974;328.835;699.891;2.397.657;183.874;540.010;84.153;124.371;52.348;140.208;5.782;39.260;20.999;13.678;32.248;2.291;12.493;26.857;20.865.545;9.362.747;140.390;54.805;98.772;3.249.199;323.551;756.314;4.574;90.668;33.177;70.483;1.448;4.656;4.037;4.893;24.327;1.350;24.390;39.923;14.289.704;25.351.363;312.364;383.640;798.663;5.646.856;507.425;1.296.324;88.727;215.039;85.525;210.691;7.230;43.916;25.036;18.571;56.575;3.641;36.883;66.780;35.155.249
;00:Até 0,50;26.003;479;1.572;952;4.515;1.439;3.969;5.152;334;12.157;334;10;350;125;76;312;1;140;206;58.126;34.512;1.468;579;996;11.247;5.142;9.643;474;564;7.297;213;17;49;51;41;276;2;288;1.008;73.867;60.515;1.947;2.151;1.948;15.762;6.581;13.612;5.626;898;19.454;547;27;399;176;117;588;3;428;1.214;131.993
;01:0,51 a 1,00;465.504;18.765;36.133;90.041;72.736;15.377;49.072;16.243;5.131;30.393;6.060;511;6.776;3.054;2.467;3.004;138;1.135;5.026;827.566;482.014;21.092;8.218;19.945;139.127;35.179;99.466;1.317;9.107;20.637;5.171;402;1.045;830;1.483;2.384;179;2.056;8.494;858.146;947.518;39.857;44.351;109.986;211.863;50.556;148.538;17.560;14.238;51.030;11.231;913;7.821;3.884;3.950;5.388;317;3.191;13.520;1.685.712
;02:1,01 a 1,50;3.903.819;69.360;128.116;315.792;245.712;53.817;115.237;10.992;36.764;8.163;36.187;1.728;14.794;7.951;1.029;10.531;872;1.642;10.264;4.972.770;3.558.384;78.934;27.689;56.594;536.918;109.515;189.200;953;38.270;4.711;24.745;734;2.249;2.040;846;7.829;701;3.554;16.458;4.660.324;7.462.203;148.294;155.805;372.386;782.630;163.332;304.437;11.945;75.034;12.874;60.932;2.462;17.043;9.991;1.875;18.360;1.573;5.196;26.722;9.633.094
;03:1,51 a 2,00;3.308.744;39.258;79.186;144.298;195.770;28.983;65.455;8.248;35.659;1.015;29.315;1.463;7.823;4.290;762;6.095;341;2.700;4.593;3.963.998;1.976.409;24.361;10.727;12.570;381.004;50.923;90.072;324;21.884;267;15.736;185;771;728;441;3.664;161;5.613;4.618;2.600.458;5.285.153;63.619;89.913;156.868;576.774;79.906;155.527;8.572;57.543;1.282;45.051;1.648;8.594;5.018;1.203;9.759;502;8.313;9.211;6.564.456
;04:2,01 a 3,00;3.422.144;27.612;54.999;102.143;346.076;30.582;89.539;10.217;29.388;336;32.576;1.185;5.792;3.766;1.039;7.415;435;3.098;2.837;4.171.179;1.387.986;9.676;4.214;4.639;584.271;50.425;118.089;205;12.937;152;10.755;66;315;269;463;6.452;113;6.172;3.902;2.201.101;4.810.130;37.288;59.213;106.782;930.347;81.007;207.628;10.422;42.325;488;43.331;1.251;6.107;4.035;1.502;13.867;548;9.270;6.739;6.372.280
;05:3,01 a 4,00;1.565.535;8.123;13.192;25.005;298.420;15.598;59.181;4.917;8.180;63;15.120;513;2.446;1.219;826;2.002;238;1.863;974;2.023.415;569.090;2.262;906;1.182;395.777;25.237;76.239;95;2.773;23;4.481;18;112;25;286;1.180;56;4.529;1.770;1.086.041;2.134.625;10.385;14.098;26.187;694.197;40.835;135.420;5.012;10.953;86;19.601;531;2.558;1.244;1.112;3.182;294;6.392;2.744;3.109.456
;06:4,01 a 5,00;821.582;3.192;4.446;7.385;279.390;10.656;37.192;2.919;3.194;20;6.294;259;514;212;493;770;141;789;621;1.180.069;323.469;809;406;486;322.511;14.653;53.333;55;1.499;6;2.926;7;5;4;198;716;32;1.266;904;723.285;1.145.051;4.001;4.852;7.871;601.901;25.309;90.525;2.974;4.693;26;9.220;266;519;216;691;1.486;173;2.055;1.525;1.903.354
;07:5,01 a 7,00;821.885;1.948;3.140;4.364;339.177;11.039;51.428;3.745;2.454;8;5.643;63;206;53;665;803;34;713;735;1.248.103;354.250;578;363;352;369.663;15.692;56.519;58;1.322;2;2.748;2;12;0;227;752;23;575;1.209;804.347;1.176.135;2.526;3.503;4.716;708.840;26.731;107.947;3.803;3.776;10;8.391;65;218;53;892;1.555;57;1.288;1.944;2.052.450
;08:7,01 a 10,00;594.446;950;1.577;2.115;231.425;7.763;30.998;3.418;1.286;4;3.538;15;68;20;1.037;488;38;285;626;880.097;258.340;304;235;255;225.258;9.303;30.430;32;931;0;1.774;1;8;6;292;489;46;240;859;528.803;852.786;1.254;1.812;2.370;456.683;17.066;61.428;3.450;2.217;4;5.312;16;76;26;1.329;977;84;525;1.485;1.408.900
;09:10,01 a 15,00;416.267;398;893;675;149.977;4.224;20.093;2.977;645;1;1.902;3;18;6;855;327;15;69;480;599.825;176.363;116;130;62;134.490;3.954;17.504;11;682;0;897;0;1;1;143;196;20;40;328;334.938;592.630;514;1.023;737;284.467;8.178;37.597;2.988;1.327;1;2.799;3;19;7;998;523;35;109;808;934.763
;10:15,01 a 20,00;190.335;137;299;155;86.047;1.797;8.643;1.123;219;0;802;2;8;1;488;155;24;10;310;290.555;70.256;36;45;16;58.297;1.196;5.924;7;107;0;312;0;0;0;75;135;13;5;169;136.593;260.591;173;344;171;144.344;2.993;14.567;1.130;326;0;1.114;2;8;1;563;290;37;15;479;427.148
;11:Mais de 20,00;262.339;112;352;94;145.269;2.045;6.870;1.243;152;1;1.106;1;11;1;3.453;159;9;9;128;423.354;65.073;18;20;7;85.350;1.037;3.747;6;54;0;268;0;0;0;274;139;2;7;54;156.056;327.412;130;372;101;230.619;3.082;10.617;1.249;206;1;1.374;1;11;1;3.727;298;11;16;182;579.410
;{ñ class};190.013;1.640;4.930;6.872;3.143;554;2.333;12.959;965;187;1.331;29;454;301;488;187;5;40;57;226.488;106.601;736;1.273;1.668;5.286;1.295;6.148;1.037;538;82;457;16;89;83;124;115;2;45;150;125.745;296.614;2.376;6.203;8.540;8.429;1.849;8.481;13.996;1.503;269;1.788;45;543;384;612;302;7;85;207;352.233

Seleções vigentes
Variável;Critério;Valor
Ano;igual a;2006
Vínculo Ativo 31/12;igual a;Sim
