;;Sexo Trabalhador;Faixa Etária
Capital; Faixa Remun Média (SM); 01:Masculino;01:Masculino;01:Masculino;01:Masculino;01:Masculino;01:Masculino;01:Masculino;01:Masculino;01:Masculino;01:Masculino;02:Feminino;02:Feminino;02:Feminino;02:Feminino;02:Feminino;02:Feminino;02:Feminino;02:Feminino;02:Feminino;02:Feminino;Total;Total;Total;Total;Total;Total;Total;Total;Total;Total
;01:10 A 14;02:15 A 17;03:18 A 24;04:25 A 29;05:30 A 39;06:40 A 49;07:50 A 64;08:65 OU MAIS;{ñ class};Total;01:10 A 14;02:15 A 17;03:18 A 24;04:25 A 29;05:30 A 39;06:40 A 49;07:50 A 64;08:65 OU MAIS;{ñ class};Total;01:10 A 14;02:15 A 17;03:18 A 24;04:25 A 29;05:30 A 39;06:40 A 49;07:50 A 64;08:65 OU MAIS;{ñ class};Total
110020:Porto Velho - RO;Total;6;283;7.837;9.938;16.896;15.387;8.348;619;1;59.315;3;177;5.276;6.840;14.585;16.215;9.124;422;0;52.642;9;460;13.113;16.778;31.481;31.602;17.472;1.041;1;111.957
;00:Até 0,50;2;34;15;7;14;9;7;1;0;89;0;23;14;8;18;14;4;0;0;81;2;57;29;15;32;23;11;1;0;170
;01:0,51 a 1,00;4;113;371;209;293;201;128;15;0;1.334;0;103;240;153;239;200;124;10;0;1.069;4;216;611;362;532;401;252;25;0;2.403
;02:1,01 a 1,50;0;124;3.938;2.954;3.525;2.089;1.228;118;0;13.976;2;45;2.931;2.453;3.916;3.280;2.107;105;0;14.839;2;169;6.869;5.407;7.441;5.369;3.335;223;0;28.815
;03:1,51 a 2,00;0;9;1.788;2.299;3.222;1.899;1.063;114;0;10.394;0;4;977;1.152;1.916;1.756;1.076;62;0;6.943;0;13;2.765;3.451;5.138;3.655;2.139;176;0;17.337
;04:2,01 a 3,00;0;2;878;1.490;2.768;2.011;1.000;83;1;8.233;1;1;558;1.019;2.312;2.200;1.279;42;0;7.412;1;3;1.436;2.509;5.080;4.211;2.279;125;1;15.645
;05:3,01 a 4,00;0;0;456;1.191;1.891;1.246;575;32;0;5.391;0;0;283;1.021;3.069;2.603;979;30;0;7.985;0;0;739;2.212;4.960;3.849;1.554;62;0;13.376
;06:4,01 a 5,00;0;0;149;892;1.297;1.143;700;70;0;4.251;0;0;117;473;1.394;2.191;1.222;62;0;5.459;0;0;266;1.365;2.691;3.334;1.922;132;0;9.710
;07:5,01 a 7,00;0;0;100;287;1.659;2.567;1.113;84;0;5.810;0;0;73;216;544;1.380;1.092;78;0;3.383;0;0;173;503;2.203;3.947;2.205;162;0;9.193
;08:7,01 a 10,00;0;0;53;191;771;1.693;1.082;33;0;3.823;0;0;30;149;493;1.287;623;17;0;2.599;0;0;83;340;1.264;2.980;1.705;50;0;6.422
;09:10,01 a 15,00;0;0;28;141;519;1.021;561;26;0;2.296;0;0;26;91;287;588;260;6;0;1.258;0;0;54;232;806;1.609;821;32;0;3.554
;10:15,01 a 20,00;0;0;39;164;481;496;250;18;0;1.448;0;0;13;48;186;260;117;4;0;628;0;0;52;212;667;756;367;22;0;2.076
;11:Mais de 20,00;0;0;8;83;377;934;579;24;0;2.005;0;0;4;45;182;425;217;5;0;878;0;0;12;128;559;1.359;796;29;0;2.883
;{ñ class};0;1;14;30;79;78;62;1;0;265;0;1;10;12;29;31;24;1;0;108;0;2;24;42;108;109;86;2;0;373
120040:Rio Branco - AC;Total;3;147;5.821;6.841;11.153;8.118;4.947;503;0;37.533;1;110;3.209;4.273;9.538;9.172;5.562;393;0;32.258;4;257;9.030;11.114;20.691;17.290;10.509;896;0;69.791
;00:Até 0,50;2;37;21;3;6;2;1;0;0;72;0;34;15;2;2;4;1;0;0;58;2;71;36;5;8;6;2;0;0;130
;01:0,51 a 1,00;1;55;239;174;205;132;82;6;0;894;1;42;122;114;154;89;20;1;0;543;2;97;361;288;359;221;102;7;0;1.437
;02:1,01 a 1,50;0;52;3.502;2.776;2.873;1.268;708;72;0;11.251;0;30;1.897;1.760;2.272;1.266;747;67;0;8.039;0;82;5.399;4.536;5.145;2.534;1.455;139;0;19.290
;03:1,51 a 2,00;0;1;1.086;1.478;1.980;941;590;110;0;6.186;0;3;504;679;1.267;1.004;872;107;0;4.436;0;4;1.590;2.157;3.247;1.945;1.462;217;0;10.622
;04:2,01 a 3,00;0;0;532;975;1.817;1.266;796;109;0;5.495;0;1;344;581;1.668;1.962;1.420;106;0;6.082;0;1;876;1.556;3.485;3.228;2.216;215;0;11.577
;05:3,01 a 4,00;0;0;206;502;1.033;863;497;33;0;3.134;0;0;123;345;1.085;1.184;684;29;0;3.450;0;0;329;847;2.118;2.047;1.181;62;0;6.584
;06:4,01 a 5,00;0;0;75;358;1.237;973;398;27;0;3.068;0;0;70;240;917;1.010;486;17;0;2.740;0;0;145;598;2.154;1.983;884;44;0;5.808
;07:5,01 a 7,00;0;1;113;295;833;1.013;650;59;0;2.964;0;0;92;347;1.070;1.184;522;25;0;3.240;0;1;205;642;1.903;2.197;1.172;84;0;6.204
;08:7,01 a 10,00;0;0;14;88;390;615;454;48;0;1.609;0;0;30;113;536;658;329;15;0;1.681;0;0;44;201;926;1.273;783;63;0;3.290
;09:10,01 a 15,00;0;0;11;69;304;474;281;13;0;1.152;0;0;9;51;367;522;289;11;0;1.249;0;0;20;120;671;996;570;24;0;2.401
;10:15,01 a 20,00;0;0;2;43;183;205;126;7;0;566;0;0;0;21;71;134;74;3;0;303;0;0;2;64;254;339;200;10;0;869
;11:Mais de 20,00;0;0;3;53;208;277;306;17;0;864;0;0;1;16;106;133;97;12;0;365;0;0;4;69;314;410;403;29;0;1.229
;{ñ class};0;1;17;27;84;89;58;2;0;278;0;0;2;4;23;22;21;0;0;72;0;1;19;31;107;111;79;2;0;350
130260:Manaus - AM;Total;17;1.307;40.470;45.126;68.826;42.579;21.655;1.867;2;221.849;6;961;25.917;28.746;48.073;34.033;20.639;1.356;0;159.731;23;2.268;66.387;73.872;116.899;76.612;42.294;3.223;2;381.580
;00:Até 0,50;10;224;111;17;22;25;9;1;0;419;4;232;84;8;30;24;13;1;0;396;14;456;195;25;52;49;22;2;0;815
;01:0,51 a 1,00;4;609;1.146;794;920;341;152;13;0;3.979;2;421;965;610;908;407;135;4;0;3.452;6;1.030;2.111;1.404;1.828;748;287;17;0;7.431
;02:1,01 a 1,50;1;419;17.052;11.940;11.761;4.534;1.954;156;0;47.817;0;277;13.294;9.206;11.274;5.742;2.165;71;0;42.029;1;696;30.346;21.146;23.035;10.276;4.119;227;0;89.846
;03:1,51 a 2,00;1;36;9.779;9.830;11.879;5.420;2.443;303;0;39.691;0;19;5.114;5.802;7.684;3.932;2.737;284;0;25.572;1;55;14.893;15.632;19.563;9.352;5.180;587;0;65.263
;04:2,01 a 3,00;0;7;7.722;10.655;16.467;9.063;4.070;367;0;48.351;0;6;3.609;5.622;10.286;7.385;5.316;508;0;32.732;0;13;11.331;16.277;26.753;16.448;9.386;875;0;81.083
;05:3,01 a 4,00;0;4;2.431;4.548;8.801;5.860;3.040;241;1;24.926;0;3;1.473;2.912;6.330;4.804;3.301;225;0;19.048;0;7;3.904;7.460;15.131;10.664;6.341;466;1;43.974
;06:4,01 a 5,00;0;3;872;2.351;5.098;3.675;1.902;163;1;14.065;0;1;550;1.313;2.713;2.173;1.260;62;0;8.072;0;4;1.422;3.664;7.811;5.848;3.162;225;1;22.137
;07:5,01 a 7,00;1;1;739;2.090;4.874;4.182;2.277;162;0;14.326;0;0;485;1.326;3.414;4.066;2.286;59;0;11.636;1;1;1.224;3.416;8.288;8.248;4.563;221;0;25.962
;08:7,01 a 10,00;0;1;375;1.372;3.849;3.659;2.279;160;0;11.695;0;0;199;1.118;2.885;2.693;1.772;68;0;8.735;0;1;574;2.490;6.734;6.352;4.051;228;0;20.430
;09:10,01 a 15,00;0;1;134;779;2.382;2.525;1.201;98;0;7.120;0;0;84;505;1.315;1.303;703;36;0;3.946;0;1;218;1.284;3.697;3.828;1.904;134;0;11.066
;10:15,01 a 20,00;0;0;42;399;1.197;1.089;742;47;0;3.516;0;0;17;120;576;570;350;15;0;1.648;0;0;59;519;1.773;1.659;1.092;62;0;5.164
;11:Mais de 20,00;0;0;11;247;1.252;1.852;1.346;138;0;4.846;0;0;8;127;456;786;505;21;0;1.903;0;0;19;374;1.708;2.638;1.851;159;0;6.749
;{ñ class};0;2;56;104;324;354;240;18;0;1.098;0;2;35;77;202;148;96;2;0;562;0;4;91;181;526;502;336;20;0;1.660
140010:Boa Vista - RR;Total;0;90;3.569;3.472;5.137;4.327;2.412;242;0;19.249;2;84;2.691;2.345;3.684;4.004;2.289;142;0;15.241;2;174;6.260;5.817;8.821;8.331;4.701;384;0;34.490
;00:Até 0,50;0;13;2;0;0;1;0;0;0;16;2;17;3;2;0;1;0;0;0;25;2;30;5;2;0;2;0;0;0;41
;01:0,51 a 1,00;0;21;263;161;154;83;58;7;0;747;0;21;224;169;276;140;45;1;0;876;0;42;487;330;430;223;103;8;0;1.623
;02:1,01 a 1,50;0;53;2.115;1.651;1.571;622;294;37;0;6.343;0;45;1.753;1.273;1.492;830;300;7;0;5.700;0;98;3.868;2.924;3.063;1.452;594;44;0;12.043
;03:1,51 a 2,00;0;3;479;583;739;292;144;12;0;2.252;0;1;321;249;295;161;45;2;0;1.074;0;4;800;832;1.034;453;189;14;0;3.326
;04:2,01 a 3,00;0;0;429;485;776;430;169;18;0;2.307;0;0;209;248;349;141;51;3;0;1.001;0;0;638;733;1.125;571;220;21;0;3.308
;05:3,01 a 4,00;0;0;148;184;385;359;232;40;0;1.348;0;0;60;106;236;293;325;29;0;1.049;0;0;208;290;621;652;557;69;0;2.397
;06:4,01 a 5,00;0;0;54;122;374;701;409;60;0;1.720;0;0;44;95;340;774;568;55;0;1.876;0;0;98;217;714;1.475;977;115;0;3.596
;07:5,01 a 7,00;0;0;46;109;346;715;519;44;0;1.779;0;0;49;76;273;871;578;39;0;1.886;0;0;95;185;619;1.586;1.097;83;0;3.665
;08:7,01 a 10,00;0;0;11;72;279;468;303;14;0;1.147;0;0;21;54;184;502;277;5;0;1.043;0;0;32;126;463;970;580;19;0;2.190
;09:10,01 a 15,00;0;0;6;44;245;255;108;4;0;662;0;0;2;38;113;110;45;1;0;309;0;0;8;82;358;365;153;5;0;971
;10:15,01 a 20,00;0;0;10;38;113;122;47;0;0;330;0;0;1;24;52;59;15;0;0;151;0;0;11;62;165;181;62;0;0;481
;11:Mais de 20,00;0;0;0;16;138;260;119;5;0;538;0;0;2;7;66;115;39;0;0;229;0;0;2;23;204;375;158;5;0;767
;{ñ class};0;0;6;7;17;19;10;1;0;60;0;0;2;4;8;7;1;0;0;22;0;0;8;11;25;26;11;1;0;82
150140:Belém - PA;Total;10;557;21.883;31.900;61.939;43.153;25.029;1.697;7;186.175;5;444;12.351;18.870;38.322;36.714;21.956;763;1;129.426;15;1.001;34.234;50.770;100.261;79.867;46.985;2.460;8;315.601
;00:Até 0,50;4;241;273;110;162;110;48;1;0;949;2;217;160;48;95;45;11;2;0;580;6;458;433;158;257;155;59;3;0;1.529
;01:0,51 a 1,00;5;246;2.620;1.829;2.026;974;459;39;0;8.198;3;181;1.329;980;1.849;1.773;1.186;44;1;7.346;8;427;3.949;2.809;3.875;2.747;1.645;83;1;15.544
;02:1,01 a 1,50;0;55;11.490;12.570;15.522;7.652;3.703;346;1;51.339;0;35;7.005;8.352;11.710;8.680;5.645;140;0;41.567;0;90;18.495;20.922;27.232;16.332;9.348;486;1;92.906
;03:1,51 a 2,00;1;11;3.254;6.323;10.767;6.452;3.614;234;3;30.659;0;6;1.873;3.305;5.404;3.711;1.953;97;0;16.349;1;17;5.127;9.628;16.171;10.163;5.567;331;3;47.008
;04:2,01 a 3,00;0;1;2.872;6.117;11.550;6.795;3.507;241;2;31.085;0;2;1.139;2.642;6.467;5.169;2.553;88;0;18.060;0;3;4.011;8.759;18.017;11.964;6.060;329;2;49.145
;05:3,01 a 4,00;0;1;616;1.606;9.995;5.263;1.907;126;1;19.515;0;0;349;1.002;3.843;4.534;2.323;69;0;12.120;0;1;965;2.608;13.838;9.797;4.230;195;1;31.635
;06:4,01 a 5,00;0;0;354;1.336;3.828;3.945;1.885;128;0;11.476;0;0;244;1.091;3.085;3.044;1.539;70;0;9.073;0;0;598;2.427;6.913;6.989;3.424;198;0;20.549
;07:5,01 a 7,00;0;1;169;829;3.024;4.291;3.423;214;0;11.951;0;1;117;729;2.816;4.086;2.442;98;0;10.289;0;2;286;1.558;5.840;8.377;5.865;312;0;22.240
;08:7,01 a 10,00;0;0;89;516;2.013;2.817;2.438;150;0;8.023;0;1;62;349;1.337;2.559;2.005;64;0;6.377;0;1;151;865;3.350;5.376;4.443;214;0;14.400
;09:10,01 a 15,00;0;0;37;266;1.245;2.096;1.731;86;0;5.461;0;0;29;186;777;1.425;1.037;35;0;3.489;0;0;66;452;2.022;3.521;2.768;121;0;8.950
;10:15,01 a 20,00;0;0;15;186;765;1.003;759;46;0;2.774;0;0;11;73;395;680;442;17;0;1.618;0;0;26;259;1.160;1.683;1.201;63;0;4.392
;11:Mais de 20,00;0;0;6;67;621;1.299;1.234;72;0;3.299;0;0;0;63;380;809;696;33;0;1.981;0;0;6;130;1.001;2.108;1.930;105;0;5.280
;{ñ class};0;1;88;145;421;456;321;14;0;1.446;0;1;33;50;164;199;124;6;0;577;0;2;121;195;585;655;445;20;0;2.023
160030:Macapá - AP;Total;2;116;5.216;6.318;12.080;8.040;4.273;374;1;36.420;1;97;3.638;4.493;9.950;7.545;3.907;249;0;29.880;3;213;8.854;10.811;22.030;15.585;8.180;623;1;66.300
;00:Até 0,50;1;38;51;6;11;0;0;0;0;107;1;40;36;1;5;0;0;0;0;83;2;78;87;7;16;0;0;0;0;190
;01:0,51 a 1,00;1;45;839;433;438;157;78;11;0;2.002;0;36;596;344;367;155;44;2;0;1.544;1;81;1.435;777;805;312;122;13;0;3.546
;02:1,01 a 1,50;0;29;2.648;2.297;2.403;984;437;42;0;8.840;0;15;1.768;1.586;2.261;1.369;567;15;0;7.581;0;44;4.416;3.883;4.664;2.353;1.004;57;0;16.421
;03:1,51 a 2,00;0;3;821;1.158;1.693;732;332;26;0;4.765;0;4;538;688;929;413;189;10;0;2.771;0;7;1.359;1.846;2.622;1.145;521;36;0;7.536
;04:2,01 a 3,00;0;1;450;1.081;1.936;1.033;472;46;0;5.019;0;2;320;570;890;396;210;17;0;2.405;0;3;770;1.651;2.826;1.429;682;63;0;7.424
;05:3,01 a 4,00;0;0;135;384;1.040;744;404;43;1;2.751;0;0;104;316;665;558;445;50;0;2.138;0;0;239;700;1.705;1.302;849;93;1;4.889
;06:4,01 a 5,00;0;0;84;210;630;857;444;53;0;2.278;0;0;81;245;724;1.057;603;40;0;2.750;0;0;165;455;1.354;1.914;1.047;93;0;5.028
;07:5,01 a 7,00;0;0;112;420;1.848;1.220;837;84;0;4.521;0;0;112;357;2.087;1.513;791;60;0;4.920;0;0;224;777;3.935;2.733;1.628;144;0;9.441
;08:7,01 a 10,00;0;0;43;179;1.015;949;563;37;0;2.786;0;0;38;223;1.256;962;512;38;0;3.029;0;0;81;402;2.271;1.911;1.075;75;0;5.815
;09:10,01 a 15,00;0;0;24;81;616;599;313;13;0;1.646;0;0;34;106;527;777;349;11;0;1.804;0;0;58;187;1.143;1.376;662;24;0;3.450
;10:15,01 a 20,00;0;0;3;33;176;259;155;3;0;629;0;0;10;32;99;133;96;2;0;372;0;0;13;65;275;392;251;5;0;1.001
;11:Mais de 20,00;0;0;1;23;231;469;207;14;0;945;0;0;0;17;107;194;89;2;0;409;0;0;1;40;338;663;296;16;0;1.354
;{ñ class};0;0;5;13;43;37;31;2;0;131;0;0;1;8;33;18;12;2;0;74;0;0;6;21;76;55;43;4;0;205
172100:Palmas - TO;Total;3;167;7.321;8.462;14.408;8.899;5.325;441;0;45.026;1;91;5.172;7.220;14.903;11.895;5.374;137;0;44.793;4;258;12.493;15.682;29.311;20.794;10.699;578;0;89.819
;00:Até 0,50;1;6;7;4;2;3;2;0;0;25;0;3;9;7;7;7;1;0;0;34;1;9;16;11;9;10;3;0;0;59
;01:0,51 a 1,00;2;64;563;193;199;62;45;2;0;1.130;1;34;402;249;297;129;44;2;0;1.158;3;98;965;442;496;191;89;4;0;2.288
;02:1,01 a 1,50;0;91;3.180;2.256;2.550;1.392;1.110;143;0;10.722;0;51;2.103;1.967;3.089;2.834;1.900;42;0;11.986;0;142;5.283;4.223;5.639;4.226;3.010;185;0;22.708
;03:1,51 a 2,00;0;4;1.106;1.382;1.869;941;539;56;0;5.897;0;2;837;1.009;1.538;910;291;11;0;4.598;0;6;1.943;2.391;3.407;1.851;830;67;0;10.495
;04:2,01 a 3,00;0;2;1.356;1.754;2.523;1.376;824;61;0;7.896;0;0;914;1.261;2.640;1.928;862;30;0;7.635;0;2;2.270;3.015;5.163;3.304;1.686;91;0;15.531
;05:3,01 a 4,00;0;0;414;892;1.406;856;513;32;0;4.113;0;0;340;831;1.805;1.163;447;11;0;4.597;0;0;754;1.723;3.211;2.019;960;43;0;8.710
;06:4,01 a 5,00;0;0;456;837;1.685;878;511;32;0;4.399;0;0;282;625;1.082;900;329;9;0;3.227;0;0;738;1.462;2.767;1.778;840;41;0;7.626
;07:5,01 a 7,00;0;0;133;633;2.181;1.310;569;32;0;4.858;0;0;178;798;2.847;2.717;1.044;11;0;7.595;0;0;311;1.431;5.028;4.027;1.613;43;0;12.453
;08:7,01 a 10,00;0;0;61;243;929;825;408;24;0;2.490;0;0;72;285;893;688;238;7;0;2.183;0;0;133;528;1.822;1.513;646;31;0;4.673
;09:10,01 a 15,00;0;0;21;123;564;560;335;27;0;1.630;0;0;29;126;448;366;112;8;0;1.089;0;0;50;249;1.012;926;447;35;0;2.719
;10:15,01 a 20,00;0;0;14;89;272;301;178;14;0;868;0;0;2;46;144;106;48;2;0;348;0;0;16;135;416;407;226;16;0;1.216
;11:Mais de 20,00;0;0;3;50;206;359;262;18;0;898;0;0;1;14;104;136;54;4;0;313;0;0;4;64;310;495;316;22;0;1.211
;{ñ class};0;0;7;6;22;36;29;0;0;100;0;1;3;2;9;11;4;0;0;30;0;1;10;8;31;47;33;0;0;130
211130:São Luiz - MA;Total;0;201;15.471;19.953;37.362;30.346;18.902;1.496;0;123.731;2;183;8.924;11.574;24.255;27.765;20.396;902;1;94.002;2;384;24.395;31.527;61.617;58.111;39.298;2.398;1;217.733
;00:Até 0,50;0;33;66;58;120;125;68;5;0;475;0;22;31;23;28;18;7;0;0;129;0;55;97;81;148;143;75;5;0;604
;01:0,51 a 1,00;0;77;858;639;801;468;241;20;0;3.104;2;82;645;500;685;388;147;5;0;2.454;2;159;1.503;1.139;1.486;856;388;25;0;5.558
;02:1,01 a 1,50;0;84;9.799;9.318;12.039;6.414;3.701;323;0;41.678;0;73;5.954;6.004;9.694;8.019;5.640;215;1;35.600;0;157;15.753;15.322;21.733;14.433;9.341;538;1;77.278
;03:1,51 a 2,00;0;3;2.350;3.869;7.019;4.832;2.697;173;0;20.943;0;4;970;1.531;3.382;3.138;1.781;88;0;10.894;0;7;3.320;5.400;10.401;7.970;4.478;261;0;31.837
;04:2,01 a 3,00;0;3;1.111;2.185;5.690;5.125;3.176;358;0;17.648;0;1;574;1.353;3.676;6.225;4.870;206;0;16.905;0;4;1.685;3.538;9.366;11.350;8.046;564;0;34.553
;05:3,01 a 4,00;0;1;480;1.358;3.484;2.658;1.509;87;0;9.577;0;0;297;853;2.297;2.260;1.517;68;0;7.292;0;1;777;2.211;5.781;4.918;3.026;155;0;16.869
;06:4,01 a 5,00;0;0;316;859;2.970;3.391;1.800;113;0;9.449;0;0;143;449;1.750;2.903;2.279;114;0;7.638;0;0;459;1.308;4.720;6.294;4.079;227;0;17.087
;07:5,01 a 7,00;0;0;223;688;1.849;2.913;2.416;211;0;8.300;0;0;174;368;1.037;2.359;2.399;109;0;6.446;0;0;397;1.056;2.886;5.272;4.815;320;0;14.746
;08:7,01 a 10,00;0;0;100;406;1.190;1.346;1.012;48;0;4.102;0;0;41;193;644;994;792;32;0;2.696;0;0;141;599;1.834;2.340;1.804;80;0;6.798
;09:10,01 a 15,00;0;0;50;279;890;1.335;912;61;0;3.527;0;0;27;132;395;761;528;22;0;1.865;0;0;77;411;1.285;2.096;1.440;83;0;5.392
;10:15,01 a 20,00;0;0;47;115;560;653;457;32;0;1.864;0;1;53;93;286;265;161;25;0;884;0;1;100;208;846;918;618;57;0;2.748
;11:Mais de 20,00;0;0;8;84;513;824;717;55;0;2.201;0;0;4;60;302;329;209;16;0;920;0;0;12;144;815;1.153;926;71;0;3.121
;{ñ class};0;0;63;95;237;262;196;10;0;863;0;0;11;15;79;106;66;2;0;279;0;0;74;110;316;368;262;12;0;1.142
221100:Terezina - PI;Total;12;344;13.510;16.947;29.823;25.103;17.876;1.888;2;105.505;2;220;7.772;10.683;20.263;24.403;22.129;3.883;4;89.359;14;564;21.282;27.630;50.086;49.506;40.005;5.771;6;194.864
;00:Até 0,50;2;76;76;68;132;95;76;0;0;525;0;61;37;56;91;73;31;1;0;350;2;137;113;124;223;168;107;1;0;875
;01:0,51 a 1,00;9;127;1.540;1.231;1.522;893;381;56;0;5.759;2;103;789;725;1.076;624;296;90;0;3.705;11;230;2.329;1.956;2.598;1.517;677;146;0;9.464
;02:1,01 a 1,50;0;132;9.170;9.558;12.503;6.913;3.988;731;0;42.995;0;51;5.316;5.976;9.138;5.831;4.061;1.722;1;32.096;0;183;14.486;15.534;21.641;12.744;8.049;2.453;1;75.091
;03:1,51 a 2,00;1;3;1.427;2.662;4.461;3.223;1.941;191;0;13.909;0;2;711;1.317;2.349;2.561;1.914;342;0;9.196;1;5;2.138;3.979;6.810;5.784;3.855;533;0;23.105
;04:2,01 a 3,00;0;3;813;1.878;5.396;4.364;2.581;222;0;15.257;0;0;574;1.405;3.504;4.314;2.973;396;1;13.167;0;3;1.387;3.283;8.900;8.678;5.554;618;1;28.424
;05:3,01 a 4,00;0;0;207;585;2.430;3.070;2.161;225;0;8.678;0;1;146;469;1.740;6.279;9.367;1.171;1;19.174;0;1;353;1.054;4.170;9.349;11.528;1.396;1;27.852
;06:4,01 a 5,00;0;0;88;267;827;1.485;1.268;91;1;4.027;0;0;64;210;663;1.472;1.113;81;0;3.603;0;0;152;477;1.490;2.957;2.381;172;1;7.630
;07:5,01 a 7,00;0;0;76;229;864;1.943;1.835;158;1;5.106;0;0;53;195;690;1.380;882;38;0;3.238;0;0;129;424;1.554;3.323;2.717;196;1;8.344
;08:7,01 a 10,00;0;0;23;155;554;1.289;1.498;98;0;3.617;0;0;23;105;345;814;685;22;0;1.994;0;0;46;260;899;2.103;2.183;120;0;5.611
;09:10,01 a 15,00;0;1;30;142;469;766;924;38;0;2.370;0;0;25;142;282;532;399;11;1;1.392;0;1;55;284;751;1.298;1.323;49;1;3.762
;10:15,01 a 20,00;0;0;10;58;302;420;489;26;0;1.305;0;0;3;32;177;244;194;3;0;653;0;0;13;90;479;664;683;29;0;1.958
;11:Mais de 20,00;0;0;1;41;268;513;615;40;0;1.478;0;0;0;27;167;238;193;4;0;629;0;0;1;68;435;751;808;44;0;2.107
;{ñ class};0;2;49;73;95;129;119;12;0;479;0;2;31;24;41;41;21;2;0;162;0;4;80;97;136;170;140;14;0;641
230440:Fortaleza - CE;Total;3;975;46.291;52.614;90.196;67.243;39.093;3.683;5;300.103;1;876;31.841;34.191;56.516;54.897;40.170;4.196;3;222.691;4;1.851;78.132;86.805;146.712;122.140;79.263;7.879;8;522.794
;00:Até 0,50;0;127;362;188;248;133;79;5;0;1.142;0;105;220;148;269;186;55;4;0;987;0;232;582;336;517;319;134;9;0;2.129
;01:0,51 a 1,00;2;568;5.930;3.601;4.485;2.187;917;49;0;17.739;0;570;4.267;2.485;3.262;1.850;605;33;0;13.072;2;1.138;10.197;6.086;7.747;4.037;1.522;82;0;30.811
;02:1,01 a 1,50;1;261;31.205;28.704;38.744;20.696;9.692;1.128;0;130.431;1;186;21.779;19.831;28.103;19.486;11.997;1.831;1;103.215;2;447;52.984;48.535;66.847;40.182;21.689;2.959;1;233.646
;03:1,51 a 2,00;0;8;4.987;8.309;15.647;11.118;5.415;447;1;45.932;0;8;2.981;4.153;7.058;6.278;4.194;510;0;25.182;0;16;7.968;12.462;22.705;17.396;9.609;957;1;71.114
;04:2,01 a 3,00;0;8;2.016;4.379;8.941;7.407;4.592;504;1;27.848;0;4;1.411;3.100;5.690;6.232;6.253;687;0;23.377;0;12;3.427;7.479;14.631;13.639;10.845;1.191;1;51.225
;05:3,01 a 4,00;0;1;792;3.604;9.836;6.435;2.958;279;1;23.906;0;2;566;1.809;3.749;4.393;3.768;314;0;14.601;0;3;1.358;5.413;13.585;10.828;6.726;593;1;38.507
;06:4,01 a 5,00;0;0;348;1.078;3.301;4.012;2.485;192;0;11.416;0;0;251;893;2.088;2.906;2.231;162;0;8.531;0;0;599;1.971;5.389;6.918;4.716;354;0;19.947
;07:5,01 a 7,00;0;0;292;1.017;2.802;5.258;3.938;300;1;13.608;0;0;164;719;2.464;5.976;5.139;334;0;14.796;0;0;456;1.736;5.266;11.234;9.077;634;1;28.404
;08:7,01 a 10,00;0;1;164;832;2.304;3.318;2.990;245;0;9.854;0;0;99;534;1.691;3.513;2.780;156;1;8.774;0;1;263;1.366;3.995;6.831;5.770;401;1;18.628
;09:10,01 a 15,00;0;0;65;419;1.622;2.530;2.153;173;1;6.963;0;0;40;290;878;1.661;1.291;81;1;4.242;0;0;105;709;2.500;4.191;3.444;254;2;11.205
;10:15,01 a 20,00;0;0;26;242;886;1.333;1.193;81;0;3.761;0;0;12;113;489;816;595;12;0;2.037;0;0;38;355;1.375;2.149;1.788;93;0;5.798
;11:Mais de 20,00;0;0;4;87;982;2.338;2.211;230;0;5.852;0;0;6;47;578;1.324;1.081;66;0;3.102;0;0;10;134;1.560;3.662;3.292;296;0;8.954
;{ñ class};0;1;100;154;398;478;470;50;0;1.651;0;1;45;69;197;276;181;6;0;775;0;2;145;223;595;754;651;56;0;2.426
240810:Natal - RN;Total;4;648;21.228;22.814;39.761;33.706;18.781;1.258;0;138.200;0;600;14.516;14.801;26.231;34.429;20.735;1.069;1;112.382;4;1.248;35.744;37.615;65.992;68.135;39.516;2.327;1;250.582
;00:Até 0,50;1;119;202;37;49;38;18;0;0;464;0;104;156;29;52;52;20;4;0;417;1;223;358;66;101;90;38;4;0;881
;01:0,51 a 1,00;2;317;2.173;1.083;1.069;657;304;21;0;5.626;0;367;1.734;739;1.175;1.014;500;26;0;5.555;2;684;3.907;1.822;2.244;1.671;804;47;0;11.181
;02:1,01 a 1,50;1;205;14.135;11.795;15.619;9.148;3.803;265;0;54.971;0;122;10.254;8.732;11.936;10.300;5.018;231;1;46.594;1;327;24.389;20.527;27.555;19.448;8.821;496;1;101.565
;03:1,51 a 2,00;0;4;2.432;3.631;6.134;4.650;2.645;235;0;19.731;0;3;1.265;1.888;3.090;3.504;2.179;130;0;12.059;0;7;3.697;5.519;9.224;8.154;4.824;365;0;31.790
;04:2,01 a 3,00;0;1;1.524;3.501;7.537;5.416;2.803;213;0;20.995;0;0;626;1.571;4.648;7.392;3.555;215;0;18.007;0;1;2.150;5.072;12.185;12.808;6.358;428;0;39.002
;05:3,01 a 4,00;0;2;335;1.094;4.131;4.688;1.914;126;0;12.290;0;1;218;681;2.067;4.795;3.188;185;0;11.135;0;3;553;1.775;6.198;9.483;5.102;311;0;23.425
;06:4,01 a 5,00;0;0;151;486;1.272;2.220;1.568;95;0;5.792;0;0;107;373;942;2.540;2.253;106;0;6.321;0;0;258;859;2.214;4.760;3.821;201;0;12.113
;07:5,01 a 7,00;0;0;108;477;1.148;1.859;1.372;81;0;5.045;0;1;43;315;811;1.451;1.455;65;0;4.141;0;1;151;792;1.959;3.310;2.827;146;0;9.186
;08:7,01 a 10,00;0;0;61;271;922;1.525;1.273;70;0;4.122;0;0;42;180;535;1.277;969;43;0;3.046;0;0;103;451;1.457;2.802;2.242;113;0;7.168
;09:10,01 a 15,00;0;0;43;196;727;1.370;1.298;54;0;3.688;0;0;30;128;384;1.052;774;27;0;2.395;0;0;73;324;1.111;2.422;2.072;81;0;6.083
;10:15,01 a 20,00;0;0;19;106;405;614;632;31;0;1.807;0;0;14;62;157;419;354;14;0;1.020;0;0;33;168;562;1.033;986;45;0;2.827
;11:Mais de 20,00;0;0;12;87;576;1.274;975;51;0;2.975;0;0;12;76;325;493;360;13;0;1.279;0;0;24;163;901;1.767;1.335;64;0;4.254
;{ñ class};0;0;33;50;172;247;176;16;0;694;0;2;15;27;109;140;110;10;0;413;0;2;48;77;281;387;286;26;0;1.107
250750:João Pessoa - PB;Total;0;196;13.486;17.937;33.335;30.866;18.390;1.549;1;115.760;0;149;7.842;10.782;21.330;29.694;23.042;1.393;0;94.232;0;345;21.328;28.719;54.665;60.560;41.432;2.942;1;209.992
;00:Até 0,50;0;0;43;54;84;55;21;1;0;258;0;1;17;61;76;40;16;2;0;213;0;1;60;115;160;95;37;3;0;471
;01:0,51 a 1,00;0;113;1.619;1.451;2.505;1.916;1.170;171;0;8.945;0;83;1.050;1.232;2.683;3.109;2.012;209;0;10.378;0;196;2.669;2.683;5.188;5.025;3.182;380;0;19.323
;02:1,01 a 1,50;0;76;8.264;8.741;12.813;8.621;4.315;344;1;43.175;0;63;5.110;5.738;9.526;8.980;6.212;305;0;35.934;0;139;13.374;14.479;22.339;17.601;10.527;649;1;79.109
;03:1,51 a 2,00;0;4;2.248;3.710;6.039;4.094;2.123;192;0;18.410;0;1;959;1.582;2.911;4.113;2.861;195;0;12.622;0;5;3.207;5.292;8.950;8.207;4.984;387;0;31.032
;04:2,01 a 3,00;0;0;829;2.172;6.216;6.713;3.319;253;0;19.502;0;0;376;979;2.523;6.513;5.565;325;0;16.281;0;0;1.205;3.151;8.739;13.226;8.884;578;0;35.783
;05:3,01 a 4,00;0;0;218;726;1.942;2.574;1.583;123;0;7.166;0;0;134;437;1.052;2.333;2.589;138;0;6.683;0;0;352;1.163;2.994;4.907;4.172;261;0;13.849
;06:4,01 a 5,00;0;0;81;313;833;1.426;876;84;0;3.613;0;0;65;202;662;940;848;47;0;2.764;0;0;146;515;1.495;2.366;1.724;131;0;6.377
;07:5,01 a 7,00;0;0;76;360;1.032;1.820;1.315;113;0;4.716;0;0;78;270;800;1.336;921;61;0;3.466;0;0;154;630;1.832;3.156;2.236;174;0;8.182
;08:7,01 a 10,00;0;0;45;189;622;1.252;1.204;101;0;3.413;0;1;16;130;365;940;925;44;0;2.421;0;1;61;319;987;2.192;2.129;145;0;5.834
;09:10,01 a 15,00;0;0;21;80;321;709;920;61;0;2.112;0;0;7;53;235;590;520;31;0;1.436;0;0;28;133;556;1.299;1.440;92;0;3.548
;10:15,01 a 20,00;0;0;12;64;345;603;491;22;0;1.537;0;0;12;38;156;294;238;12;0;750;0;0;24;102;501;897;729;34;0;2.287
;11:Mais de 20,00;0;1;3;32;441;968;959;69;0;2.473;0;0;2;36;295;453;295;22;0;1.103;0;1;5;68;736;1.421;1.254;91;0;3.576
;{ñ class};0;2;27;45;142;115;94;15;0;440;0;0;16;24;46;53;40;2;0;181;0;2;43;69;188;168;134;17;0;621
261160:Recife - PE;Total;11;508;34.776;47.362;89.121;75.584;41.042;2.692;5;291.101;7;606;26.072;33.801;60.349;58.781;33.592;1.761;1;214.970;18;1.114;60.848;81.163;149.470;134.365;74.634;4.453;6;506.071
;00:Até 0,50;0;25;59;47;127;196;166;13;0;633;0;23;45;47;143;317;284;25;0;884;0;48;104;94;270;513;450;38;0;1.517
;01:0,51 a 1,00;10;320;2.236;1.323;1.869;1.604;1.046;82;0;8.490;7;400;2.721;1.873;2.493;1.829;1.014;49;0;10.386;17;720;4.957;3.196;4.362;3.433;2.060;131;0;18.876
;02:1,01 a 1,50;1;141;21.461;22.869;32.029;16.834;7.841;617;2;101.795;0;164;16.201;15.868;22.856;15.398;7.994;465;0;78.946;1;305;37.662;38.737;54.885;32.232;15.835;1.082;2;180.741
;03:1,51 a 2,00;0;10;4.831;8.181;15.797;10.521;5.775;344;0;45.459;0;7;3.430;5.241;9.567;7.315;3.765;236;0;29.561;0;17;8.261;13.422;25.364;17.836;9.540;580;0;75.020
;04:2,01 a 3,00;0;5;3.898;6.994;13.466;10.236;5.338;305;2;40.244;0;5;2.329;5.163;9.909;9.045;4.498;224;1;31.174;0;10;6.227;12.157;23.375;19.281;9.836;529;3;71.418
;05:3,01 a 4,00;0;0;1.048;2.721;10.010;12.357;3.895;205;1;30.237;0;2;678;2.071;4.940;7.591;3.906;190;0;19.378;0;2;1.726;4.792;14.950;19.948;7.801;395;1;49.615
;06:4,01 a 5,00;0;2;452;1.380;3.732;5.778;2.938;160;0;14.442;0;0;297;1.066;2.825;5.189;2.821;90;0;12.288;0;2;749;2.446;6.557;10.967;5.759;250;0;26.730
;07:5,01 a 7,00;0;1;369;1.663;3.909;5.903;3.943;252;0;16.040;0;1;229;1.153;3.027;4.581;3.160;149;0;12.300;0;2;598;2.816;6.936;10.484;7.103;401;0;28.340
;08:7,01 a 10,00;0;0;146;958;2.771;4.093;3.313;181;0;11.462;0;0;86;697;1.835;3.475;2.772;131;0;8.996;0;0;232;1.655;4.606;7.568;6.085;312;0;20.458
;09:10,01 a 15,00;0;0;52;555;2.057;3.032;2.553;202;0;8.451;0;0;25;308;1.150;1.813;1.572;90;0;4.958;0;0;77;863;3.207;4.845;4.125;292;0;13.409
;10:15,01 a 20,00;0;0;23;249;1.200;1.607;1.226;100;0;4.405;0;0;8;145;682;864;678;37;0;2.414;0;0;31;394;1.882;2.471;1.904;137;0;6.819
;11:Mais de 20,00;0;0;10;129;1.302;2.413;2.192;164;0;6.210;0;1;3;112;740;1.088;866;55;0;2.865;0;1;13;241;2.042;3.501;3.058;219;0;9.075
;{ñ class};0;4;191;293;852;1.010;816;67;0;3.233;0;3;20;57;182;276;262;20;0;820;0;7;211;350;1.034;1.286;1.078;87;0;4.053
270430:Maceió - AL;Total;7;299;14.720;19.056;36.334;27.260;13.977;801;0;112.454;3;225;8.234;11.368;21.759;20.601;12.104;505;0;74.799;10;524;22.954;30.424;58.093;47.861;26.081;1.306;0;187.253
;00:Até 0,50;3;40;77;71;104;48;76;10;0;429;0;31;29;21;33;20;15;0;0;149;3;71;106;92;137;68;91;10;0;578
;01:0,51 a 1,00;4;156;1.168;919;1.157;572;313;23;0;4.312;2;115;680;530;979;601;224;12;0;3.143;6;271;1.848;1.449;2.136;1.173;537;35;0;7.455
;02:1,01 a 1,50;0;93;10.024;9.965;13.654;6.119;2.393;115;0;42.363;1;65;5.686;5.859;9.015;5.468;2.584;75;0;28.753;1;158;15.710;15.824;22.669;11.587;4.977;190;0;71.116
;03:1,51 a 2,00;0;8;2.079;3.623;7.003;4.100;2.025;136;0;18.974;0;5;979;1.803;3.463;2.653;1.423;79;0;10.405;0;13;3.058;5.426;10.466;6.753;3.448;215;0;29.379
;04:2,01 a 3,00;0;2;786;2.132;5.409;4.099;2.243;110;0;14.781;0;6;453;1.371;2.817;3.273;2.175;113;0;10.208;0;8;1.239;3.503;8.226;7.372;4.418;223;0;24.989
;05:3,01 a 4,00;0;0;256;946;3.831;3.783;1.182;88;0;10.086;0;1;188;669;1.786;1.961;1.223;56;0;5.884;0;1;444;1.615;5.617;5.744;2.405;144;0;15.970
;06:4,01 a 5,00;0;0;100;381;1.382;1.905;985;39;0;4.792;0;0;78;364;1.093;2.339;1.385;42;0;5.301;0;0;178;745;2.475;4.244;2.370;81;0;10.093
;07:5,01 a 7,00;0;0;130;421;1.355;2.567;1.214;78;0;5.765;0;1;101;402;1.174;1.829;1.100;44;0;4.651;0;1;231;823;2.529;4.396;2.314;122;0;10.416
;08:7,01 a 10,00;0;0;35;255;860;1.406;1.166;59;0;3.781;0;0;21;199;648;1.111;845;52;0;2.876;0;0;56;454;1.508;2.517;2.011;111;0;6.657
;09:10,01 a 15,00;0;0;13;135;530;962;920;41;0;2.601;0;0;12;66;372;718;621;18;0;1.807;0;0;25;201;902;1.680;1.541;59;0;4.408
;10:15,01 a 20,00;0;0;14;84;416;508;441;22;0;1.485;0;0;1;46;135;216;182;6;0;586;0;0;15;130;551;724;623;28;0;2.071
;11:Mais de 20,00;0;0;1;48;394;885;779;53;0;2.160;0;0;0;17;169;288;256;5;0;735;0;0;1;65;563;1.173;1.035;58;0;2.895
;{ñ class};0;0;37;76;239;306;240;27;0;925;0;1;6;21;75;124;71;3;0;301;0;1;43;97;314;430;311;30;0;1.226
280030:Aracaju - SE;Total;1;249;13.988;17.709;30.837;24.917;13.669;949;0;102.319;2;205;8.708;11.859;21.169;21.956;12.348;534;2;76.783;3;454;22.696;29.568;52.006;46.873;26.017;1.483;2;179.102
;00:Até 0,50;0;81;143;64;86;45;15;5;0;439;1;92;105;81;103;56;17;5;0;460;1;173;248;145;189;101;32;10;0;899
;01:0,51 a 1,00;0;93;2.022;1.548;2.011;980;399;20;0;7.073;0;76;1.080;1.039;1.607;993;312;14;1;5.122;0;169;3.102;2.587;3.618;1.973;711;34;1;12.195
;02:1,01 a 1,50;0;74;8.008;8.036;10.752;5.918;2.565;170;0;35.523;1;36;5.210;5.393;7.945;4.789;2.287;50;0;25.711;1;110;13.218;13.429;18.697;10.707;4.852;220;0;61.234
;03:1,51 a 2,00;0;1;1.593;2.777;5.029;3.591;1.891;198;0;15.080;0;0;898;1.458;2.553;2.416;1.628;87;0;9.040;0;1;2.491;4.235;7.582;6.007;3.519;285;0;24.120
;04:2,01 a 3,00;0;0;876;1.897;3.785;3.494;2.034;202;0;12.288;0;1;578;1.373;2.681;3.192;1.949;126;1;9.901;0;1;1.454;3.270;6.466;6.686;3.983;328;1;22.189
;05:3,01 a 4,00;0;0;593;1.429;3.727;2.670;1.033;67;0;9.519;0;0;295;978;2.154;2.488;1.075;49;0;7.039;0;0;888;2.407;5.881;5.158;2.108;116;0;16.558
;06:4,01 a 5,00;0;0;191;586;1.653;2.095;1.032;66;0;5.623;0;0;172;476;1.151;2.114;1.131;53;0;5.097;0;0;363;1.062;2.804;4.209;2.163;119;0;10.720
;07:5,01 a 7,00;0;0;161;514;1.292;1.871;1.178;61;0;5.077;0;0;152;422;1.212;2.498;1.535;44;0;5.863;0;0;313;936;2.504;4.369;2.713;105;0;10.940
;08:7,01 a 10,00;1;0;269;443;862;1.334;1.017;52;0;3.978;0;0;118;290;631;1.608;1.137;46;0;3.830;1;0;387;733;1.493;2.942;2.154;98;0;7.808
;09:10,01 a 15,00;0;0;50;157;626;1.026;817;34;0;2.710;0;0;22;163;499;881;682;32;0;2.279;0;0;72;320;1.125;1.907;1.499;66;0;4.989
;10:15,01 a 20,00;0;0;24;108;406;626;487;18;0;1.669;0;0;25;66;243;313;219;7;0;873;0;0;49;174;649;939;706;25;0;2.542
;11:Mais de 20,00;0;0;13;86;436;1.117;1.088;44;0;2.784;0;0;38;83;293;527;331;16;0;1.288;0;0;51;169;729;1.644;1.419;60;0;4.072
;{ñ class};0;0;45;64;172;150;113;12;0;556;0;0;15;37;97;81;45;5;0;280;0;0;60;101;269;231;158;17;0;836
292740:Salvador - BA;Total;44;1.103;46.639;62.638;113.688;86.680;48.498;4.018;6;363.314;36;916;31.994;46.893;83.090;77.656;50.692;3.554;0;294.831;80;2.019;78.633;109.531;196.778;164.336;99.190;7.572;6;658.145
;00:Até 0,50;35;538;214;66;93;78;68;13;0;1.105;30;469;138;44;56;74;45;3;0;859;65;1.007;352;110;149;152;113;16;0;1.964
;01:0,51 a 1,00;7;377;3.932;2.237;2.357;1.260;567;37;0;10.774;6;332;3.266;2.074;2.534;1.567;710;33;0;10.522;13;709;7.198;4.311;4.891;2.827;1.277;70;0;21.296
;02:1,01 a 1,50;1;165;27.556;26.992;32.053;14.972;5.522;420;3;107.684;0;102;18.032;19.796;26.204;16.125;8.286;637;0;89.182;1;267;45.588;46.788;58.257;31.097;13.808;1.057;3;196.866
;03:1,51 a 2,00;1;13;7.330;11.720;19.403;12.134;6.154;508;2;57.265;0;4;5.130;7.472;10.966;7.785;4.519;422;0;36.298;1;17;12.460;19.192;30.369;19.919;10.673;930;2;93.563
;04:2,01 a 3,00;0;5;4.471;8.846;18.461;14.483;8.453;719;1;55.439;0;4;3.258;6.461;12.394;12.836;8.537;691;0;44.181;0;9;7.729;15.307;30.855;27.319;16.990;1.410;1;99.620
;05:3,01 a 4,00;0;3;1.433;4.867;10.523;8.449;4.701;382;0;30.358;0;1;926;3.480;8.164;8.866;5.142;367;0;26.946;0;4;2.359;8.347;18.687;17.315;9.843;749;0;57.304
;06:4,01 a 5,00;0;1;664;2.891;14.469;12.875;4.920;328;0;36.148;0;0;444;2.541;7.080;8.089;5.043;252;0;23.449;0;1;1.108;5.432;21.549;20.964;9.963;580;0;59.597
;07:5,01 a 7,00;0;0;473;2.011;6.265;7.939;5.683;459;0;22.830;0;2;462;2.504;7.359;9.622;7.566;436;0;27.951;0;2;935;4.515;13.624;17.561;13.249;895;0;50.781
;08:7,01 a 10,00;0;0;234;1.393;3.477;4.486;4.067;408;0;14.065;0;1;187;1.427;3.624;5.800;4.863;270;0;16.172;0;1;421;2.820;7.101;10.286;8.930;678;0;30.237
;09:10,01 a 15,00;0;1;125;885;2.871;3.796;2.913;262;0;10.853;0;0;72;622;2.293;3.223;2.755;212;0;9.177;0;1;197;1.507;5.164;7.019;5.668;474;0;20.030
;10:15,01 a 20,00;0;0;58;301;1.384;2.049;1.759;133;0;5.684;0;0;10;192;853;1.442;1.213;76;0;3.786;0;0;68;493;2.237;3.491;2.972;209;0;9.470
;11:Mais de 20,00;0;0;10;125;1.223;2.738;2.730;267;0;7.093;0;0;3;134;961;1.512;1.565;130;0;4.305;0;0;13;259;2.184;4.250;4.295;397;0;11.398
;{ñ class};0;0;139;304;1.109;1.421;961;82;0;4.016;0;1;66;146;602;715;448;25;0;2.003;0;1;205;450;1.711;2.136;1.409;107;0;6.019
310620:Belo Horizonte - MG;Total;19;5.635;100.899;103.849;175.081;134.789;75.338;5.291;2;600.903;11;2.788;69.563;72.789;120.057;128.627;79.624;4.881;1;478.341;30;8.423;170.462;176.638;295.138;263.416;154.962;10.172;3;1.079.244
;00:Até 0,50;14;550;260;145;224;235;217;28;0;1.673;10;304;272;334;613;737;571;37;0;2.878;24;854;532;479;837;972;788;65;0;4.551
;01:0,51 a 1,00;4;3.265;4.432;2.081;2.390;1.557;894;129;0;14.752;1;1.592;4.421;2.699;4.212;3.561;1.972;192;0;18.650;5;4.857;8.853;4.780;6.602;5.118;2.866;321;0;33.402
;02:1,01 a 1,50;0;1.701;52.061;30.390;32.514;17.902;8.608;717;1;143.894;0;827;41.156;27.846;34.245;23.903;14.530;1.557;0;144.064;0;2.528;93.217;58.236;66.759;41.805;23.138;2.274;1;287.958
;03:1,51 a 2,00;0;83;20.070;22.292;31.690;20.540;12.331;914;0;107.920;0;50;11.360;12.203;17.478;13.364;9.282;738;0;64.475;0;133;31.430;34.495;49.168;33.904;21.613;1.652;0;172.395
;04:2,01 a 3,00;1;18;12.202;19.400;30.682;21.065;11.326;799;1;95.494;0;10;7.398;12.903;21.597;25.593;15.803;759;1;84.064;1;28;19.600;32.303;52.279;46.658;27.129;1.558;2;179.558
;05:3,01 a 4,00;0;4;6.542;12.470;19.218;13.133;7.603;523;0;59.493;0;0;2.611;6.662;12.282;14.564;9.166;428;0;45.713;0;4;9.153;19.132;31.500;27.697;16.769;951;0;105.206
;06:4,01 a 5,00;0;1;2.714;7.113;12.590;7.925;4.609;271;0;35.223;0;0;1.074;3.451;7.553;10.502;6.665;251;0;29.496;0;1;3.788;10.564;20.143;18.427;11.274;522;0;64.719
;07:5,01 a 7,00;0;2;1.231;4.235;22.411;16.432;7.085;404;0;51.800;0;1;657;2.973;8.343;12.962;7.730;358;0;33.024;0;3;1.888;7.208;30.754;29.394;14.815;762;0;84.824
;08:7,01 a 10,00;0;0;714;2.721;8.240;13.405;6.893;381;0;32.354;0;0;280;1.812;5.307;9.177;5.408;192;0;22.176;0;0;994;4.533;13.547;22.582;12.301;573;0;54.530
;09:10,01 a 15,00;0;1;272;1.670;7.381;8.785;5.313;301;0;23.723;0;0;96;980;4.032;6.191;3.164;101;0;14.564;0;1;368;2.650;11.413;14.976;8.477;402;0;38.287
;10:15,01 a 20,00;0;0;27;453;3.211;4.769;2.490;141;0;11.091;0;0;17;428;1.643;2.840;1.540;50;0;6.518;0;0;44;881;4.854;7.609;4.030;191;0;17.609
;11:Mais de 20,00;0;0;46;240;2.650;6.472;5.747;382;0;15.537;0;0;12;170;1.645;3.688;2.275;101;0;7.891;0;0;58;410;4.295;10.160;8.022;483;0;23.428
;{ñ class};0;10;328;639;1.880;2.569;2.222;301;0;7.949;0;4;209;328;1.107;1.545;1.518;117;0;4.828;0;14;537;967;2.987;4.114;3.740;418;0;12.777
320530:Vitória - ES;Total;31;1.589;16.937;17.431;30.185;26.159;15.158;962;1;108.453;25;948;13.394;14.537;24.502;26.363;13.281;481;0;93.531;56;2.537;30.331;31.968;54.687;52.522;28.439;1.443;1;201.984
;00:Até 0,50;11;366;151;100;108;100;32;5;0;873;10;230;65;69;123;75;33;0;0;605;21;596;216;169;231;175;65;5;0;1.478
;01:0,51 a 1,00;18;906;738;408;509;356;156;12;0;3.103;15;500;516;449;769;570;254;12;0;3.085;33;1.406;1.254;857;1.278;926;410;24;0;6.188
;02:1,01 a 1,50;2;293;8.489;4.977;5.643;3.265;1.764;135;0;24.568;0;179;7.534;5.166;7.099;5.669;2.687;117;0;28.451;2;472;16.023;10.143;12.742;8.934;4.451;252;0;53.019
;03:1,51 a 2,00;0;15;2.883;3.211;4.885;3.553;1.933;132;0;16.612;0;24;2.342;2.400;3.337;2.856;1.534;67;0;12.560;0;39;5.225;5.611;8.222;6.409;3.467;199;0;29.172
;04:2,01 a 3,00;0;3;2.180;3.129;4.934;3.580;2.095;137;1;16.059;0;8;1.608;2.733;4.482;4.787;2.472;98;0;16.188;0;11;3.788;5.862;9.416;8.367;4.567;235;1;32.247
;05:3,01 a 4,00;0;1;913;1.542;4.873;2.489;994;65;0;10.877;0;1;498;1.140;2.404;2.932;1.370;39;0;8.384;0;2;1.411;2.682;7.277;5.421;2.364;104;0;19.261
;06:4,01 a 5,00;0;0;566;1.054;1.574;1.387;876;50;0;5.507;0;0;256;671;1.128;1.768;912;37;0;4.772;0;0;822;1.725;2.702;3.155;1.788;87;0;10.279
;07:5,01 a 7,00;0;0;434;1.262;2.255;3.140;1.528;80;0;8.699;0;0;282;838;1.832;2.694;1.306;30;0;6.982;0;0;716;2.100;4.087;5.834;2.834;110;0;15.681
;08:7,01 a 10,00;0;0;149;701;1.893;2.537;1.774;90;0;7.144;0;0;91;467;1.244;1.915;1.074;27;0;4.818;0;0;240;1.168;3.137;4.452;2.848;117;0;11.962
;09:10,01 a 15,00;0;0;72;561;1.762;2.472;1.498;80;0;6.445;0;0;71;340;1.120;1.515;720;24;0;3.790;0;0;143;901;2.882;3.987;2.218;104;0;10.235
;10:15,01 a 20,00;0;0;24;157;709;1.174;852;46;0;2.962;0;0;4;122;390;634;338;7;0;1.495;0;0;28;279;1.099;1.808;1.190;53;0;4.457
;11:Mais de 20,00;0;0;6;112;690;1.761;1.335;96;0;4.000;0;0;4;61;415;731;429;16;0;1.656;0;0;10;173;1.105;2.492;1.764;112;0;5.656
;{ñ class};0;5;332;217;350;345;321;34;0;1.604;0;6;123;81;159;217;152;7;0;745;0;11;455;298;509;562;473;41;0;2.349
330455:Rio de Janeiro - RJ;Total;68;5.240;148.974;189.882;338.324;288.064;179.150;16.620;25;1.166.347;27;3.694;107.397;124.491;215.307;202.699;132.669;9.346;37;795.667;95;8.934;256.371;314.373;553.631;490.763;311.819;25.966;62;1.962.014
;00:Até 0,50;11;392;458;309;380;290;181;25;1;2.047;4;183;435;302;414;279;166;14;1;1.798;15;575;893;611;794;569;347;39;2;3.845
;01:0,51 a 1,00;46;2.490;5.009;2.191;3.941;3.576;2.619;314;1;20.187;14;1.676;4.906;2.268;2.973;2.441;1.549;220;5;16.052;60;4.166;9.915;4.459;6.914;6.017;4.168;534;6;36.239
;02:1,01 a 1,50;5;2.110;69.952;52.243;60.989;36.402;19.675;2.089;5;243.470;4;1.601;56.621;42.906;57.319;41.164;21.399;1.343;9;222.366;9;3.711;126.573;95.149;118.308;77.566;41.074;3.432;14;465.836
;03:1,51 a 2,00;2;146;33.453;41.267;58.774;40.041;21.987;2.193;3;197.866;2;144;20.760;22.173;32.490;29.506;23.332;1.854;5;130.266;4;290;54.213;63.440;91.264;69.547;45.319;4.047;8;328.132
;04:2,01 a 3,00;0;47;24.608;41.584;73.025;50.099;29.245;2.750;4;221.362;0;34;12.899;20.672;32.832;23.443;11.973;914;6;102.773;0;81;37.507;62.256;105.857;73.542;41.218;3.664;10;324.135
;05:3,01 a 4,00;0;3;6.295;17.313;42.549;30.159;18.435;1.925;4;116.683;0;14;4.687;10.588;20.686;20.180;11.157;915;5;68.232;0;17;10.982;27.901;63.235;50.339;29.592;2.840;9;184.915
;06:4,01 a 5,00;0;3;3.294;9.837;22.332;22.589;15.188;1.365;3;74.611;0;10;2.829;6.895;17.962;23.553;17.955;1.299;2;70.505;0;13;6.123;16.732;40.294;46.142;33.143;2.664;5;145.116
;07:5,01 a 7,00;0;2;2.913;9.460;25.442;34.339;16.794;1.401;0;90.351;0;1;2.395;8.195;17.809;20.880;15.935;1.056;0;66.271;0;3;5.308;17.655;43.251;55.219;32.729;2.457;0;156.622
;08:7,01 a 10,00;0;3;1.477;6.199;18.449;23.795;18.022;1.181;1;69.127;0;2;1.032;4.892;12.107;15.116;11.934;673;0;45.756;0;5;2.509;11.091;30.556;38.911;29.956;1.854;1;114.883
;09:10,01 a 15,00;0;2;792;5.405;13.058;16.983;11.210;1.038;0;48.488;0;1;389;3.431;9.640;10.321;6.257;376;0;30.415;0;3;1.181;8.836;22.698;27.304;17.467;1.414;0;78.903
;10:15,01 a 20,00;0;0;241;2.044;7.100;8.428;6.485;502;0;24.800;0;0;110;969;4.288;5.408;3.442;180;0;14.397;0;0;351;3.013;11.388;13.836;9.927;682;0;39.197
;11:Mais de 20,00;0;2;120;1.183;9.527;17.473;15.948;1.248;1;45.502;0;3;36;583;4.902;7.945;5.613;314;0;19.396;0;5;156;1.766;14.429;25.418;21.561;1.562;1;64.898
;{ñ class};4;40;362;847;2.758;3.890;3.361;589;2;11.853;3;25;298;617;1.885;2.463;1.957;188;4;7.440;7;65;660;1.464;4.643;6.353;5.318;777;6;19.293
355030:São Paulo - SP;Total;41;15.253;366.226;382.422;665.583;462.938;246.798;17.421;4;2.156.686;23;11.440;302.225;301.236;489.174;403.581;229.277;11.457;2;1.748.415;64;26.693;668.451;683.658;1.154.757;866.519;476.075;28.878;6;3.905.101
;00:Até 0,50;7;244;471;502;1.176;1.753;1.975;217;0;6.345;3;156;819;1.032;2.404;3.416;3.648;337;0;11.815;10;400;1.290;1.534;3.580;5.169;5.623;554;0;18.160
;01:0,51 a 1,00;31;6.011;7.569;3.214;5.124;5.039;3.798;349;0;31.135;14;4.838;11.779;7.302;14.789;16.431;11.955;715;0;67.823;45;10.849;19.348;10.516;19.913;21.470;15.753;1.064;0;98.958
;02:1,01 a 1,50;2;5.467;63.751;28.321;29.870;15.572;7.701;722;0;151.406;3;3.541;71.666;37.515;49.110;30.743;12.334;565;0;205.477;5;9.008;135.417;65.836;78.980;46.315;20.035;1.287;0;356.883
;03:1,51 a 2,00;0;2.970;135.114;85.124;97.220;46.807;22.036;1.668;0;390.939;0;2.412;110.296;75.652;89.696;50.072;22.549;1.022;1;351.700;0;5.382;245.410;160.776;186.916;96.879;44.585;2.690;1;742.639
;04:2,01 a 3,00;1;457;95.227;108.228;165.725;96.658;51.234;3.676;1;521.207;3;403;60.548;63.412;88.032;68.401;48.721;3.120;1;332.641;4;860;155.775;171.640;253.757;165.059;99.955;6.796;2;853.848
;05:3,01 a 4,00;0;54;30.323;56.541;106.075;56.487;29.303;2.064;0;280.847;0;41;20.859;34.880;56.516;40.117;24.435;1.495;0;178.343;0;95;51.182;91.421;162.591;96.604;53.738;3.559;0;459.190
;06:4,01 a 5,00;0;8;13.096;27.107;67.017;48.952;20.114;1.258;0;177.552;0;14;10.531;23.230;45.622;40.017;20.556;905;0;140.875;0;22;23.627;50.337;112.639;88.969;40.670;2.163;0;318.427
;07:5,01 a 7,00;0;7;10.884;28.844;67.138;59.511;27.483;1.666;0;195.533;0;4;8.501;23.967;54.992;57.705;31.852;1.135;0;178.156;0;11;19.385;52.811;122.130;117.216;59.335;2.801;0;373.689
;08:7,01 a 10,00;0;11;5.792;19.633;43.048;43.068;24.811;1.442;1;137.806;0;3;4.557;17.181;35.822;37.945;21.134;744;0;117.386;0;14;10.349;36.814;78.870;81.013;45.945;2.186;1;255.192
;09:10,01 a 15,00;0;6;2.186;13.182;32.088;30.447;18.576;1.163;0;97.648;0;1;1.329;10.195;24.296;27.031;13.556;539;0;76.947;0;7;3.515;23.377;56.384;57.478;32.132;1.702;0;174.595
;10:15,01 a 20,00;0;1;514;5.480;17.481;17.372;9.432;643;1;50.924;0;0;204;3.123;10.793;12.261;6.153;222;0;32.756;0;1;718;8.603;28.274;29.633;15.585;865;1;83.680
;11:Mais de 20,00;0;1;257;4.267;27.679;34.234;24.357;1.717;0;92.512;0;1;87;1.891;12.446;14.217;8.480;395;0;37.517;0;2;344;6.158;40.125;48.451;32.837;2.112;0;130.029
;{ñ class};0;16;1.042;1.979;5.942;7.038;5.978;836;1;22.832;0;26;1.049;1.856;4.656;5.225;3.904;263;0;16.979;0;42;2.091;3.835;10.598;12.263;9.882;1.099;1;39.811
410690:Curitiba - PR;Total;25;4.268;64.591;64.188;111.113;84.852;44.975;2.850;2;376.864;17;3.035;54.666;55.374;97.313;85.378;42.481;1.391;0;339.655;42;7.303;119.257;119.562;208.426;170.230;87.456;4.241;2;716.519
;00:Até 0,50;3;146;174;81;137;93;50;6;0;690;0;47;102;112;231;192;106;11;0;801;3;193;276;193;368;285;156;17;0;1.491
;01:0,51 a 1,00;20;1.684;1.530;617;848;623;321;38;0;5.681;14;1.260;1.957;1.075;2.221;1.913;1.009;41;0;9.490;34;2.944;3.487;1.692;3.069;2.536;1.330;79;0;15.171
;02:1,01 a 1,50;2;2.054;21.264;9.569;10.910;6.230;3.178;238;1;53.446;2;1.482;26.335;15.322;21.506;14.133;5.637;173;0;84.590;4;3.536;47.599;24.891;32.416;20.363;8.815;411;1;138.036
;03:1,51 a 2,00;0;272;16.453;11.941;15.598;9.078;4.679;362;0;58.383;1;175;11.686;10.859;17.258;13.562;6.708;157;0;60.406;1;447;28.139;22.800;32.856;22.640;11.387;519;0;118.789
;04:2,01 a 3,00;0;70;14.400;17.019;25.944;15.510;7.690;468;0;81.101;0;48;9.169;12.972;21.528;13.602;5.874;171;0;63.364;0;118;23.569;29.991;47.472;29.112;13.564;639;0;144.465
;05:3,01 a 4,00;0;25;5.224;8.633;14.204;10.421;6.224;437;0;45.168;0;9;2.856;5.941;11.660;12.063;6.421;251;0;39.201;0;34;8.080;14.574;25.864;22.484;12.645;688;0;84.369
;06:4,01 a 5,00;0;3;2.730;6.042;13.204;7.882;4.093;245;1;34.200;0;2;1.234;3.163;7.004;7.878;4.093;150;0;23.524;0;5;3.964;9.205;20.208;15.760;8.186;395;1;57.724
;07:5,01 a 7,00;0;6;1.529;4.584;11.966;12.246;4.329;230;0;34.890;0;1;810;2.874;6.455;7.968;4.535;171;0;22.814;0;7;2.339;7.458;18.421;20.214;8.864;401;0;57.704
;08:7,01 a 10,00;0;0;740;2.907;6.707;7.035;3.799;183;0;21.371;0;1;276;1.568;3.877;5.756;3.576;115;0;15.169;0;1;1.016;4.475;10.584;12.791;7.375;298;0;36.540
;09:10,01 a 15,00;0;0;219;1.709;5.333;6.134;3.369;197;0;16.961;0;0;91;793;2.406;3.635;1.720;53;0;8.698;0;0;310;2.502;7.739;9.769;5.089;250;0;25.659
;10:15,01 a 20,00;0;0;62;504;2.691;3.383;2.349;99;0;9.088;0;0;20;269;1.067;1.680;989;26;0;4.051;0;0;82;773;3.758;5.063;3.338;125;0;13.139
;11:Mais de 20,00;0;0;32;295;2.736;5.080;3.786;223;0;12.152;0;0;8;169;1.266;1.847;907;29;0;4.226;0;0;40;464;4.002;6.927;4.693;252;0;16.378
;{ñ class};0;8;234;287;835;1.137;1.108;124;0;3.733;0;10;122;257;834;1.149;906;43;0;3.321;0;18;356;544;1.669;2.286;2.014;167;0;7.054
420540:Florianópolis - SC;Total;3;1.114;17.771;17.599;31.432;30.978;17.111;789;1;116.798;2;989;17.131;17.562;28.989;31.375;13.396;355;0;109.799;5;2.103;34.902;35.161;60.421;62.353;30.507;1.144;1;226.597
;00:Até 0,50;3;196;15;26;33;15;9;0;0;297;1;173;53;29;59;43;36;2;0;396;4;369;68;55;92;58;45;2;0;693
;01:0,51 a 1,00;0;264;570;270;371;249;126;8;0;1.858;1;232;945;513;948;680;322;11;0;3.652;1;496;1.515;783;1.319;929;448;19;0;5.510
;02:1,01 a 1,50;0;449;4.597;2.036;2.300;1.309;601;45;0;11.337;0;404;4.898;2.760;3.909;2.813;1.298;45;0;16.127;0;853;9.495;4.796;6.209;4.122;1.899;90;0;27.464
;03:1,51 a 2,00;0;173;5.590;3.573;4.202;2.211;965;60;0;16.774;0;142;5.825;4.105;4.916;2.807;1.104;28;0;18.927;0;315;11.415;7.678;9.118;5.018;2.069;88;0;35.701
;04:2,01 a 3,00;0;23;3.909;4.399;6.043;3.536;1.583;92;0;19.585;0;33;3.595;4.180;5.340;3.510;1.407;55;0;18.120;0;56;7.504;8.579;11.383;7.046;2.990;147;0;37.705
;05:3,01 a 4,00;0;4;943;1.904;3.280;2.393;1.425;100;1;10.050;0;3;866;2.258;3.625;3.181;1.278;41;0;11.252;0;7;1.809;4.162;6.905;5.574;2.703;141;1;21.302
;06:4,01 a 5,00;0;3;1.381;2.486;5.225;2.326;1.528;83;0;13.032;0;1;395;1.335;3.064;3.770;1.590;55;0;10.210;0;4;1.776;3.821;8.289;6.096;3.118;138;0;23.242
;07:5,01 a 7,00;0;1;391;1.231;4.448;7.513;2.346;90;0;16.020;0;0;266;1.153;3.252;6.822;2.499;36;0;14.028;0;1;657;2.384;7.700;14.335;4.845;126;0;30.048
;08:7,01 a 10,00;0;0;178;666;1.773;3.875;2.400;86;0;8.978;0;0;107;487;1.481;3.093;1.426;23;0;6.617;0;0;285;1.153;3.254;6.968;3.826;109;0;15.595
;09:10,01 a 15,00;0;0;65;458;1.320;2.646;1.975;62;0;6.526;0;1;43;268;845;2.039;906;16;0;4.118;0;1;108;726;2.165;4.685;2.881;78;0;10.644
;10:15,01 a 20,00;0;0;45;253;1.179;1.973;1.286;39;0;4.775;0;0;8;130;445;980;521;13;0;2.097;0;0;53;383;1.624;2.953;1.807;52;0;6.872
;11:Mais de 20,00;0;0;2;116;819;2.353;2.481;90;0;5.861;0;0;2;71;448;885;594;8;0;2.008;0;0;4;187;1.267;3.238;3.075;98;0;7.869
;{ñ class};0;1;85;181;439;579;386;34;0;1.705;0;0;128;273;657;752;415;22;0;2.247;0;1;213;454;1.096;1.331;801;56;0;3.952
431490:Porto Alegre - RS;Total;24;3.039;47.347;50.234;86.325;78.944;50.467;3.304;1;319.685;5;1.515;37.487;45.556;82.076;95.811;51.729;2.081;1;316.261;29;4.554;84.834;95.790;168.401;174.755;102.196;5.385;2;635.946
;00:Até 0,50;5;402;264;144;172;143;82;10;0;1.222;3;208;323;133;268;274;163;15;0;1.387;8;610;587;277;440;417;245;25;0;2.609
;01:0,51 a 1,00;18;1.642;1.326;514;600;548;556;64;0;5.268;1;692;2.139;1.004;1.706;1.592;1.113;108;0;8.355;19;2.334;3.465;1.518;2.306;2.140;1.669;172;0;13.623
;02:1,01 a 1,50;0;712;14.937;7.445;8.143;4.897;3.704;256;1;40.095;1;461;14.100;9.880;13.160;10.796;5.427;205;0;54.030;1;1.173;29.037;17.325;21.303;15.693;9.131;461;1;94.125
;03:1,51 a 2,00;1;191;14.010;10.198;12.620;8.319;5.349;378;0;51.066;0;125;10.415;10.263;16.376;14.684;8.274;391;0;60.528;1;316;24.425;20.461;28.996;23.003;13.623;769;0;111.594
;04:2,01 a 3,00;0;53;10.563;14.305;19.291;13.543;8.557;563;0;66.875;0;20;6.032;9.985;18.297;23.551;11.429;447;0;69.761;0;73;16.595;24.290;37.588;37.094;19.986;1.010;0;136.636
;05:3,01 a 4,00;0;7;2.884;6.220;13.552;9.588;4.968;317;0;37.536;0;1;2.096;5.092;8.249;10.068;5.424;225;1;31.156;0;8;4.980;11.312;21.801;19.656;10.392;542;1;68.692
;06:4,01 a 5,00;0;3;1.234;3.247;7.634;7.410;3.714;264;0;23.506;0;1;946;2.708;5.566;6.246;3.663;124;0;19.254;0;4;2.180;5.955;13.200;13.656;7.377;388;0;42.760
;07:5,01 a 7,00;0;1;1.002;3.045;7.815;9.569;4.837;225;0;26.494;0;0;789;2.716;5.821;8.664;4.900;166;0;23.056;0;1;1.791;5.761;13.636;18.233;9.737;391;0;49.550
;08:7,01 a 10,00;0;6;534;2.301;5.435;7.881;5.395;297;0;21.849;0;3;409;1.892;4.866;7.202;3.967;126;0;18.465;0;9;943;4.193;10.301;15.083;9.362;423;0;40.314
;09:10,01 a 15,00;0;1;179;1.424;4.516;6.566;4.801;289;0;17.776;0;0;131;1.047;3.670;5.724;2.898;101;0;13.571;0;1;310;2.471;8.186;12.290;7.699;390;0;31.347
;10:15,01 a 20,00;0;0;70;685;2.743;3.697;2.501;181;0;9.877;0;0;33;387;1.680;2.809;1.515;45;0;6.469;0;0;103;1.072;4.423;6.506;4.016;226;0;16.346
;11:Mais de 20,00;0;0;47;408;2.993;5.811;5.161;368;0;14.788;0;0;10;271;1.864;3.360;2.308;81;0;7.894;0;0;57;679;4.857;9.171;7.469;449;0;22.682
;{ñ class};0;21;297;298;811;972;842;92;0;3.333;0;4;64;178;553;841;648;47;0;2.335;0;25;361;476;1.364;1.813;1.490;139;0;5.668
500270:Campo Grande - MS;Total;11;1.476;18.599;20.425;33.496;24.755;14.242;884;3;113.891;5;1.073;13.516;14.988;26.942;23.443;10.932;269;1;91.169;16;2.549;32.115;35.413;60.438;48.198;25.174;1.153;4;205.060
;00:Até 0,50;1;43;38;30;39;28;15;4;0;198;1;35;47;50;68;54;22;0;0;277;2;78;85;80;107;82;37;4;0;475
;01:0,51 a 1,00;8;838;681;353;462;295;162;14;0;2.813;4;737;635;377;583;417;149;8;0;2.910;12;1.575;1.316;730;1.045;712;311;22;0;5.723
;02:1,01 a 1,50;2;540;9.336;6.060;6.994;3.588;2.024;174;0;28.718;0;275;7.047;5.100;7.691;4.685;1.736;49;0;26.583;2;815;16.383;11.160;14.685;8.273;3.760;223;0;55.301
;03:1,51 a 2,00;0;44;4.432;4.766;6.512;3.536;2.057;142;0;21.489;0;17;2.791;2.792;4.572;3.183;1.713;27;0;15.095;0;61;7.223;7.558;11.084;6.719;3.770;169;0;36.584
;04:2,01 a 3,00;0;6;2.450;3.984;6.728;4.108;2.410;165;0;19.851;0;6;1.796;2.878;5.157;3.575;1.847;42;0;15.301;0;12;4.246;6.862;11.885;7.683;4.257;207;0;35.152
;05:3,01 a 4,00;0;3;743;1.595;3.192;2.236;1.324;68;0;9.161;0;0;561;1.246;2.530;2.400;1.091;25;0;7.853;0;3;1.304;2.841;5.722;4.636;2.415;93;0;17.014
;06:4,01 a 5,00;0;1;513;1.486;2.430;1.896;1.025;66;1;7.418;0;2;347;1.032;1.785;1.976;971;29;0;6.142;0;3;860;2.518;4.215;3.872;1.996;95;1;13.560
;07:5,01 a 7,00;0;0;197;968;2.940;2.679;1.286;76;0;8.146;0;1;177;699;2.010;2.326;971;23;1;6.208;0;1;374;1.667;4.950;5.005;2.257;99;1;14.354
;08:7,01 a 10,00;0;0;82;579;1.696;2.494;1.247;51;0;6.149;0;0;61;422;1.176;2.572;1.261;30;0;5.522;0;0;143;1.001;2.872;5.066;2.508;81;0;11.671
;09:10,01 a 15,00;0;0;30;233;971;1.677;882;28;1;3.822;0;0;21;194;568;1.161;521;16;0;2.481;0;0;51;427;1.539;2.838;1.403;44;1;6.303
;10:15,01 a 20,00;0;0;23;190;589;732;500;17;0;2.051;0;0;1;81;314;412;221;7;0;1.036;0;0;24;271;903;1.144;721;24;0;3.087
;11:Mais de 20,00;0;0;5;107;759;1.293;1.102;45;1;3.312;0;0;3;55;314;488;300;8;0;1.168;0;0;8;162;1.073;1.781;1.402;53;1;4.480
;{ñ class};0;1;69;74;184;193;208;34;0;763;0;0;29;62;174;194;129;5;0;593;0;1;98;136;358;387;337;39;0;1.356
510340:Cuiabá - MT;Total;11;932;17.022;18.474;29.296;21.003;12.820;884;0;100.442;8;521;12.233;13.838;24.954;22.672;11.552;299;0;86.077;19;1.453;29.255;32.312;54.250;43.675;24.372;1.183;0;186.519
;00:Até 0,50;5;55;58;94;133;88;52;6;0;491;1;51;110;168;317;168;55;0;0;870;6;106;168;262;450;256;107;6;0;1.361
;01:0,51 a 1,00;5;372;640;382;521;313;175;44;0;2.452;6;214;563;536;904;533;164;5;0;2.925;11;586;1.203;918;1.425;846;339;49;0;5.377
;02:1,01 a 1,50;1;469;8.778;5.358;5.802;3.116;1.823;155;0;25.502;1;233;6.696;4.950;7.374;4.306;1.665;44;0;25.269;2;702;15.474;10.308;13.176;7.422;3.488;199;0;50.771
;03:1,51 a 2,00;0;29;3.429;3.739;5.288;2.936;1.685;158;0;17.264;0;21;2.177;2.188;3.228;2.005;899;26;0;10.544;0;50;5.606;5.927;8.516;4.941;2.584;184;0;27.808
;04:2,01 a 3,00;0;6;2.252;3.511;5.519;3.148;1.786;132;0;16.354;0;1;1.531;2.575;4.306;2.763;1.417;36;0;12.629;0;7;3.783;6.086;9.825;5.911;3.203;168;0;28.983
;05:3,01 a 4,00;0;1;948;1.846;2.884;2.063;1.198;83;0;9.023;0;0;532;1.080;2.024;2.113;1.799;54;0;7.602;0;1;1.480;2.926;4.908;4.176;2.997;137;0;16.625
;06:4,01 a 5,00;0;0;445;1.370;2.754;1.524;883;67;0;7.043;0;0;266;764;2.189;2.445;1.115;26;0;6.805;0;0;711;2.134;4.943;3.969;1.998;93;0;13.848
;07:5,01 a 7,00;0;0;232;1.020;2.587;2.824;1.329;48;0;8.040;0;1;186;738;1.831;4.510;2.358;49;0;9.673;0;1;418;1.758;4.418;7.334;3.687;97;0;17.713
;08:7,01 a 10,00;0;0;101;480;1.381;1.922;1.381;71;0;5.336;0;0;79;351;1.120;1.646;979;28;0;4.203;0;0;180;831;2.501;3.568;2.360;99;0;9.539
;09:10,01 a 15,00;0;0;58;358;1.046;1.343;1.019;36;0;3.860;0;0;29;255;811;1.050;509;16;0;2.670;0;0;87;613;1.857;2.393;1.528;52;0;6.530
;10:15,01 a 20,00;0;0;24;124;660;583;487;21;0;1.899;0;0;11;95;304;440;253;6;0;1.109;0;0;35;219;964;1.023;740;27;0;3.008
;11:Mais de 20,00;0;0;2;73;510;909;797;43;0;2.334;0;0;0;45;293;515;246;7;0;1.106;0;0;2;118;803;1.424;1.043;50;0;3.440
;{ñ class};0;0;55;119;211;234;205;20;0;844;0;0;53;93;253;178;93;2;0;672;0;0;108;212;464;412;298;22;0;1.516
520870:Goiânia - GO;Total;63;4.898;45.833;42.936;67.875;48.384;28.905;2.200;6;241.100;40;3.188;32.741;32.067;55.123;50.363;26.969;738;3;201.232;103;8.086;78.574;75.003;122.998;98.747;55.874;2.938;9;442.332
;00:Até 0,50;29;1.471;44;53;140;71;21;0;0;1.829;12;1.264;44;36;53;48;19;1;0;1.477;41;2.735;88;89;193;119;40;1;0;3.306
;01:0,51 a 1,00;32;2.013;3.851;1.487;1.591;885;502;39;3;10.403;27;1.242;2.985;1.321;1.897;1.209;404;5;3;9.093;59;3.255;6.836;2.808;3.488;2.094;906;44;6;19.496
;02:1,01 a 1,50;2;1.327;23.942;13.762;14.922;7.392;3.849;295;2;65.493;1;615;18.330;12.246;17.183;11.906;4.745;105;0;65.131;3;1.942;42.272;26.008;32.105;19.298;8.594;400;2;130.624
;03:1,51 a 2,00;0;71;9.102;9.355;12.824;7.212;4.293;290;1;43.148;0;51;5.637;5.216;7.650;6.179;4.195;65;0;28.993;0;122;14.739;14.571;20.474;13.391;8.488;355;1;72.141
;04:2,01 a 3,00;0;12;5.231;7.866;12.251;7.875;4.440;308;0;37.983;0;14;3.339;4.955;7.995;6.842;4.074;82;0;27.301;0;26;8.570;12.821;20.246;14.717;8.514;390;0;65.284
;05:3,01 a 4,00;0;1;1.773;3.480;6.342;4.483;2.568;164;0;18.811;0;1;1.194;2.968;5.700;5.057;2.645;65;0;17.630;0;2;2.967;6.448;12.042;9.540;5.213;229;0;36.441
;06:4,01 a 5,00;0;0;941;2.768;6.766;4.079;2.554;156;0;17.264;0;0;587;2.115;5.043;4.964;2.701;70;0;15.480;0;0;1.528;4.883;11.809;9.043;5.255;226;0;32.744
;07:5,01 a 7,00;0;0;479;2.239;6.753;7.322;3.024;190;0;20.007;0;0;372;1.912;5.264;7.048;3.712;81;0;18.389;0;0;851;4.151;12.017;14.370;6.736;271;0;38.396
;08:7,01 a 10,00;0;0;247;1.010;2.455;3.280;2.858;262;0;10.112;0;0;155;761;2.160;3.587;2.219;115;0;8.997;0;0;402;1.771;4.615;6.867;5.077;377;0;19.109
;09:10,01 a 15,00;0;0;70;412;1.583;2.226;1.800;171;0;6.262;0;0;38;272;1.011;1.769;1.098;66;0;4.254;0;0;108;684;2.594;3.995;2.898;237;0;10.516
;10:15,01 a 20,00;0;0;49;235;993;1.293;873;57;0;3.500;0;0;9;108;492;763;415;25;0;1.812;0;0;58;343;1.485;2.056;1.288;82;0;5.312
;11:Mais de 20,00;0;1;10;117;850;1.816;1.783;236;0;4.813;0;0;6;88;469;740;601;53;0;1.957;0;1;16;205;1.319;2.556;2.384;289;0;6.770
;{ñ class};0;2;94;152;405;450;340;32;0;1.475;0;1;45;69;206;251;141;5;0;718;0;3;139;221;611;701;481;37;0;2.193
530010:Brasília - DF;Total;34;2.822;116.577;103.137;179.944;120.434;62.104;4.193;5;589.250;24;1.924;47.177;58.797;98.808;80.172;39.028;1.749;0;327.679;58;4.746;163.754;161.934;278.752;200.606;101.132;5.942;5;916.929
;00:Até 0,50;7;103;107;73;133;137;99;5;0;664;7;96;135;76;98;214;102;6;0;734;14;199;242;149;231;351;201;11;0;1.398
;01:0,51 a 1,00;22;1.596;5.217;1.152;1.293;884;413;22;0;10.599;14;1.133;1.583;728;967;828;431;8;0;5.692;36;2.729;6.800;1.880;2.260;1.712;844;30;0;16.291
;02:1,01 a 1,50;2;1.022;33.832;25.037;27.887;11.464;4.873;288;0;104.405;1;573;21.027;16.599;21.144;11.759;4.341;132;0;75.576;3;1.595;54.859;41.636;49.031;23.223;9.214;420;0;179.981
;03:1,51 a 2,00;0;63;13.923;15.378;21.029;10.113;4.681;293;2;65.482;0;77;10.501;9.631;11.652;5.987;2.330;85;0;40.263;0;140;24.424;25.009;32.681;16.100;7.011;378;2;105.745
;04:2,01 a 3,00;1;25;36.557;17.484;21.348;10.443;4.987;304;1;91.150;0;31;6.268;8.032;10.599;5.031;1.722;87;0;31.770;1;56;42.825;25.516;31.947;15.474;6.709;391;1;122.920
;05:3,01 a 4,00;0;2;12.571;9.754;13.898;7.887;3.901;273;0;48.286;0;6;2.594;4.259;5.813;3.305;1.736;130;0;17.843;0;8;15.165;14.013;19.711;11.192;5.637;403;0;66.129
;06:4,01 a 5,00;0;4;2.877;4.248;14.358;7.050;4.019;323;0;32.879;0;2;1.507;3.315;5.350;4.646;3.358;233;0;18.411;0;6;4.384;7.563;19.708;11.696;7.377;556;0;51.290
;07:5,01 a 7,00;0;1;6.496;13.050;19.293;11.891;5.369;419;0;56.519;0;2;1.740;4.662;7.900;7.930;4.934;242;0;27.410;0;3;8.236;17.712;27.193;19.821;10.303;661;0;83.929
;08:7,01 a 10,00;0;0;1.480;5.153;27.048;17.512;7.469;558;1;59.221;0;0;938;4.939;10.762;10.530;5.598;235;0;33.002;0;0;2.418;10.092;37.810;28.042;13.067;793;1;92.223
;09:10,01 a 15,00;0;0;2.841;7.239;11.889;15.931;7.776;466;1;46.143;0;0;463;3.817;13.670;14.080;5.669;184;0;37.883;0;0;3.304;11.056;25.559;30.011;13.445;650;1;84.026
;10:15,01 a 20,00;0;0;240;2.049;9.018;6.180;4.521;262;0;22.270;0;0;176;1.156;3.695;4.653;2.056;90;0;11.826;0;0;416;3.205;12.713;10.833;6.577;352;0;34.096
;11:Mais de 20,00;0;1;244;2.177;11.681;19.731;12.982;799;0;47.615;0;0;129;1.368;6.454;10.440;6.169;283;0;24.843;0;1;373;3.545;18.135;30.171;19.151;1.082;0;72.458
;{ñ class};2;5;192;343;1.069;1.211;1.014;181;0;4.017;2;4;116;215;704;769;582;34;0;2.426;4;9;308;558;1.773;1.980;1.596;215;0;6.443
{ñ class};Total;898;151.394;2.544.164;2.300.575;3.612.369;2.598.315;1.413.036;96.138;183;12.717.072;421;81.160;1.536.982;1.446.253;2.372.784;1.745.681;751.968;28.478;131;7.963.858;1.319;232.554;4.081.146;3.746.828;5.985.153;4.343.996;2.165.004;124.616;314;20.680.930
;00:Até 0,50;331;9.500;6.911;3.980;5.988;4.538;3.022;379;1;34.650;160;4.954;6.593;5.519;11.254;10.374;5.953;316;1;45.124;491;14.454;13.504;9.499;17.242;14.912;8.975;695;2;79.774
;01:0,51 a 1,00;469;46.484;172.237;107.271;143.556;93.089;60.280;5.817;6;629.209;205;26.148;135.514;101.186;170.456;127.793;65.385;3.392;15;630.094;674;72.632;307.751;208.457;314.012;220.882;125.665;9.209;21;1.259.303
;02:1,01 a 1,50;67;76.660;1.012.021;636.117;804.103;486.703;289.071;24.710;81;3.329.533;42;41.203;768.816;563.475;861.336;599.363;261.238;9.367;48;3.104.888;109;117.863;1.780.837;1.199.592;1.665.439;1.086.066;550.309;34.077;129;6.434.421
;03:1,51 a 2,00;10;15.667;666.697;516.415;713.339;448.276;243.952;17.123;29;2.621.508;9;7.527;361.960;313.519;465.143;311.080;126.328;4.119;16;1.589.701;19;23.194;1.028.657;829.934;1.178.482;759.356;370.280;21.242;45;4.211.209
;04:2,01 a 3,00;2;2.339;456.648;521.894;819.023;548.216;286.110;17.514;24;2.651.770;2;1.035;178.283;235.199;381.678;263.068;105.612;3.765;19;1.168.661;4;3.374;634.931;757.093;1.200.701;811.284;391.722;21.279;43;3.820.431
;05:3,01 a 4,00;0;185;124.697;214.408;394.772;288.579;144.008;7.824;12;1.174.485;0;91;43.141;89.553;169.690;128.158;51.742;1.929;9;484.313;0;276;167.838;303.961;564.462;416.737;195.750;9.753;21;1.658.798
;06:4,01 a 5,00;2;49;47.782;107.426;211.317;165.107;79.400;4.180;12;615.275;0;18;19.400;49.446;94.634;75.217;29.822;1.072;13;269.622;2;67;67.182;156.872;305.951;240.324;109.222;5.252;25;884.897
;07:5,01 a 7,00;1;26;31.738;92.993;204.310;179.177;86.136;4.523;4;598.908;1;19;13.384;45.678;94.573;83.734;33.871;1.272;3;272.535;2;45;45.122;138.671;298.883;262.911;120.007;5.795;7;871.443
;08:7,01 a 10,00;0;17;12.259;51.124;135.351;139.768;68.709;3.453;2;410.683;0;8;4.890;23.728;57.402;59.272;24.093;842;5;170.240;0;25;17.149;74.852;192.753;199.040;92.802;4.295;7;580.923
;09:10,01 a 15,00;0;10;3.576;25.936;81.167;97.567;48.109;2.562;2;258.929;0;2;1.255;9.602;30.032;36.876;14.525;559;1;92.852;0;12;4.831;35.538;111.199;134.443;62.634;3.121;3;351.781
;10:15,01 a 20,00;0;7;557;7.754;34.888;44.515;24.646;1.302;1;113.670;0;0;179;2.482;11.016;14.549;6.460;270;0;34.956;0;7;736;10.236;45.904;59.064;31.106;1.572;1;148.626
;11:Mais de 20,00;0;2;271;3.207;27.699;56.287;38.874;1.967;0;128.307;0;0;81;942;6.232;10.122;6.383;330;0;24.090;0;2;352;4.149;33.931;66.409;45.257;2.297;0;152.397
;{ñ class};16;448;8.770;12.050;36.856;46.493;40.719;4.784;9;150.145;2;155;3.486;5.924;19.338;26.075;20.556;1.245;1;76.782;18;603;12.256;17.974;56.194;72.568;61.275;6.029;10;226.927
Total;Total;1.351;204.850;3.817.166;3.700.239;6.051.919;4.451.823;2.462.321;175.613;263;20.865.545;680;118.219;2.448.669;2.456.227;4.110.046;3.365.925;1.706.965;82.784;189;14.289.704;2.031;323.069;6.265.835;6.156.466;10.161.965;7.817.748;4.169.286;258.397;452;35.155.249
;00:Até 0,50;488;15.100;10.673;6.337;9.923;8.454;6.409;740;2;58.126;252;9.175;10.097;8.446;16.910;16.805;11.394;786;2;73.867;740;24.275;20.770;14.783;26.833;25.259;17.803;1.526;4;131.993
;01:0,51 a 1,00;724;70.866;231.319;137.765;183.217;119.901;76.342;7.422;10;827.566;342;43.230;188.053;133.274;223.009;172.836;92.125;5.252;25;858.146;1.066;114.096;419.372;271.039;406.226;292.737;168.467;12.674;35;1.685.712
;02:1,01 a 1,50;90;94.858;1.506.507;993.737;1.230.488;712.016;400.125;34.851;98;4.972.770;60;52.754;1.168.519;863.559;1.271.507;879.637;404.547;19.680;61;4.660.324;150;147.612;2.675.026;1.857.296;2.501.995;1.591.653;804.672;54.531;159;9.633.094
;03:1,51 a 2,00;17;19.845;972.746;798.794;1.102.662;677.562;365.339;26.992;41;3.963.998;12;10.838;583.237;510.330;738.168;506.935;239.675;11.241;22;2.600.458;29;30.683;1.555.983;1.309.124;1.840.830;1.184.497;605.014;38.233;63;6.564.456
;04:2,01 a 3,00;5;3.099;696.790;819.344;1.303.251;861.092;456.840;30.719;39;4.171.179;6;1.676;309.738;415.215;674.297;522.369;264.417;13.353;30;2.201.101;11;4.775;1.006.528;1.234.559;1.977.548;1.383.461;721.257;44.072;69;6.372.280
;05:3,01 a 4,00;0;302;203.624;362.343;699.304;491.793;250.055;15.972;22;2.023.415;0;178;88.675;183.647;346.161;300.243;158.543;8.578;16;1.086.041;0;480;292.299;545.990;1.045.465;792.036;408.598;24.550;38;3.109.456
;06:4,01 a 5,00;2;81;82.008;188.531;411.789;325.486;162.124;10.029;19;1.180.069;0;51;42.381;108.781;225.409;222.623;118.512;5.513;15;723.285;2;132;124.389;297.312;637.198;548.109;280.636;15.542;34;1.903.354
;07:5,01 a 7,00;2;50;60.846;174.974;412.639;394.014;193.828;11.744;6;1.248.103;1;36;32.121;106.602;241.707;270.092;147.515;6.269;4;804.347;3;86;92.967;281.576;654.346;664.106;341.343;18.013;10;2.052.450
;08:7,01 a 10,00;1;39;25.476;101.037;276.284;297.647;169.825;9.783;5;880.097;0;20;13.960;64.546;155.226;186.692;104.193;4.160;6;528.803;1;59;39.436;165.583;431.510;484.339;274.018;13.943;11;1.408.900
;09:10,01 a 15,00;0;23;11.070;62.938;178.102;215.833;124.268;7.586;5;599.825;0;5;4.429;34.201;102.423;127.714;63.480;2.683;3;334.938;0;28;15.499;97.139;280.525;343.547;187.748;10.269;8;934.763
;10:15,01 a 20,00;0;8;2.234;22.207;90.353;105.987;65.854;3.910;2;290.555;0;1;964;10.501;40.828;54.244;28.879;1.176;0;136.593;0;9;3.198;32.708;131.181;160.231;94.733;5.086;2;427.148
;11:Mais de 20,00;0;8;1.136;13.560;97.761;171.740;130.672;8.475;2;423.354;0;5;462;6.595;41.979;63.828;41.158;2.029;0;156.056;0;13;1.598;20.155;139.740;235.568;171.830;10.504;2;579.410
;{ñ class};22;571;12.737;18.672;56.146;70.298;60.640;7.390;12;226.488;7;250;6.033;10.530;32.422;41.907;32.527;2.064;5;125.745;29;821;18.770;29.202;88.568;112.205;93.167;9.454;17;352.233

Seleções vigentes
Variável;Critério;Valor
Ano;igual a;2006
Vínculo Ativo 31/12;igual a;Sim
